,Entity,Code,Year,"df1_Armed forces personnel, total",df2_Deaths of civilians in ongoing conflicts - Conflict type: all,df2_Deaths of unknown type in ongoing conflicts - Conflict type: all,df2_Deaths of combatants in ongoing conflicts - Conflict type: all,df3_Deaths in ongoing conflicts (best estimate) - Conflict type: all,df4_Military expenditure (% of GDP),df5_Territory under state control (central estimate),df6_Political regime,df7_Rigorous and impartial public administration (central estimate)
72,Afghanistan,AFG,1989,55000.0,303.0,4043.0,1065.0,5411.0,,57.833,0.0,-0.735
73,Afghanistan,AFG,1990,58000.0,101.0,689.0,724.0,1514.0,,53.333,0.0,-0.969
74,Afghanistan,AFG,1991,45000.0,49.0,1230.0,2274.0,3553.0,,53.333,0.0,-1.525
75,Afghanistan,AFG,1992,45000.0,1684.0,2495.0,187.0,4366.0,,39.0,0.0,-3.212
76,Afghanistan,AFG,1993,45000.0,637.0,2906.0,554.0,4097.0,,41.0,0.0,-3.601
77,Afghanistan,AFG,1994,45000.0,120.0,8456.0,479.0,9055.0,,41.0,0.0,-3.601
78,Afghanistan,AFG,1995,383000.0,185.0,3430.0,1995.0,5610.0,,54.0,0.0,-3.601
79,Afghanistan,AFG,1996,429000.0,478.0,2193.0,903.0,3574.0,,83.667,0.0,-1.804
80,Afghanistan,AFG,1997,429000.0,353.0,4376.0,1990.0,6719.0,,83.667,0.0,-1.589
81,Afghanistan,AFG,1998,400000.0,6341.0,3435.0,2382.0,12158.0,,83.667,0.0,-1.589
82,Afghanistan,AFG,1999,400000.0,583.0,3443.0,1039.0,5065.0,,83.667,0.0,-1.589
83,Afghanistan,AFG,2000,400000.0,635.0,2570.0,2182.0,5387.0,,85.0,0.0,-1.589
84,Afghanistan,AFG,2001,,915.0,2908.0,1730.0,5553.0,,85.0,0.0,-1.589
85,Afghanistan,AFG,2002,120000.0,160.0,298.0,678.0,1136.0,,73.833,0.0,-0.949
86,Afghanistan,AFG,2003,130000.0,53.0,160.0,716.0,929.0,,69.0,0.0,-0.949
87,Afghanistan,AFG,2004,27000.0,77.0,123.0,610.0,810.0,2.4312537,69.0,,-0.949
88,Afghanistan,AFG,2005,27000.0,198.0,40.0,1471.0,1709.0,1.9920657,69.0,1.0,-0.949
89,Afghanistan,AFG,2006,51000.0,478.0,262.0,4244.0,4984.0,1.896234,66.375,1.0,-0.949
90,Afghanistan,AFG,2007,51000.0,675.0,164.0,6182.0,7021.0,2.5662673,65.188,1.0,-0.949
91,Afghanistan,AFG,2008,94000.0,765.0,322.0,4573.0,5660.0,2.3355458,63.5,1.0,-0.895
92,Afghanistan,AFG,2009,255745.0,1095.0,263.0,5160.0,6518.0,2.0874126,63.062,1.0,-0.895
93,Afghanistan,AFG,2010,306800.0,1170.0,506.0,5514.0,7190.0,1.9458357,61.812,1.0,-0.895
94,Afghanistan,AFG,2011,340350.0,1024.0,828.0,5711.0,7563.0,1.8213454,61.688,1.0,-0.833
95,Afghanistan,AFG,2012,338150.0,908.0,463.0,6393.0,7764.0,1.1754161,62.938,1.0,-0.833
96,Afghanistan,AFG,2013,330650.0,929.0,213.0,6988.0,8130.0,1.0769497,60.867,1.0,-1.027
97,Afghanistan,AFG,2014,308800.0,874.0,267.0,11424.0,12565.0,1.2980129,59.933,1.0,-0.938
98,Afghanistan,AFG,2015,319400.0,899.0,981.0,16136.0,18016.0,0.99457586,56.533,1.0,-0.8
99,Afghanistan,AFG,2016,323000.0,1067.0,453.0,17471.0,18991.0,0.95677215,54.308,1.0,-1.06
100,Afghanistan,AFG,2017,323000.0,1052.0,396.0,18318.0,19766.0,0.9452267,52.192,1.0,-1.077
101,Afghanistan,AFG,2018,272900.0,1839.0,855.0,24155.0,26849.0,1.0067458,52.636,1.0,-1.077
102,Afghanistan,AFG,2019,278000.0,1756.0,293.0,28385.0,30434.0,1.1709684,50.3,1.0,-0.881
103,Afghanistan,AFG,2020,165000.0,1663.0,131.0,19042.0,20836.0,1.3588569,45.1,1.0,-0.607
104,Afghanistan,AFG,2021,,1748.0,286.0,34341.0,36375.0,1.8279338,83.1,0.0,-1.987
105,Afghanistan,AFG,2022,,719.0,74.0,784.0,1577.0,,88.25,0.0,-3.005
106,Afghanistan,AFG,2023,,125.0,37.0,183.0,345.0,,87.342,0.0,-3.005
107,Afghanistan,AFG,2024,,163.0,36.0,162.0,361.0,,84.5,0.0,-3.005
181,Albania,ALB,1989,,0.0,0.0,0.0,0.0,5.167613,99.75,0.0,-1.561
182,Albania,ALB,1990,,0.0,0.0,0.0,0.0,5.888301,98.0,0.0,-1.561
183,Albania,ALB,1991,,0.0,0.0,0.0,0.0,5.7912703,89.0,1.0,0.129
184,Albania,ALB,1992,65000.0,0.0,0.0,0.0,0.0,4.670888,89.0,1.0,0.129
185,Albania,ALB,1993,65000.0,0.0,0.0,0.0,0.0,3.199451,89.0,1.0,0.129
186,Albania,ALB,1994,65000.0,0.0,0.0,0.0,0.0,2.547819,89.0,1.0,0.129
187,Albania,ALB,1995,86500.0,0.0,0.0,0.0,0.0,2.0535874,89.0,1.0,0.129
188,Albania,ALB,1996,67500.0,0.0,0.0,0.0,0.0,1.3790296,89.0,1.0,0.129
189,Albania,ALB,1997,67500.0,0.0,0.0,0.0,0.0,1.2830808,70.0,1.0,0.129
190,Albania,ALB,1998,67500.0,0.0,0.0,0.0,0.0,1.2382425,91.5,1.0,0.129
191,Albania,ALB,1999,67500.0,2.0,0.0,24.0,26.0,1.2492101,94.75,1.0,0.129
192,Albania,ALB,2000,67500.0,0.0,0.0,0.0,0.0,1.2463602,94.75,1.0,0.129
193,Albania,ALB,2001,40500.0,0.0,0.0,0.0,0.0,1.3092914,94.75,1.0,0.652
194,Albania,ALB,2002,27000.0,0.0,0.0,0.0,0.0,1.3200345,94.75,1.0,0.652
195,Albania,ALB,2003,22000.0,0.0,0.0,0.0,0.0,1.336843,98.0,1.0,0.652
196,Albania,ALB,2004,21500.0,0.0,0.0,0.0,0.0,1.3811579,98.0,1.0,0.652
197,Albania,ALB,2005,22500.0,0.0,0.0,0.0,0.0,1.3500049,98.0,2.0,0.652
198,Albania,ALB,2006,11500.0,0.0,0.0,0.0,0.0,1.567769,98.0,2.0,0.652
199,Albania,ALB,2007,14500.0,0.0,0.0,0.0,0.0,1.8207655,98.0,2.0,0.652
200,Albania,ALB,2008,14500.0,0.0,0.0,0.0,0.0,1.984869,98.0,2.0,0.652
201,Albania,ALB,2009,14745.0,0.0,0.0,0.0,0.0,1.5172172,98.0,2.0,0.652
202,Albania,ALB,2010,14745.0,0.0,0.0,0.0,0.0,1.5585918,98.0,2.0,0.652
203,Albania,ALB,2011,14750.0,0.0,0.0,0.0,0.0,1.5282663,98.0,2.0,0.652
204,Albania,ALB,2012,14750.0,0.0,0.0,0.0,0.0,1.4870826,98.0,2.0,0.652
205,Albania,ALB,2013,8500.0,0.0,0.0,0.0,0.0,1.408982,97.0,2.0,0.76
206,Albania,ALB,2014,8500.0,0.0,0.0,0.0,0.0,1.346516,97.0,2.0,0.76
207,Albania,ALB,2015,8500.0,0.0,0.0,0.0,0.0,1.1623039,97.0,2.0,0.76
208,Albania,ALB,2016,8500.0,0.0,0.0,0.0,0.0,1.1035811,97.0,2.0,0.76
209,Albania,ALB,2017,9000.0,0.0,0.0,0.0,0.0,1.109151,95.143,2.0,0.76
210,Albania,ALB,2018,9000.0,0.0,0.0,0.0,0.0,1.1605448,95.857,2.0,0.708
211,Albania,ALB,2019,8000.0,0.0,0.0,0.0,0.0,1.280806,97.143,2.0,0.708
212,Albania,ALB,2020,8000.0,0.0,0.0,0.0,0.0,1.2958357,96.286,2.0,0.578
213,Albania,ALB,2021,,0.0,0.0,0.0,0.0,1.2429881,94.333,2.0,0.578
214,Albania,ALB,2022,,0.0,0.0,0.0,0.0,1.2087886,97.667,2.0,0.778
215,Albania,ALB,2023,,0.0,0.0,0.0,0.0,1.7407335,96.833,2.0,0.823
216,Albania,ALB,2024,,0.0,0.0,0.0,0.0,2.0378623,94.75,2.0,0.823
217,Algeria,DZA,1989,126000.0,0.0,0.0,0.0,0.0,1.5401238,74.0,0.0,-0.58
218,Algeria,DZA,1990,126000.0,0.0,0.0,0.0,0.0,1.4610705,74.0,0.0,-0.746
219,Algeria,DZA,1991,126000.0,1.0,1.0,32.0,34.0,1.210834,74.0,0.0,-0.746
220,Algeria,DZA,1992,126000.0,5.0,9.0,243.0,257.0,2.1401322,74.0,0.0,-0.746
221,Algeria,DZA,1993,126000.0,37.0,26.0,763.0,826.0,2.5056314,74.0,0.0,-0.746
222,Algeria,DZA,1994,126000.0,18.0,1.0,1897.0,1916.0,3.14643,74.0,0.0,-0.746
223,Algeria,DZA,1995,162900.0,15.0,78.0,2942.0,3035.0,2.9350271,74.0,,-0.746
224,Algeria,DZA,1996,164900.0,2.0,19.0,1063.0,1084.0,3.0940886,74.0,1.0,-0.746
225,Algeria,DZA,1997,270200.0,361.0,250.0,1397.0,2008.0,3.6374037,74.0,1.0,-0.746
226,Algeria,DZA,1998,268200.0,123.0,152.0,3006.0,3281.0,3.965674,74.0,1.0,-0.746
227,Algeria,DZA,1999,303200.0,143.0,7.0,1006.0,1156.0,3.75508,74.0,1.0,-0.685
228,Algeria,DZA,2000,305200.0,244.0,12.0,935.0,1191.0,3.433394,83.714,1.0,-0.685
229,Algeria,DZA,2001,305200.0,32.0,2.0,640.0,674.0,3.5204628,83.714,1.0,-0.685
230,Algeria,DZA,2002,317900.0,520.0,0.0,529.0,1049.0,3.4147196,83.714,1.0,-0.685
231,Algeria,DZA,2003,308700.0,48.0,34.0,622.0,704.0,3.0026245,83.714,1.0,-0.685
232,Algeria,DZA,2004,318000.0,92.0,10.0,382.0,484.0,3.048757,83.714,1.0,-0.685
233,Algeria,DZA,2005,319000.0,11.0,0.0,206.0,217.0,2.732286,83.714,1.0,-0.685
234,Algeria,DZA,2006,334000.0,46.0,6.0,240.0,292.0,2.513707,88.286,1.0,-0.685
235,Algeria,DZA,2007,334000.0,31.0,70.0,394.0,495.0,2.7693284,88.286,1.0,-0.685
236,Algeria,DZA,2008,334000.0,52.0,14.0,273.0,339.0,2.867406,88.286,1.0,-0.685
237,Algeria,DZA,2009,334200.0,48.0,2.0,491.0,541.0,3.5129602,88.286,1.0,-0.685
238,Algeria,DZA,2010,317200.0,10.0,1.0,225.0,236.0,3.1899817,88.286,1.0,-0.685
239,Algeria,DZA,2011,317200.0,17.0,5.0,248.0,270.0,3.9628825,88.286,1.0,-0.685
240,Algeria,DZA,2012,317200.0,15.0,2.0,239.0,256.0,4.1058984,91.0,1.0,-0.645
241,Algeria,DZA,2013,317200.0,27.0,27.0,143.0,197.0,4.423825,95.3,1.0,-0.645
242,Algeria,DZA,2014,317200.0,1.0,4.0,102.0,107.0,4.9648786,95.3,1.0,-0.645
243,Algeria,DZA,2015,317200.0,1.0,0.0,109.0,110.0,5.550742,95.3,1.0,-0.645
244,Algeria,DZA,2016,317200.0,0.0,0.0,85.0,85.0,5.652718,96.111,1.0,-0.085
245,Algeria,DZA,2017,317000.0,16.0,22.0,60.0,98.0,5.307115,95.25,1.0,-0.415
246,Algeria,DZA,2018,317000.0,0.0,1.0,32.0,33.0,4.929927,96.75,1.0,-0.456
247,Algeria,DZA,2019,317000.0,0.0,0.0,0.0,0.0,5.326958,97.0,1.0,-1.245
248,Algeria,DZA,2020,326000.0,0.0,0.0,26.0,26.0,5.8861485,97.333,1.0,-1.245
249,Algeria,DZA,2021,,0.0,0.0,0.0,0.0,4.890033,97.0,1.0,-1.245
250,Algeria,DZA,2022,,0.0,0.0,0.0,0.0,4.0574884,97.0,1.0,-0.81
251,Algeria,DZA,2023,,0.0,0.0,0.0,0.0,7.3903933,95.833,1.0,-0.81
252,Algeria,DZA,2024,,0.0,0.0,0.0,0.0,7.9714575,100.0,1.0,-0.81
290,Andorra,AND,1989,,0.0,0.0,0.0,0.0,,,,
291,Andorra,AND,1990,,0.0,0.0,0.0,0.0,,,,
292,Andorra,AND,1991,,0.0,0.0,0.0,0.0,,,,
293,Andorra,AND,1992,,0.0,0.0,0.0,0.0,,,,
294,Andorra,AND,1993,,0.0,0.0,0.0,0.0,,,,
295,Andorra,AND,1994,,0.0,0.0,0.0,0.0,,,,
296,Andorra,AND,1995,,0.0,0.0,0.0,0.0,,,,
297,Andorra,AND,1996,,0.0,0.0,0.0,0.0,,,,
298,Andorra,AND,1997,,0.0,0.0,0.0,0.0,,,,
299,Andorra,AND,1998,,0.0,0.0,0.0,0.0,,,,
300,Andorra,AND,1999,,0.0,0.0,0.0,0.0,,,,
301,Andorra,AND,2000,,0.0,0.0,0.0,0.0,,,,
302,Andorra,AND,2001,,0.0,0.0,0.0,0.0,,,,
303,Andorra,AND,2002,,0.0,0.0,0.0,0.0,,,,
304,Andorra,AND,2003,,0.0,0.0,0.0,0.0,,,,
305,Andorra,AND,2004,,0.0,0.0,0.0,0.0,,,,
306,Andorra,AND,2005,,0.0,0.0,0.0,0.0,,,,
307,Andorra,AND,2006,,0.0,0.0,0.0,0.0,,,,
308,Andorra,AND,2007,,0.0,0.0,0.0,0.0,,,,
309,Andorra,AND,2008,,0.0,0.0,0.0,0.0,,,,
310,Andorra,AND,2009,,0.0,0.0,0.0,0.0,,,,
311,Andorra,AND,2010,,0.0,0.0,0.0,0.0,,,,
312,Andorra,AND,2011,,0.0,0.0,0.0,0.0,,,,
313,Andorra,AND,2012,,0.0,0.0,0.0,0.0,,,,
314,Andorra,AND,2013,,0.0,0.0,0.0,0.0,,,,
315,Andorra,AND,2014,,0.0,0.0,0.0,0.0,,,,
316,Andorra,AND,2015,,0.0,0.0,0.0,0.0,,,,
317,Andorra,AND,2016,,0.0,0.0,0.0,0.0,,,,
318,Andorra,AND,2017,,0.0,0.0,0.0,0.0,,,,
319,Andorra,AND,2018,,0.0,0.0,0.0,0.0,,,,
320,Andorra,AND,2019,,0.0,0.0,0.0,0.0,,,,
321,Andorra,AND,2020,,0.0,0.0,0.0,0.0,,,,
322,Andorra,AND,2021,,0.0,0.0,0.0,0.0,,,,
323,Andorra,AND,2022,,0.0,0.0,0.0,0.0,,,,
324,Andorra,AND,2023,,0.0,0.0,0.0,0.0,,,,
325,Andorra,AND,2024,,0.0,0.0,0.0,0.0,,,,
326,Angola,AGO,1989,107000.0,297.0,142.0,2434.0,2873.0,19.432333,60.0,0.0,-1.783
327,Angola,AGO,1990,115000.0,191.0,999.0,1419.0,2609.0,17.463667,60.0,0.0,-1.274
328,Angola,AGO,1991,150000.0,212.0,105.0,199.0,516.0,7.1025,60.0,0.0,-0.909
329,Angola,AGO,1992,128000.0,26.0,2280.0,40.0,2346.0,5.6828303,60.0,0.0,-0.909
330,Angola,AGO,1993,128000.0,760.0,9966.0,1671.0,12397.0,17.522589,56.667,0.0,-1.061
331,Angola,AGO,1994,120000.0,304.0,2710.0,995.0,4009.0,5.709281,56.667,0.0,-1.061
332,Angola,AGO,1995,122000.0,56.0,101.0,77.0,234.0,4.7073927,56.667,0.0,-1.061
333,Angola,AGO,1996,106400.0,0.0,23.0,6.0,29.0,2.4478483,63.333,0.0,-1.061
334,Angola,AGO,1997,125500.0,23.0,45.0,6.0,74.0,5.972268,63.333,0.0,-1.061
335,Angola,AGO,1998,129000.0,214.0,791.0,165.0,1170.0,2.642012,63.333,0.0,-1.061
336,Angola,AGO,1999,127500.0,464.0,1419.0,782.0,2665.0,17.334692,66.667,0.0,-1.061
337,Angola,AGO,2000,117500.0,257.0,774.0,171.0,1202.0,6.3926034,73.75,0.0,-1.061
338,Angola,AGO,2001,145500.0,1042.0,609.0,505.0,2156.0,4.524354,73.75,0.0,-1.061
339,Angola,AGO,2002,110000.0,85.0,100.0,382.0,567.0,2.8699324,73.75,0.0,-1.061
340,Angola,AGO,2003,130000.0,18.0,3.0,22.0,43.0,3.7614794,89.4,0.0,-1.05
341,Angola,AGO,2004,118000.0,0.0,16.0,9.0,25.0,3.47118,89.4,0.0,-1.05
342,Angola,AGO,2005,118000.0,0.0,0.0,0.0,0.0,3.692241,89.4,0.0,-1.05
343,Angola,AGO,2006,110000.0,0.0,0.0,0.0,0.0,3.7614954,89.7,0.0,-1.05
344,Angola,AGO,2007,117000.0,0.0,25.0,0.0,25.0,3.1140544,89.7,0.0,-1.05
345,Angola,AGO,2008,117000.0,0.0,0.0,0.0,0.0,3.5731204,89.7,0.0,-1.05
346,Angola,AGO,2009,117000.0,0.0,24.0,1.0,25.0,4.70961,89.7,0.0,-1.05
347,Angola,AGO,2010,117000.0,0.0,0.0,0.0,0.0,4.1775846,91.4,1.0,-0.955
348,Angola,AGO,2011,117000.0,0.0,0.0,0.0,0.0,3.2556605,91.4,1.0,-0.955
349,Angola,AGO,2012,117000.0,0.0,0.0,0.0,0.0,3.2366595,91.4,1.0,-0.955
350,Angola,AGO,2013,117000.0,0.0,0.0,0.0,0.0,4.4552393,93.0,1.0,-1.118
351,Angola,AGO,2014,117000.0,0.0,0.0,0.0,0.0,4.6984544,93.375,1.0,-1.118
352,Angola,AGO,2015,117000.0,0.0,0.0,0.0,0.0,3.1054263,93.375,1.0,-1.118
353,Angola,AGO,2016,117000.0,0.0,16.0,7.0,23.0,2.733335,93.375,1.0,-1.118
354,Angola,AGO,2017,117000.0,0.0,9.0,16.0,25.0,2.5079827,93.375,1.0,-0.251
355,Angola,AGO,2018,117000.0,0.0,0.0,0.0,0.0,1.9557867,91.875,1.0,-0.065
356,Angola,AGO,2019,117000.0,0.0,15.0,10.0,25.0,1.7679144,91.875,1.0,-0.091
357,Angola,AGO,2020,117000.0,0.0,14.0,7.0,21.0,1.8104292,91.875,1.0,-0.091
358,Angola,AGO,2021,,0.0,0.0,0.0,0.0,1.3932226,91.875,1.0,0.057
359,Angola,AGO,2022,,0.0,19.0,1.0,20.0,1.4101636,97.2,1.0,0.057
360,Angola,AGO,2023,,0.0,0.0,0.0,0.0,1.4072554,97.2,1.0,0.259
361,Angola,AGO,2024,,2.0,15.0,8.0,25.0,1.0004921,97.2,1.0,0.407
363,Antigua and Barbuda,ATG,1989,,0.0,0.0,0.0,0.0,,,,
364,Antigua and Barbuda,ATG,1990,,0.0,0.0,0.0,0.0,,,,
365,Antigua and Barbuda,ATG,1991,,0.0,0.0,0.0,0.0,,,,
366,Antigua and Barbuda,ATG,1992,,0.0,0.0,0.0,0.0,,,,
367,Antigua and Barbuda,ATG,1993,,0.0,0.0,0.0,0.0,,,,
368,Antigua and Barbuda,ATG,1994,,0.0,0.0,0.0,0.0,,,,
369,Antigua and Barbuda,ATG,1995,200.0,0.0,0.0,0.0,0.0,,,,
370,Antigua and Barbuda,ATG,1996,200.0,0.0,0.0,0.0,0.0,,,,
371,Antigua and Barbuda,ATG,1997,150.0,0.0,0.0,0.0,0.0,,,,
372,Antigua and Barbuda,ATG,1998,150.0,0.0,0.0,0.0,0.0,,,,
373,Antigua and Barbuda,ATG,1999,200.0,0.0,0.0,0.0,0.0,,,,
374,Antigua and Barbuda,ATG,2000,200.0,0.0,0.0,0.0,0.0,,,,
375,Antigua and Barbuda,ATG,2001,200.0,0.0,0.0,0.0,0.0,,,,
376,Antigua and Barbuda,ATG,2002,200.0,0.0,0.0,0.0,0.0,,,,
377,Antigua and Barbuda,ATG,2003,200.0,0.0,0.0,0.0,0.0,,,,
378,Antigua and Barbuda,ATG,2004,170.0,0.0,0.0,0.0,0.0,,,,
379,Antigua and Barbuda,ATG,2005,170.0,0.0,0.0,0.0,0.0,,,,
380,Antigua and Barbuda,ATG,2006,170.0,0.0,0.0,0.0,0.0,,,,
381,Antigua and Barbuda,ATG,2007,170.0,0.0,0.0,0.0,0.0,,,,
382,Antigua and Barbuda,ATG,2008,,0.0,0.0,0.0,0.0,,,,
383,Antigua and Barbuda,ATG,2009,170.0,0.0,0.0,0.0,0.0,,,,
384,Antigua and Barbuda,ATG,2010,170.0,0.0,0.0,0.0,0.0,,,,
385,Antigua and Barbuda,ATG,2011,180.0,0.0,0.0,0.0,0.0,,,,
386,Antigua and Barbuda,ATG,2012,180.0,0.0,0.0,0.0,0.0,,,,
387,Antigua and Barbuda,ATG,2013,180.0,0.0,0.0,0.0,0.0,,,,
388,Antigua and Barbuda,ATG,2014,180.0,0.0,0.0,0.0,0.0,,,,
389,Antigua and Barbuda,ATG,2015,180.0,0.0,0.0,0.0,0.0,,,,
390,Antigua and Barbuda,ATG,2016,180.0,0.0,0.0,0.0,0.0,,,,
391,Antigua and Barbuda,ATG,2017,0.0,0.0,0.0,0.0,0.0,,,,
392,Antigua and Barbuda,ATG,2018,0.0,0.0,0.0,0.0,0.0,,,,
393,Antigua and Barbuda,ATG,2019,0.0,0.0,0.0,0.0,0.0,,,,
394,Antigua and Barbuda,ATG,2020,0.0,0.0,0.0,0.0,0.0,,,,
395,Antigua and Barbuda,ATG,2021,,0.0,0.0,0.0,0.0,,,,
396,Antigua and Barbuda,ATG,2022,,0.0,0.0,0.0,0.0,,,,
397,Antigua and Barbuda,ATG,2023,,0.0,0.0,0.0,0.0,,,,
398,Antigua and Barbuda,ATG,2024,,0.0,0.0,0.0,0.0,,,,
399,Argentina,ARG,1989,95000.0,0.0,0.0,0.0,0.0,1.8803656,97.462,2.0,1.278
400,Argentina,ARG,1990,85000.0,0.0,0.0,0.0,0.0,1.4509093,97.462,2.0,0.82
401,Argentina,ARG,1991,70000.0,0.0,0.0,0.0,0.0,1.5069265,97.462,2.0,0.82
402,Argentina,ARG,1992,65000.0,0.0,0.0,0.0,0.0,1.4212223,97.462,2.0,1.455
403,Argentina,ARG,1993,65000.0,0.0,0.0,0.0,0.0,1.4228029,97.462,2.0,1.455
404,Argentina,ARG,1994,69000.0,86.0,0.0,0.0,86.0,1.4570385,97.462,2.0,1.455
405,Argentina,ARG,1995,98500.0,0.0,0.0,0.0,0.0,1.4730731,97.462,2.0,1.455
406,Argentina,ARG,1996,103700.0,0.0,0.0,0.0,0.0,1.2412273,97.462,2.0,1.455
407,Argentina,ARG,1997,104240.0,0.0,0.0,0.0,0.0,1.1401391,97.462,2.0,1.455
408,Argentina,ARG,1998,104240.0,0.0,0.0,0.0,0.0,1.1363181,97.462,2.0,1.455
409,Argentina,ARG,1999,101740.0,0.0,0.0,0.0,0.0,1.2203596,97.462,2.0,1.455
410,Argentina,ARG,2000,102300.0,0.0,0.0,0.0,0.0,1.1488227,97.462,2.0,1.455
411,Argentina,ARG,2001,101300.0,0.0,0.0,0.0,0.0,1.1842335,97.462,2.0,1.455
412,Argentina,ARG,2002,101100.0,0.0,0.0,0.0,0.0,1.0918804,97.462,2.0,1.455
413,Argentina,ARG,2003,102600.0,0.0,0.0,0.0,0.0,1.0608951,97.462,2.0,0.862
414,Argentina,ARG,2004,102000.0,0.0,0.0,0.0,0.0,0.8832954,97.462,2.0,0.862
415,Argentina,ARG,2005,102000.0,0.0,0.0,0.0,0.0,0.84715474,97.462,2.0,0.862
416,Argentina,ARG,2006,107000.0,0.0,0.0,0.0,0.0,0.7882339,97.462,2.0,0.862
417,Argentina,ARG,2007,107000.0,0.0,0.0,0.0,0.0,0.7925482,97.462,2.0,0.862
418,Argentina,ARG,2008,107000.0,0.0,0.0,0.0,0.0,0.76275647,97.462,2.0,0.862
419,Argentina,ARG,2009,104340.0,0.0,0.0,0.0,0.0,0.8865085,97.462,2.0,0.862
420,Argentina,ARG,2010,104340.0,0.0,0.0,0.0,0.0,0.8148781,97.462,2.0,0.862
421,Argentina,ARG,2011,104350.0,0.0,0.0,0.0,0.0,0.76428705,97.462,2.0,0.862
422,Argentina,ARG,2012,104350.0,0.0,0.0,0.0,0.0,0.78482467,97.462,2.0,0.862
423,Argentina,ARG,2013,105650.0,0.0,0.0,0.0,0.0,0.83773637,97.462,2.0,0.853
424,Argentina,ARG,2014,105650.0,0.0,0.0,0.0,0.0,0.87810093,97.462,2.0,0.853
425,Argentina,ARG,2015,105450.0,0.0,0.0,0.0,0.0,0.8501286,97.462,2.0,0.825
426,Argentina,ARG,2016,105450.0,0.0,0.0,0.0,0.0,0.80924535,97.462,2.0,0.948
427,Argentina,ARG,2017,105000.0,0.0,0.0,0.0,0.0,0.84775484,96.909,2.0,0.948
428,Argentina,ARG,2018,105200.0,0.0,0.0,0.0,0.0,0.73230034,96.778,2.0,0.887
429,Argentina,ARG,2019,103000.0,0.0,0.0,0.0,0.0,0.6996961,97.5,2.0,0.887
430,Argentina,ARG,2020,103000.0,0.0,0.0,0.0,0.0,0.73411155,99.167,2.0,1.116
431,Argentina,ARG,2021,,0.0,0.0,0.0,0.0,0.6317886,98.8,2.0,1.116
432,Argentina,ARG,2022,,0.0,0.0,0.0,0.0,0.6845864,99.0,2.0,1.266
433,Argentina,ARG,2023,,0.0,0.0,0.0,0.0,0.75569415,99.0,2.0,1.063
434,Argentina,ARG,2024,,0.0,0.0,0.0,0.0,0.6183504,100.0,2.0,1.122
435,Armenia,ARM,1989,,0.0,0.0,0.0,0.0,,100.0,0.0,-1.039
436,Armenia,ARM,1990,,0.0,0.0,22.0,22.0,,,2.0,0.433
437,Armenia,ARM,1991,,1.0,0.0,11.0,12.0,,95.677,2.0,0.274
438,Armenia,ARM,1992,20000.0,44.0,15.0,48.0,107.0,2.20339,100.0,2.0,0.124
439,Armenia,ARM,1993,21000.0,17.0,17.0,10.0,44.0,2.2966442,100.0,2.0,0.124
440,Armenia,ARM,1994,45000.0,0.0,0.0,30.0,30.0,,100.0,2.0,0.124
441,Armenia,ARM,1995,61000.0,0.0,0.0,0.0,0.0,4.059312,100.0,1.0,0.124
442,Armenia,ARM,1996,58400.0,0.0,0.0,0.0,0.0,3.281867,100.0,1.0,-0.273
443,Armenia,ARM,1997,61000.0,0.0,0.0,0.0,0.0,3.9093986,100.0,1.0,-0.273
444,Armenia,ARM,1998,54400.0,0.0,0.0,0.0,0.0,3.5280962,100.0,1.0,-0.273
445,Armenia,ARM,1999,54400.0,0.0,0.0,0.0,0.0,3.697374,100.0,1.0,-0.529
446,Armenia,ARM,2000,42300.0,0.0,0.0,0.0,0.0,3.560025,100.0,1.0,-0.671
447,Armenia,ARM,2001,43000.0,0.0,0.0,0.0,0.0,3.1272492,100.0,1.0,-0.671
448,Armenia,ARM,2002,45600.0,0.0,0.0,0.0,0.0,2.6977148,100.0,1.0,-0.312
449,Armenia,ARM,2003,45600.0,0.0,0.0,0.0,0.0,2.7283723,100.0,1.0,-0.312
450,Armenia,ARM,2004,49000.0,0.0,0.0,0.0,0.0,2.7419968,100.0,1.0,-0.312
451,Armenia,ARM,2005,49000.0,0.0,0.0,1.0,1.0,2.8719313,100.0,1.0,-0.312
452,Armenia,ARM,2006,47000.0,0.0,0.0,0.0,0.0,2.9476132,100.0,1.0,-0.312
453,Armenia,ARM,2007,42000.0,0.0,0.0,0.0,0.0,3.042575,100.0,1.0,-0.312
454,Armenia,ARM,2008,42000.0,0.0,0.0,0.0,0.0,3.3955793,100.0,1.0,-0.312
455,Armenia,ARM,2009,55570.0,0.0,0.0,0.0,0.0,4.15705,100.0,1.0,-0.312
456,Armenia,ARM,2010,55528.0,0.0,0.0,0.0,0.0,4.265646,100.0,1.0,-0.134
457,Armenia,ARM,2011,55544.0,0.0,0.0,0.0,0.0,3.8539464,100.0,1.0,-0.134
458,Armenia,ARM,2012,49100.0,0.0,0.0,9.0,9.0,3.583767,100.0,1.0,-0.134
459,Armenia,ARM,2013,49100.0,0.0,0.0,0.0,0.0,3.9972446,100.0,1.0,-0.193
460,Armenia,ARM,2014,49100.0,0.0,0.0,0.0,0.0,3.9433782,100.0,1.0,-0.132
461,Armenia,ARM,2015,49100.0,5.0,0.0,4.0,9.0,4.239226,100.0,1.0,-0.132
462,Armenia,ARM,2016,49100.0,0.0,0.0,4.0,4.0,4.090349,100.0,1.0,-0.132
463,Armenia,ARM,2017,49000.0,0.0,0.0,0.0,0.0,3.8497307,100.0,1.0,-0.251
464,Armenia,ARM,2018,48800.0,0.0,0.0,0.0,0.0,4.119886,100.0,2.0,0.949
465,Armenia,ARM,2019,49000.0,0.0,0.0,0.0,0.0,4.787706,100.0,2.0,1.246
466,Armenia,ARM,2020,47000.0,5.0,2.0,3.0,10.0,4.982544,97.714,2.0,0.975
467,Armenia,ARM,2021,,0.0,0.0,10.0,10.0,4.465145,96.571,2.0,0.793
468,Armenia,ARM,2022,,2.0,0.0,152.0,154.0,4.0817456,95.0,2.0,0.793
469,Armenia,ARM,2023,,0.0,0.0,20.0,20.0,5.5062985,94.4,2.0,0.578
470,Armenia,ARM,2024,,0.0,0.0,0.0,0.0,5.481749,96.5,2.0,0.578
580,Australia,AUS,1989,70000.0,0.0,0.0,0.0,0.0,2.04853,95.714,3.0,3.613
581,Australia,AUS,1990,68000.0,0.0,0.0,0.0,0.0,2.0763376,95.714,3.0,3.613
582,Australia,AUS,1991,68000.0,0.0,0.0,0.0,0.0,2.1639895,95.714,3.0,3.613
583,Australia,AUS,1992,68000.0,0.0,0.0,0.0,0.0,2.1677127,95.714,3.0,3.613
584,Australia,AUS,1993,68000.0,0.0,0.0,0.0,0.0,2.175446,95.714,3.0,3.613
585,Australia,AUS,1994,65000.0,0.0,0.0,0.0,0.0,2.1137745,95.714,3.0,3.613
586,Australia,AUS,1995,57100.0,0.0,0.0,0.0,0.0,2.0196347,95.714,3.0,3.613
587,Australia,AUS,1996,58800.0,0.0,0.0,0.0,0.0,1.9297256,95.714,3.0,3.613
588,Australia,AUS,1997,58400.0,0.0,0.0,0.0,0.0,1.8648597,95.714,3.0,3.613
589,Australia,AUS,1998,58400.0,0.0,0.0,0.0,0.0,1.8688872,95.714,3.0,3.613
590,Australia,AUS,1999,56200.0,0.0,0.0,0.0,0.0,1.8873618,95.714,3.0,3.613
591,Australia,AUS,2000,51600.0,0.0,0.0,0.0,0.0,1.8244056,95.714,3.0,3.613
592,Australia,AUS,2001,51700.0,0.0,0.0,0.0,0.0,1.8629763,95.714,3.0,3.613
593,Australia,AUS,2002,50900.0,0.0,0.0,0.0,0.0,1.8680315,95.714,3.0,3.613
594,Australia,AUS,2003,53600.0,0.0,0.0,0.0,0.0,1.8425359,95.714,3.0,3.613
595,Australia,AUS,2004,52000.0,0.0,0.0,0.0,0.0,1.8220806,95.714,3.0,3.613
596,Australia,AUS,2005,53000.0,0.0,0.0,0.0,0.0,1.7962877,95.714,3.0,3.613
597,Australia,AUS,2006,51000.0,0.0,0.0,0.0,0.0,1.8177308,95.714,3.0,3.613
598,Australia,AUS,2007,55000.0,0.0,0.0,0.0,0.0,1.811276,95.714,3.0,3.613
599,Australia,AUS,2008,55000.0,0.0,0.0,0.0,0.0,1.7961969,95.714,3.0,3.613
600,Australia,AUS,2009,56552.0,0.0,0.0,0.0,0.0,1.9236552,95.714,3.0,3.613
601,Australia,AUS,2010,56552.0,0.0,0.0,0.0,0.0,1.8525988,95.714,3.0,3.388
602,Australia,AUS,2011,57050.0,0.0,0.0,0.0,0.0,1.7552661,95.714,3.0,3.388
603,Australia,AUS,2012,56200.0,0.0,0.0,0.0,0.0,1.6702816,95.714,3.0,3.388
604,Australia,AUS,2013,56750.0,0.0,0.0,0.0,0.0,1.6381966,94.75,3.0,3.388
605,Australia,AUS,2014,56750.0,0.0,0.0,0.0,0.0,1.7724173,94.75,3.0,3.388
606,Australia,AUS,2015,57800.0,0.0,0.0,0.0,0.0,1.9523263,94.75,3.0,3.03
607,Australia,AUS,2016,57800.0,0.0,0.0,0.0,0.0,2.0896215,94.75,3.0,3.377
608,Australia,AUS,2017,58000.0,0.0,0.0,0.0,0.0,2.0050952,94.75,3.0,3.377
609,Australia,AUS,2018,58100.0,1.0,0.0,1.0,2.0,1.8956201,94.75,3.0,3.377
610,Australia,AUS,2019,59000.0,0.0,0.0,0.0,0.0,1.8800024,92.375,3.0,3.377
611,Australia,AUS,2020,60000.0,0.0,0.0,0.0,0.0,2.0073862,92.25,3.0,3.377
612,Australia,AUS,2021,,0.0,0.0,0.0,0.0,1.9784769,92.125,3.0,3.377
613,Australia,AUS,2022,,0.0,0.0,0.0,0.0,1.8832971,91.429,3.0,3.377
614,Australia,AUS,2023,,0.0,0.0,0.0,0.0,1.8615713,91.429,3.0,3.377
615,Australia,AUS,2024,,0.0,0.0,0.0,0.0,1.8837883,91.429,3.0,3.377
616,Austria,AUT,1989,48000.0,0.0,0.0,0.0,0.0,1.2341549,99.929,3.0,2.634
617,Austria,AUT,1990,43000.0,0.0,0.0,0.0,0.0,1.1956602,99.929,3.0,2.634
618,Austria,AUT,1991,44000.0,0.0,0.0,0.0,0.0,1.1542171,99.929,3.0,2.634
619,Austria,AUT,1992,44000.0,0.0,0.0,0.0,0.0,1.0992141,99.929,3.0,2.634
620,Austria,AUT,1993,45000.0,0.0,0.0,0.0,0.0,1.1155846,99.929,3.0,2.634
621,Austria,AUT,1994,45000.0,0.0,0.0,0.0,0.0,1.0944531,99.929,3.0,2.634
622,Austria,AUT,1995,55800.0,0.0,0.0,0.0,0.0,1.073232,99.929,3.0,2.634
623,Austria,AUT,1996,55800.0,0.0,0.0,0.0,0.0,1.049683,99.929,3.0,2.634
624,Austria,AUT,1997,45500.0,0.0,0.0,0.0,0.0,1.0464339,99.929,3.0,2.634
625,Austria,AUT,1998,45500.0,0.0,0.0,0.0,0.0,1.0180728,99.929,3.0,2.634
626,Austria,AUT,1999,40500.0,0.0,0.0,0.0,0.0,0.9802462,99.929,3.0,2.634
627,Austria,AUT,2000,40500.0,0.0,0.0,0.0,0.0,0.9839609,99.929,3.0,2.634
628,Austria,AUT,2001,34600.0,0.0,0.0,0.0,0.0,0.9112321,99.929,3.0,2.634
629,Austria,AUT,2002,34600.0,0.0,0.0,0.0,0.0,0.8882973,99.929,3.0,2.634
630,Austria,AUT,2003,34600.0,0.0,0.0,0.0,0.0,0.9154519,99.929,3.0,2.634
631,Austria,AUT,2004,39000.0,0.0,0.0,0.0,0.0,0.8970585,99.929,3.0,2.634
632,Austria,AUT,2005,40000.0,0.0,0.0,0.0,0.0,0.8559373,99.929,3.0,2.634
633,Austria,AUT,2006,40000.0,0.0,0.0,0.0,0.0,0.7914004,99.929,3.0,2.634
634,Austria,AUT,2007,35000.0,0.0,0.0,0.0,0.0,0.90610397,99.929,3.0,2.634
635,Austria,AUT,2008,35000.0,0.0,0.0,0.0,0.0,0.87642056,99.929,3.0,2.634
636,Austria,AUT,2009,25900.0,0.0,0.0,0.0,0.0,0.8385319,99.929,3.0,2.634
637,Austria,AUT,2010,25758.0,0.0,0.0,0.0,0.0,0.8263884,99.929,3.0,2.634
638,Austria,AUT,2011,23250.0,0.0,0.0,0.0,0.0,0.79593194,99.929,3.0,2.634
639,Austria,AUT,2012,22800.0,0.0,0.0,0.0,0.0,0.7835385,99.929,3.0,2.634
640,Austria,AUT,2013,22500.0,0.0,0.0,0.0,0.0,0.7571802,100.0,3.0,2.634
641,Austria,AUT,2014,22500.0,0.0,0.0,0.0,0.0,0.7546496,100.0,3.0,2.634
642,Austria,AUT,2015,21350.0,0.0,0.0,0.0,0.0,0.7025769,100.0,3.0,2.634
643,Austria,AUT,2016,22400.0,0.0,0.0,0.0,0.0,0.7337229,100.0,3.0,2.634
644,Austria,AUT,2017,21000.0,0.0,0.0,0.0,0.0,0.76154065,100.0,3.0,2.634
645,Austria,AUT,2018,22850.0,0.0,0.0,0.0,0.0,0.74899346,100.0,3.0,2.046
646,Austria,AUT,2019,22000.0,0.0,0.0,0.0,0.0,0.7531334,100.0,3.0,2.046
647,Austria,AUT,2020,23000.0,4.0,0.0,0.0,4.0,0.8858116,100.0,3.0,2.808
648,Austria,AUT,2021,,0.0,0.0,0.0,0.0,0.8735155,100.0,2.0,2.616
649,Austria,AUT,2022,,0.0,0.0,0.0,0.0,0.766706,100.0,2.0,1.79
650,Austria,AUT,2023,,0.0,0.0,0.0,0.0,0.87082994,99.875,2.0,1.79
651,Austria,AUT,2024,,0.0,0.0,0.0,0.0,0.9998431,99.833,2.0,1.773
653,Azerbaijan,AZE,1989,,0.0,42.0,0.0,42.0,,100.0,0.0,-1.039
654,Azerbaijan,AZE,1990,,5.0,161.0,31.0,197.0,,,0.0,-0.3
655,Azerbaijan,AZE,1991,,6.0,200.0,52.0,258.0,,98.333,1.0,-0.3
656,Azerbaijan,AZE,1992,43000.0,920.0,1230.0,684.0,2834.0,2.4002256,92.667,1.0,0.2
657,Azerbaijan,AZE,1993,45000.0,56.0,647.0,484.0,1187.0,5.000468,83.538,1.0,0.2
658,Azerbaijan,AZE,1994,50000.0,10.0,39.0,1428.0,1477.0,1.9465845,83.538,1.0,-1.076
659,Azerbaijan,AZE,1995,126700.0,6.0,2.0,36.0,44.0,2.7369013,83.538,1.0,-1.076
660,Azerbaijan,AZE,1996,110700.0,0.0,0.0,0.0,0.0,2.2542303,83.538,1.0,-1.076
661,Azerbaijan,AZE,1997,106700.0,0.0,0.0,29.0,29.0,2.3240497,83.538,1.0,-1.076
662,Azerbaijan,AZE,1998,87150.0,0.0,0.0,34.0,34.0,2.412356,83.538,1.0,-1.076
663,Azerbaijan,AZE,1999,84900.0,0.0,0.0,0.0,0.0,2.62511,83.538,1.0,-1.076
664,Azerbaijan,AZE,2000,87100.0,0.0,0.0,0.0,0.0,2.267862,83.538,1.0,-1.076
665,Azerbaijan,AZE,2001,87100.0,0.0,0.0,0.0,0.0,2.3120627,83.538,1.0,-1.076
666,Azerbaijan,AZE,2002,87100.0,0.0,0.0,0.0,0.0,2.2433138,83.538,1.0,-1.076
667,Azerbaijan,AZE,2003,81500.0,0.0,0.0,0.0,0.0,2.4263625,83.538,1.0,-1.076
668,Azerbaijan,AZE,2004,81000.0,0.0,0.0,0.0,0.0,2.629481,83.538,1.0,-1.076
669,Azerbaijan,AZE,2005,82000.0,0.0,0.0,24.0,24.0,2.2990696,83.538,1.0,-1.076
670,Azerbaijan,AZE,2006,82000.0,0.0,0.0,0.0,0.0,3.4177594,83.538,1.0,-1.076
671,Azerbaijan,AZE,2007,82000.0,0.0,0.0,0.0,0.0,2.8641949,83.538,1.0,-1.076
672,Azerbaijan,AZE,2008,82000.0,0.0,14.0,16.0,30.0,3.2912114,83.538,1.0,-1.076
673,Azerbaijan,AZE,2009,81940.0,0.0,0.0,0.0,0.0,3.3254218,83.538,1.0,-1.076
674,Azerbaijan,AZE,2010,81940.0,0.0,0.0,0.0,0.0,2.7910044,83.538,1.0,-1.251
675,Azerbaijan,AZE,2011,81950.0,0.0,0.0,0.0,0.0,4.6701355,83.692,1.0,-1.251
676,Azerbaijan,AZE,2012,81950.0,0.0,0.0,16.0,16.0,4.658618,83.615,1.0,-1.251
677,Azerbaijan,AZE,2013,81950.0,0.0,0.0,0.0,0.0,4.540923,81.636,1.0,-1.1
678,Azerbaijan,AZE,2014,81950.0,0.0,0.0,46.0,46.0,4.555013,81.636,1.0,-1.1
679,Azerbaijan,AZE,2015,81950.0,0.0,2.0,61.0,63.0,5.4648767,81.636,1.0,-1.1
680,Azerbaijan,AZE,2016,81950.0,10.0,41.0,86.0,137.0,3.6885273,81.818,1.0,-1.09
681,Azerbaijan,AZE,2017,82000.0,2.0,0.0,34.0,36.0,3.7563019,83.3,1.0,-1.052
682,Azerbaijan,AZE,2018,81950.0,0.0,0.0,0.0,0.0,3.5492935,82.0,1.0,-1.222
683,Azerbaijan,AZE,2019,82000.0,0.0,0.0,0.0,0.0,3.8490188,81.9,1.0,-1.178
684,Azerbaijan,AZE,2020,82000.0,142.0,0.0,7494.0,7636.0,5.241526,91.6,1.0,-1.166
685,Azerbaijan,AZE,2021,,12.0,0.0,18.0,30.0,4.9305177,92.7,1.0,-1.272
686,Azerbaijan,AZE,2022,,3.0,0.0,151.0,154.0,3.79537,93.111,1.0,-1.134
687,Azerbaijan,AZE,2023,,31.0,6.0,405.0,442.0,4.9224143,99.444,1.0,-0.918
688,Azerbaijan,AZE,2024,,0.0,0.0,0.0,0.0,4.9929237,98.667,1.0,-0.991
689,Bahamas,BHS,1989,,0.0,0.0,0.0,0.0,,,,
690,Bahamas,BHS,1990,,0.0,0.0,0.0,0.0,,,,
691,Bahamas,BHS,1991,,0.0,0.0,0.0,0.0,,,,
692,Bahamas,BHS,1992,,0.0,0.0,0.0,0.0,,,,
693,Bahamas,BHS,1993,,0.0,0.0,0.0,0.0,,,,
694,Bahamas,BHS,1994,,0.0,0.0,0.0,0.0,,,,
695,Bahamas,BHS,1995,2100.0,0.0,0.0,0.0,0.0,,,,
696,Bahamas,BHS,1996,3200.0,0.0,0.0,0.0,0.0,,,,
697,Bahamas,BHS,1997,3160.0,0.0,0.0,0.0,0.0,,,,
698,Bahamas,BHS,1998,3160.0,0.0,0.0,0.0,0.0,,,,
699,Bahamas,BHS,1999,3200.0,0.0,0.0,0.0,0.0,,,,
700,Bahamas,BHS,2000,3200.0,0.0,0.0,0.0,0.0,,,,
701,Bahamas,BHS,2001,3200.0,0.0,0.0,0.0,0.0,,,,
702,Bahamas,BHS,2002,900.0,0.0,0.0,0.0,0.0,,,,
703,Bahamas,BHS,2003,900.0,0.0,0.0,0.0,0.0,,,,
704,Bahamas,BHS,2004,860.0,0.0,0.0,0.0,0.0,,,,
705,Bahamas,BHS,2005,860.0,0.0,0.0,0.0,0.0,,,,
706,Bahamas,BHS,2006,860.0,0.0,0.0,0.0,0.0,,,,
707,Bahamas,BHS,2007,860.0,0.0,0.0,0.0,0.0,,,,
708,Bahamas,BHS,2008,1000.0,0.0,0.0,0.0,0.0,,,,
709,Bahamas,BHS,2009,860.0,0.0,0.0,0.0,0.0,,,,
710,Bahamas,BHS,2010,860.0,0.0,0.0,0.0,0.0,,,,
711,Bahamas,BHS,2011,850.0,0.0,0.0,0.0,0.0,,,,
712,Bahamas,BHS,2012,850.0,0.0,0.0,0.0,0.0,,,,
713,Bahamas,BHS,2013,1300.0,0.0,0.0,0.0,0.0,,,,
714,Bahamas,BHS,2014,1300.0,0.0,0.0,0.0,0.0,,,,
715,Bahamas,BHS,2015,1300.0,0.0,0.0,0.0,0.0,,,,
716,Bahamas,BHS,2016,1300.0,0.0,0.0,0.0,0.0,,,,
717,Bahamas,BHS,2017,1000.0,0.0,0.0,0.0,0.0,,,,
718,Bahamas,BHS,2018,1300.0,0.0,0.0,0.0,0.0,,,,
719,Bahamas,BHS,2019,2000.0,0.0,0.0,0.0,0.0,,,,
720,Bahamas,BHS,2020,2000.0,0.0,0.0,0.0,0.0,,,,
721,Bahamas,BHS,2021,,0.0,0.0,0.0,0.0,,,,
722,Bahamas,BHS,2022,,0.0,0.0,0.0,0.0,,,,
723,Bahamas,BHS,2023,,0.0,0.0,0.0,0.0,,,,
724,Bahamas,BHS,2024,,0.0,0.0,0.0,0.0,,,,
725,Bahrain,BHR,1989,5000.0,0.0,0.0,0.0,0.0,5.6446614,97.333,0.0,-0.125
726,Bahrain,BHR,1990,8000.0,0.0,0.0,0.0,0.0,5.2847915,97.333,0.0,-0.125
727,Bahrain,BHR,1991,8000.0,0.0,0.0,0.0,0.0,5.7037506,97.333,0.0,-0.125
728,Bahrain,BHR,1992,7000.0,0.0,0.0,0.0,0.0,5.878072,97.333,0.0,-0.125
729,Bahrain,BHR,1993,7000.0,0.0,0.0,0.0,0.0,5.369855,97.333,0.0,-0.125
730,Bahrain,BHR,1994,8000.0,0.0,0.0,0.0,0.0,5.111302,97.333,0.0,-0.125
731,Bahrain,BHR,1995,20000.0,0.0,0.0,0.0,0.0,5.183232,97.333,0.0,-0.125
732,Bahrain,BHR,1996,20300.0,0.0,0.0,0.0,0.0,5.2739396,97.333,0.0,-0.125
733,Bahrain,BHR,1997,20850.0,0.0,0.0,0.0,0.0,5.068487,97.333,0.0,-0.125
734,Bahrain,BHR,1998,20850.0,0.0,0.0,0.0,0.0,5.333104,97.333,0.0,-0.125
735,Bahrain,BHR,1999,21150.0,0.0,0.0,0.0,0.0,5.5036216,97.333,0.0,-0.125
736,Bahrain,BHR,2000,21200.0,0.0,0.0,0.0,0.0,3.961671,97.333,0.0,-0.125
737,Bahrain,BHR,2001,21200.0,0.0,0.0,0.0,0.0,4.148082,97.333,0.0,-0.125
738,Bahrain,BHR,2002,20900.0,0.0,0.0,0.0,0.0,4.6111064,97.333,0.0,-0.125
739,Bahrain,BHR,2003,21400.0,0.0,0.0,0.0,0.0,4.6588326,97.333,0.0,-0.125
740,Bahrain,BHR,2004,21000.0,0.0,0.0,0.0,0.0,4.0449286,97.333,0.0,-0.125
741,Bahrain,BHR,2005,21000.0,0.0,0.0,0.0,0.0,3.2143812,97.333,0.0,-0.125
742,Bahrain,BHR,2006,19000.0,0.0,0.0,0.0,0.0,3.1029477,97.333,0.0,-0.125
743,Bahrain,BHR,2007,19000.0,0.0,0.0,0.0,0.0,2.9569902,97.333,0.0,-0.348
744,Bahrain,BHR,2008,19000.0,0.0,0.0,0.0,0.0,2.8001614,97.333,0.0,-0.348
745,Bahrain,BHR,2009,19460.0,0.0,0.0,0.0,0.0,3.6105354,97.333,0.0,-0.348
746,Bahrain,BHR,2010,19460.0,0.0,0.0,0.0,0.0,3.2778237,97.333,0.0,-0.348
747,Bahrain,BHR,2011,19460.0,26.0,0.0,0.0,26.0,3.5914972,97.333,0.0,-2.401
748,Bahrain,BHR,2012,19460.0,0.0,0.0,0.0,0.0,3.8444905,97.333,0.0,-2.401
749,Bahrain,BHR,2013,19460.0,0.0,0.0,0.0,0.0,4.141398,97.333,0.0,-2.073
750,Bahrain,BHR,2014,19460.0,0.0,0.0,0.0,0.0,4.418512,97.333,0.0,-1.62
751,Bahrain,BHR,2015,19460.0,0.0,0.0,0.0,0.0,4.644111,97.333,0.0,-1.292
752,Bahrain,BHR,2016,19460.0,0.0,0.0,0.0,0.0,4.670635,97.333,0.0,-1.292
753,Bahrain,BHR,2017,19000.0,0.0,0.0,0.0,0.0,4.320738,97.333,0.0,-1.292
754,Bahrain,BHR,2018,19200.0,0.0,0.0,0.0,0.0,4.041086,97.333,0.0,-1.292
755,Bahrain,BHR,2019,19000.0,0.0,0.0,0.0,0.0,4.029861,94.333,0.0,-1.082
756,Bahrain,BHR,2020,19000.0,0.0,0.0,0.0,0.0,4.0574684,97.333,0.0,-1.082
757,Bahrain,BHR,2021,,0.0,0.0,0.0,0.0,3.5197968,95.8,0.0,-1.082
758,Bahrain,BHR,2022,,0.0,0.0,0.0,0.0,3.4233935,96.5,0.0,-1.082
759,Bahrain,BHR,2023,,0.0,0.0,0.0,0.0,3.5208356,93.0,0.0,-1.082
760,Bahrain,BHR,2024,,0.0,0.0,0.0,0.0,2.8946655,87.25,0.0,-1.082
761,Bangladesh,BGD,1989,103000.0,54.0,0.0,26.0,80.0,1.2908618,99.3,1.0,-1.079
762,Bangladesh,BGD,1990,103000.0,48.0,0.0,44.0,92.0,1.223165,99.3,1.0,-0.918
763,Bangladesh,BGD,1991,107000.0,69.0,3.0,22.0,94.0,1.2144228,99.3,1.0,-0.837
764,Bangladesh,BGD,1992,107000.0,252.0,0.0,0.0,252.0,1.3605031,99.3,2.0,-0.837
765,Bangladesh,BGD,1993,107000.0,0.0,6.0,21.0,27.0,1.4293905,99.3,2.0,-0.837
766,Bangladesh,BGD,1994,113000.0,24.0,0.0,0.0,24.0,1.5290236,99.3,2.0,-0.837
767,Bangladesh,BGD,1995,170500.0,0.0,0.0,0.0,0.0,1.5666932,99.3,2.0,-0.837
768,Bangladesh,BGD,1996,167200.0,33.0,0.0,0.0,33.0,1.5390736,99.3,1.0,-0.655
769,Bangladesh,BGD,1997,170700.0,0.0,0.0,0.0,0.0,1.5716679,99.3,2.0,-0.759
770,Bangladesh,BGD,1998,170700.0,0.0,0.0,0.0,0.0,1.5675353,99.3,2.0,-0.759
771,Bangladesh,BGD,1999,192200.0,0.0,0.0,0.0,0.0,1.5848345,99.3,2.0,-0.759
772,Bangladesh,BGD,2000,137000.0,2.0,0.0,74.0,76.0,1.3571192,99.3,2.0,-0.821
773,Bangladesh,BGD,2001,200200.0,7.0,47.0,7.0,61.0,1.2884227,99.3,2.0,-0.821
774,Bangladesh,BGD,2002,200200.0,0.0,0.0,0.0,0.0,1.0483664,99.3,1.0,-0.821
775,Bangladesh,BGD,2003,188700.0,0.0,0.0,0.0,0.0,1.0026331,99.3,1.0,-0.821
776,Bangladesh,BGD,2004,251000.0,25.0,0.0,0.0,25.0,0.99885976,99.3,1.0,-0.821
777,Bangladesh,BGD,2005,252000.0,70.0,1.0,61.0,132.0,0.9728101,99.3,1.0,-0.821
778,Bangladesh,BGD,2006,214000.0,2.0,0.0,57.0,59.0,0.9898389,99.3,1.0,-0.821
779,Bangladesh,BGD,2007,221000.0,0.0,0.0,0.0,0.0,0.99709195,99.3,0.0,-0.712
780,Bangladesh,BGD,2008,221000.0,0.0,0.0,0.0,0.0,0.9382153,99.3,1.0,-0.668
781,Bangladesh,BGD,2009,220953.0,0.0,0.0,0.0,0.0,1.0289395,99.3,1.0,-1.389
782,Bangladesh,BGD,2010,220953.0,0.0,0.0,0.0,0.0,1.1843841,99.7,1.0,-1.389
783,Bangladesh,BGD,2011,220950.0,0.0,0.0,0.0,0.0,1.217669,99.7,1.0,-1.443
784,Bangladesh,BGD,2012,220950.0,0.0,0.0,0.0,0.0,1.1808972,99.7,1.0,-1.443
785,Bangladesh,BGD,2013,220950.0,0.0,4.0,27.0,31.0,1.1137295,98.625,1.0,-1.739
786,Bangladesh,BGD,2014,220950.0,0.0,0.0,0.0,0.0,1.1364433,98.625,1.0,-1.739
787,Bangladesh,BGD,2015,220950.0,5.0,0.0,0.0,5.0,1.2085172,98.625,1.0,-1.201
788,Bangladesh,BGD,2016,220950.0,32.0,1.0,40.0,73.0,1.2259004,98.625,1.0,-1.201
789,Bangladesh,BGD,2017,221000.0,8.0,4.0,36.0,48.0,1.1275814,98.571,1.0,-1.544
790,Bangladesh,BGD,2018,227050.0,0.0,0.0,0.0,0.0,1.1539575,98.571,1.0,-1.544
791,Bangladesh,BGD,2019,227000.0,0.0,0.0,0.0,0.0,1.2441008,98.571,1.0,-1.878
792,Bangladesh,BGD,2020,227000.0,3.0,0.0,0.0,3.0,1.2446895,98.571,1.0,-1.878
793,Bangladesh,BGD,2021,,0.0,0.0,0.0,0.0,1.1687306,98.571,1.0,-1.878
794,Bangladesh,BGD,2022,,2.0,0.0,0.0,2.0,0.99098337,100.0,1.0,-1.93
795,Bangladesh,BGD,2023,,0.0,0.0,0.0,0.0,0.9194715,100.0,1.0,-1.93
796,Bangladesh,BGD,2024,,3.0,315.0,37.0,355.0,0.94132113,100.0,1.0,-0.458
797,Barbados,BRB,1989,,0.0,0.0,0.0,0.0,,99.7,2.0,1.554
798,Barbados,BRB,1990,,0.0,0.0,0.0,0.0,,99.7,2.0,1.26
799,Barbados,BRB,1991,,0.0,0.0,0.0,0.0,,99.7,2.0,1.26
800,Barbados,BRB,1992,,0.0,0.0,0.0,0.0,,99.7,2.0,1.26
801,Barbados,BRB,1993,,0.0,0.0,0.0,0.0,,99.7,2.0,1.26
802,Barbados,BRB,1994,,0.0,0.0,0.0,0.0,,99.7,2.0,1.26
803,Barbados,BRB,1995,600.0,0.0,0.0,0.0,0.0,,99.7,2.0,1.26
804,Barbados,BRB,1996,600.0,0.0,0.0,0.0,0.0,,99.7,2.0,1.26
805,Barbados,BRB,1997,600.0,0.0,0.0,0.0,0.0,,99.7,2.0,1.26
806,Barbados,BRB,1998,610.0,0.0,0.0,0.0,0.0,,99.7,2.0,1.26
807,Barbados,BRB,1999,610.0,0.0,0.0,0.0,0.0,,99.7,2.0,1.26
808,Barbados,BRB,2000,600.0,0.0,0.0,0.0,0.0,,99.7,2.0,1.26
809,Barbados,BRB,2001,600.0,0.0,0.0,0.0,0.0,,99.7,2.0,1.26
810,Barbados,BRB,2002,600.0,0.0,0.0,0.0,0.0,,99.7,2.0,1.26
811,Barbados,BRB,2003,600.0,0.0,0.0,0.0,0.0,,99.7,2.0,1.26
812,Barbados,BRB,2004,610.0,0.0,0.0,0.0,0.0,,99.7,2.0,1.26
813,Barbados,BRB,2005,610.0,0.0,0.0,0.0,0.0,,99.7,2.0,1.26
814,Barbados,BRB,2006,610.0,0.0,0.0,0.0,0.0,,99.7,2.0,1.26
815,Barbados,BRB,2007,610.0,0.0,0.0,0.0,0.0,,99.7,2.0,1.26
816,Barbados,BRB,2008,1000.0,0.0,0.0,0.0,0.0,,99.7,2.0,1.26
817,Barbados,BRB,2009,610.0,0.0,0.0,0.0,0.0,,99.7,2.0,1.26
818,Barbados,BRB,2010,610.0,0.0,0.0,0.0,0.0,,99.6,2.0,1.341
819,Barbados,BRB,2011,610.0,0.0,0.0,0.0,0.0,,99.7,2.0,1.341
820,Barbados,BRB,2012,610.0,0.0,0.0,0.0,0.0,,99.7,2.0,1.341
821,Barbados,BRB,2013,610.0,0.0,0.0,0.0,0.0,,99.7,2.0,1.341
822,Barbados,BRB,2014,610.0,0.0,0.0,0.0,0.0,,99.7,2.0,1.341
823,Barbados,BRB,2015,610.0,0.0,0.0,0.0,0.0,,99.444,3.0,1.341
824,Barbados,BRB,2016,610.0,0.0,0.0,0.0,0.0,,99.667,3.0,1.341
825,Barbados,BRB,2017,1000.0,0.0,0.0,0.0,0.0,,99.625,3.0,1.236
826,Barbados,BRB,2018,610.0,0.0,0.0,0.0,0.0,,99.857,3.0,1.236
827,Barbados,BRB,2019,1000.0,0.0,0.0,0.0,0.0,,99.857,3.0,1.236
828,Barbados,BRB,2020,1000.0,0.0,0.0,0.0,0.0,,99.857,3.0,1.236
829,Barbados,BRB,2021,,0.0,0.0,0.0,0.0,,99.6,3.0,1.236
830,Barbados,BRB,2022,,0.0,0.0,0.0,0.0,,99.0,3.0,1.236
831,Barbados,BRB,2023,,0.0,0.0,0.0,0.0,,99.0,3.0,1.236
832,Barbados,BRB,2024,,0.0,0.0,0.0,0.0,,100.0,3.0,1.236
833,Belarus,BLR,1989,,0.0,0.0,0.0,0.0,,100.0,0.0,-1.039
834,Belarus,BLR,1990,,0.0,0.0,0.0,0.0,,,1.0,0.573
835,Belarus,BLR,1991,,0.0,0.0,0.0,0.0,,89.4,1.0,0.573
836,Belarus,BLR,1992,102000.0,0.0,0.0,0.0,0.0,1.6224986,100.0,2.0,1.387
837,Belarus,BLR,1993,115000.0,0.0,0.0,0.0,0.0,2.7909715,100.0,2.0,1.387
838,Belarus,BLR,1994,65000.0,0.0,0.0,0.0,0.0,3.6216085,100.0,2.0,1.266
839,Belarus,BLR,1995,106400.0,0.0,0.0,0.0,0.0,1.6994638,100.0,1.0,0.929
840,Belarus,BLR,1996,93500.0,0.0,0.0,0.0,0.0,1.2606925,100.0,1.0,0.131
841,Belarus,BLR,1997,89800.0,0.0,0.0,0.0,0.0,1.7689666,100.0,1.0,0.131
842,Belarus,BLR,1998,91000.0,0.0,0.0,0.0,0.0,1.4950987,100.0,1.0,0.131
843,Belarus,BLR,1999,103900.0,0.0,0.0,0.0,0.0,1.3667607,100.0,1.0,0.131
844,Belarus,BLR,2000,91100.0,0.0,0.0,0.0,0.0,1.3469841,100.0,1.0,0.131
845,Belarus,BLR,2001,192900.0,0.0,0.0,0.0,0.0,1.4382907,100.0,1.0,0.388
846,Belarus,BLR,2002,189800.0,0.0,0.0,0.0,0.0,1.4002458,100.0,1.0,0.388
847,Belarus,BLR,2003,182900.0,0.0,0.0,0.0,0.0,1.2990639,100.0,1.0,0.388
848,Belarus,BLR,2004,182000.0,0.0,0.0,0.0,0.0,1.3582224,100.0,1.0,0.388
849,Belarus,BLR,2005,183000.0,0.0,0.0,0.0,0.0,1.4984531,100.0,1.0,0.388
850,Belarus,BLR,2006,183000.0,0.0,0.0,0.0,0.0,1.7094125,100.0,1.0,0.388
851,Belarus,BLR,2007,183000.0,0.0,0.0,0.0,0.0,1.6497658,100.0,1.0,0.388
852,Belarus,BLR,2008,183000.0,0.0,0.0,0.0,0.0,1.4534929,100.0,1.0,0.388
853,Belarus,BLR,2009,182940.0,0.0,0.0,0.0,0.0,1.372577,100.0,1.0,0.388
854,Belarus,BLR,2010,182940.0,0.0,0.0,0.0,0.0,1.3413835,100.0,1.0,0.388
855,Belarus,BLR,2011,158000.0,0.0,0.0,0.0,0.0,1.224495,100.0,1.0,0.388
856,Belarus,BLR,2012,158000.0,0.0,0.0,0.0,0.0,1.2292187,100.0,1.0,0.388
857,Belarus,BLR,2013,158000.0,0.0,0.0,0.0,0.0,1.2707967,100.0,1.0,0.315
858,Belarus,BLR,2014,158000.0,0.0,0.0,0.0,0.0,1.0423276,100.0,1.0,0.315
859,Belarus,BLR,2015,158000.0,0.0,0.0,0.0,0.0,1.138066,100.0,1.0,0.315
860,Belarus,BLR,2016,155350.0,0.0,0.0,0.0,0.0,1.5232809,100.0,1.0,0.382
861,Belarus,BLR,2017,155000.0,0.0,0.0,0.0,0.0,1.3720045,100.0,1.0,0.382
862,Belarus,BLR,2018,155350.0,0.0,0.0,0.0,0.0,1.5379943,100.0,1.0,0.382
863,Belarus,BLR,2019,155000.0,0.0,0.0,0.0,0.0,1.396423,100.0,1.0,0.382
864,Belarus,BLR,2020,158000.0,0.0,0.0,0.0,0.0,1.4032586,99.333,1.0,-0.838
865,Belarus,BLR,2021,,0.0,0.0,0.0,0.0,1.3652893,100.0,1.0,-1.489
866,Belarus,BLR,2022,,0.0,0.0,0.0,0.0,1.6486932,100.0,1.0,-1.297
867,Belarus,BLR,2023,,0.0,0.0,0.0,0.0,2.0234478,100.0,1.0,-1.297
868,Belarus,BLR,2024,,0.0,0.0,0.0,0.0,2.0736492,100.0,0.0,-1.297
869,Belgium,BEL,1989,110000.0,0.0,0.0,0.0,0.0,2.4608543,99.909,3.0,2.866
870,Belgium,BEL,1990,106000.0,0.0,0.0,0.0,0.0,2.3554406,99.909,3.0,2.866
871,Belgium,BEL,1991,101000.0,0.0,0.0,0.0,0.0,2.2876928,99.909,3.0,2.866
872,Belgium,BEL,1992,79000.0,0.0,0.0,0.0,0.0,1.8323325,99.909,3.0,2.866
873,Belgium,BEL,1993,70000.0,0.0,0.0,0.0,0.0,1.735966,99.909,3.0,2.866
874,Belgium,BEL,1994,53000.0,0.0,0.0,0.0,0.0,1.6771432,99.909,3.0,2.866
875,Belgium,BEL,1995,47200.0,0.0,0.0,0.0,0.0,1.5446405,99.909,3.0,2.866
876,Belgium,BEL,1996,46300.0,0.0,0.0,0.0,0.0,1.5193168,99.909,3.0,2.866
877,Belgium,BEL,1997,44450.0,0.0,0.0,0.0,0.0,1.4578662,99.909,3.0,2.866
878,Belgium,BEL,1998,43700.0,0.0,0.0,0.0,0.0,1.4173958,99.909,3.0,2.866
879,Belgium,BEL,1999,41750.0,0.0,0.0,0.0,0.0,1.3939307,99.909,3.0,2.866
880,Belgium,BEL,2000,39300.0,0.0,0.0,0.0,0.0,1.3508654,99.909,3.0,2.866
881,Belgium,BEL,2001,39400.0,0.0,0.0,0.0,0.0,1.2835232,99.909,3.0,2.866
882,Belgium,BEL,2002,39200.0,0.0,0.0,0.0,0.0,1.2237613,99.909,3.0,2.866
883,Belgium,BEL,2003,40800.0,0.0,0.0,0.0,0.0,1.221194,99.909,3.0,2.866
884,Belgium,BEL,2004,36000.0,0.0,0.0,0.0,0.0,1.1565944,99.909,3.0,2.866
885,Belgium,BEL,2005,37000.0,0.0,0.0,0.0,0.0,1.0966412,99.909,3.0,2.866
886,Belgium,BEL,2006,40000.0,0.0,0.0,0.0,0.0,1.056123,99.909,3.0,2.866
887,Belgium,BEL,2007,39000.0,0.0,0.0,0.0,0.0,1.0980188,99.909,3.0,2.866
888,Belgium,BEL,2008,39000.0,0.0,0.0,0.0,0.0,1.2219145,99.909,3.0,2.866
889,Belgium,BEL,2009,39482.0,0.0,0.0,0.0,0.0,1.1635301,99.909,3.0,2.866
890,Belgium,BEL,2010,35736.0,0.0,0.0,0.0,0.0,1.0901811,99.909,3.0,2.866
891,Belgium,BEL,2011,34050.0,0.0,0.0,0.0,0.0,1.0445012,99.909,3.0,2.866
892,Belgium,BEL,2012,30700.0,0.0,0.0,0.0,0.0,1.0370296,99.909,3.0,2.866
893,Belgium,BEL,2013,37500.0,0.0,0.0,0.0,0.0,1.00452,99.909,3.0,2.866
894,Belgium,BEL,2014,37600.0,0.0,0.0,0.0,0.0,0.9662723,99.909,3.0,2.866
895,Belgium,BEL,2015,36350.0,0.0,0.0,0.0,0.0,0.91183,99.909,3.0,2.866
896,Belgium,BEL,2016,33800.0,32.0,0.0,2.0,34.0,0.89808524,99.909,3.0,2.866
897,Belgium,BEL,2017,32000.0,0.0,0.0,0.0,0.0,0.8868372,99.909,3.0,2.866
898,Belgium,BEL,2018,31500.0,1.0,0.0,3.0,4.0,0.89244246,99.909,3.0,2.866
899,Belgium,BEL,2019,26000.0,0.0,0.0,0.0,0.0,0.8870049,99.909,3.0,2.866
900,Belgium,BEL,2020,24000.0,0.0,0.0,0.0,0.0,1.0059279,99.909,3.0,2.866
901,Belgium,BEL,2021,,0.0,0.0,0.0,0.0,1.04264,99.909,3.0,2.866
902,Belgium,BEL,2022,,0.0,0.0,0.0,0.0,1.1624655,99.909,3.0,2.866
903,Belgium,BEL,2023,,2.0,0.0,0.0,2.0,1.1842287,99.909,3.0,2.866
904,Belgium,BEL,2024,,0.0,0.0,0.0,0.0,1.2770531,99.909,3.0,2.866
905,Belize,BLZ,1989,1000.0,0.0,0.0,0.0,0.0,1.1991115,,,
906,Belize,BLZ,1990,1000.0,0.0,0.0,0.0,0.0,0.8947432,,,
907,Belize,BLZ,1991,1000.0,0.0,0.0,0.0,0.0,0.81816846,,,
908,Belize,BLZ,1992,1000.0,0.0,0.0,0.0,0.0,0.7880943,,,
909,Belize,BLZ,1993,1000.0,0.0,0.0,0.0,0.0,0.8440879,,,
910,Belize,BLZ,1994,1000.0,0.0,0.0,0.0,0.0,1.0528872,,,
911,Belize,BLZ,1995,1100.0,0.0,0.0,0.0,0.0,1.0113298,,,
912,Belize,BLZ,1996,1100.0,0.0,0.0,0.0,0.0,0.96203834,,,
913,Belize,BLZ,1997,1050.0,0.0,0.0,0.0,0.0,1.1114246,,,
914,Belize,BLZ,1998,1050.0,0.0,0.0,0.0,0.0,,,,
915,Belize,BLZ,1999,1050.0,0.0,0.0,0.0,0.0,,,,
916,Belize,BLZ,2000,1100.0,0.0,0.0,0.0,0.0,0.6574006,,,
917,Belize,BLZ,2001,1100.0,0.0,0.0,0.0,0.0,0.66013384,,,
918,Belize,BLZ,2002,1100.0,0.0,0.0,0.0,0.0,0.65317935,,,
919,Belize,BLZ,2003,1100.0,0.0,0.0,0.0,0.0,0.67481077,,,
920,Belize,BLZ,2004,1000.0,0.0,0.0,0.0,0.0,0.69936246,,,
921,Belize,BLZ,2005,1000.0,0.0,0.0,0.0,0.0,0.75074714,,,
922,Belize,BLZ,2006,1000.0,0.0,0.0,0.0,0.0,0.77060366,,,
923,Belize,BLZ,2007,1000.0,0.0,0.0,0.0,0.0,0.80472165,,,
924,Belize,BLZ,2008,1000.0,0.0,0.0,0.0,0.0,1.0740801,,,
925,Belize,BLZ,2009,1050.0,0.0,0.0,0.0,0.0,1.0202595,,,
926,Belize,BLZ,2010,1050.0,0.0,0.0,0.0,0.0,0.87634695,,,
927,Belize,BLZ,2011,1050.0,0.0,0.0,0.0,0.0,0.842256,,,
928,Belize,BLZ,2012,1050.0,0.0,0.0,0.0,0.0,0.7961654,,,
929,Belize,BLZ,2013,1050.0,0.0,0.0,0.0,0.0,0.87401056,,,
930,Belize,BLZ,2014,1050.0,0.0,0.0,0.0,0.0,0.93131316,,,
931,Belize,BLZ,2015,1500.0,0.0,0.0,0.0,0.0,0.89283055,,,
932,Belize,BLZ,2016,1500.0,0.0,0.0,0.0,0.0,0.9627582,,,
933,Belize,BLZ,2017,2000.0,0.0,0.0,0.0,0.0,1.0106679,,,
934,Belize,BLZ,2018,1500.0,0.0,0.0,0.0,0.0,1.0113212,,,
935,Belize,BLZ,2019,2000.0,0.0,0.0,0.0,0.0,1.016627,,,
936,Belize,BLZ,2020,2000.0,0.0,0.0,0.0,0.0,1.2662379,,,
937,Belize,BLZ,2021,,0.0,0.0,0.0,0.0,1.0975103,,,
938,Belize,BLZ,2022,,0.0,0.0,0.0,0.0,0.9791737,,,
939,Belize,BLZ,2023,,0.0,0.0,0.0,0.0,0.99293375,,,
940,Belize,BLZ,2024,,0.0,0.0,0.0,0.0,0.8988859,,,
941,Benin,BEN,1989,5000.0,0.0,0.0,0.0,0.0,1.307896,83.625,0.0,-0.456
942,Benin,BEN,1990,6000.0,0.0,0.0,0.0,0.0,1.225157,83.625,0.0,0.02
943,Benin,BEN,1991,7000.0,0.0,0.0,0.0,0.0,,83.625,1.0,0.02
944,Benin,BEN,1992,7000.0,0.0,0.0,0.0,0.0,,83.625,2.0,0.02
945,Benin,BEN,1993,8000.0,0.0,0.0,0.0,0.0,,83.625,2.0,0.02
946,Benin,BEN,1994,8000.0,0.0,0.0,0.0,0.0,,83.625,2.0,0.02
947,Benin,BEN,1995,7300.0,0.0,0.0,0.0,0.0,,83.625,2.0,0.02
948,Benin,BEN,1996,7300.0,0.0,0.0,0.0,0.0,,83.625,2.0,0.02
949,Benin,BEN,1997,7300.0,0.0,0.0,0.0,0.0,,83.625,2.0,0.02
950,Benin,BEN,1998,7300.0,0.0,0.0,0.0,0.0,,83.625,2.0,0.02
951,Benin,BEN,1999,7300.0,0.0,0.0,0.0,0.0,0.4853892,83.625,2.0,0.02
952,Benin,BEN,2000,7300.0,0.0,0.0,0.0,0.0,0.41285232,83.625,2.0,0.02
953,Benin,BEN,2001,7300.0,0.0,0.0,0.0,0.0,0.35797113,83.625,2.0,0.02
954,Benin,BEN,2002,7100.0,0.0,0.0,0.0,0.0,0.6228195,83.625,2.0,0.02
955,Benin,BEN,2003,7100.0,0.0,0.0,0.0,0.0,0.64722323,83.625,2.0,0.02
956,Benin,BEN,2004,6000.0,0.0,0.0,0.0,0.0,0.67614985,83.625,2.0,0.02
957,Benin,BEN,2005,8000.0,0.0,0.0,0.0,0.0,0.68097067,82.231,2.0,0.447
958,Benin,BEN,2006,,0.0,0.0,0.0,0.0,0.6657233,82.231,2.0,0.447
959,Benin,BEN,2007,8000.0,0.0,0.0,0.0,0.0,,82.231,2.0,0.447
960,Benin,BEN,2008,8000.0,0.0,0.0,0.0,0.0,0.663959,82.231,2.0,0.447
961,Benin,BEN,2009,7250.0,0.0,0.0,0.0,0.0,,82.231,2.0,0.447
962,Benin,BEN,2010,7250.0,0.0,0.0,0.0,0.0,,82.231,2.0,0.447
963,Benin,BEN,2011,9450.0,0.0,0.0,0.0,0.0,,82.231,2.0,0.447
964,Benin,BEN,2012,9450.0,0.0,0.0,0.0,0.0,0.70205617,82.231,2.0,0.447
965,Benin,BEN,2013,9450.0,0.0,0.0,0.0,0.0,0.6872397,86.182,2.0,0.735
966,Benin,BEN,2014,9450.0,0.0,0.0,0.0,0.0,0.700925,86.182,2.0,0.735
967,Benin,BEN,2015,9750.0,0.0,0.0,0.0,0.0,0.79848534,87.273,2.0,0.419
968,Benin,BEN,2016,9750.0,0.0,0.0,0.0,0.0,0.67359674,88.727,2.0,1.247
969,Benin,BEN,2017,12000.0,0.0,0.0,0.0,0.0,0.9206131,87.6,2.0,1.487
970,Benin,BEN,2018,12250.0,0.0,0.0,0.0,0.0,0.63285756,87.556,2.0,2.288
971,Benin,BEN,2019,12000.0,1.0,0.0,0.0,1.0,0.47331393,86.444,1.0,1.956
972,Benin,BEN,2020,12000.0,0.0,0.0,0.0,0.0,0.458762,84.778,1.0,2.23
973,Benin,BEN,2021,,0.0,0.0,0.0,0.0,0.55088365,87.222,1.0,1.697
974,Benin,BEN,2022,,1.0,1.0,28.0,30.0,0.6320875,87.222,1.0,1.697
975,Benin,BEN,2023,,27.0,0.0,19.0,46.0,0.7575514,90.333,1.0,1.697
976,Benin,BEN,2024,,10.0,5.0,68.0,83.0,0.7205496,90.0,1.0,1.697
978,Bhutan,BTN,1989,,0.0,0.0,0.0,0.0,,96.0,0.0,0.595
979,Bhutan,BTN,1990,,0.0,0.0,0.0,0.0,,96.0,0.0,0.595
980,Bhutan,BTN,1991,,0.0,0.0,0.0,0.0,,96.0,0.0,0.595
981,Bhutan,BTN,1992,5000.0,0.0,0.0,0.0,0.0,,96.0,0.0,0.595
982,Bhutan,BTN,1993,5000.0,0.0,0.0,0.0,0.0,,96.0,0.0,1.275
983,Bhutan,BTN,1994,5000.0,0.0,0.0,0.0,0.0,,96.0,0.0,1.275
984,Bhutan,BTN,1995,4000.0,0.0,0.0,0.0,0.0,,96.0,0.0,1.275
985,Bhutan,BTN,1996,5000.0,0.0,0.0,0.0,0.0,,96.0,0.0,1.275
986,Bhutan,BTN,1997,6000.0,0.0,0.0,4.0,4.0,,96.0,0.0,1.275
987,Bhutan,BTN,1998,7000.0,0.0,0.0,0.0,0.0,,96.0,0.0,1.275
988,Bhutan,BTN,1999,7000.0,0.0,0.0,0.0,0.0,,96.0,0.0,1.275
989,Bhutan,BTN,2000,6000.0,0.0,0.0,0.0,0.0,,96.0,0.0,1.389
990,Bhutan,BTN,2001,,0.0,0.0,0.0,0.0,,96.0,0.0,1.389
991,Bhutan,BTN,2002,,0.0,0.0,0.0,0.0,,96.0,0.0,1.389
992,Bhutan,BTN,2003,,0.0,0.0,0.0,0.0,,95.5,0.0,1.389
993,Bhutan,BTN,2004,,0.0,0.0,0.0,0.0,,95.5,0.0,1.389
994,Bhutan,BTN,2005,,0.0,0.0,0.0,0.0,,95.5,0.0,1.389
995,Bhutan,BTN,2006,,0.0,0.0,0.0,0.0,,95.5,0.0,1.92
996,Bhutan,BTN,2007,,0.0,0.0,0.0,0.0,,95.5,0.0,1.92
997,Bhutan,BTN,2008,,0.0,0.0,0.0,0.0,,95.5,3.0,2.272
998,Bhutan,BTN,2009,,0.0,0.0,0.0,0.0,,95.5,3.0,2.653
999,Bhutan,BTN,2010,,0.0,0.0,0.0,0.0,,95.5,3.0,2.28
1000,Bhutan,BTN,2011,,0.0,0.0,0.0,0.0,,95.5,3.0,2.28
1001,Bhutan,BTN,2012,,0.0,0.0,0.0,0.0,,95.5,3.0,2.28
1002,Bhutan,BTN,2013,,0.0,0.0,0.0,0.0,,95.5,2.0,1.926
1003,Bhutan,BTN,2014,,0.0,0.0,0.0,0.0,,95.5,2.0,1.926
1004,Bhutan,BTN,2015,,0.0,0.0,0.0,0.0,,95.5,2.0,1.926
1005,Bhutan,BTN,2016,,0.0,0.0,0.0,0.0,,93.286,2.0,1.926
1006,Bhutan,BTN,2017,,0.0,0.0,0.0,0.0,,95.0,2.0,2.8
1007,Bhutan,BTN,2018,,0.0,0.0,0.0,0.0,,94.071,2.0,2.07
1008,Bhutan,BTN,2019,,0.0,0.0,0.0,0.0,,95.0,2.0,2.07
1009,Bhutan,BTN,2020,,0.0,0.0,0.0,0.0,,94.857,2.0,2.07
1010,Bhutan,BTN,2021,,0.0,0.0,0.0,0.0,,93.857,3.0,1.672
1011,Bhutan,BTN,2022,,0.0,0.0,0.0,0.0,,93.143,3.0,2.035
1012,Bhutan,BTN,2023,,0.0,0.0,0.0,0.0,,94.8,3.0,2.035
1013,Bhutan,BTN,2024,,0.0,0.0,0.0,0.0,,93.0,2.0,1.446
1014,Bolivia,BOL,1989,30000.0,0.0,0.0,0.0,0.0,2.1562886,87.25,2.0,-0.118
1015,Bolivia,BOL,1990,30000.0,0.0,0.0,0.0,0.0,2.8158832,87.25,2.0,-0.118
1016,Bolivia,BOL,1991,33000.0,0.0,0.0,0.0,0.0,2.688325,87.25,2.0,-0.118
1017,Bolivia,BOL,1992,32000.0,0.0,0.0,0.0,0.0,2.5061188,87.25,2.0,-0.118
1018,Bolivia,BOL,1993,32000.0,0.0,0.0,0.0,0.0,1.9163499,87.25,2.0,-0.118
1019,Bolivia,BOL,1994,28000.0,0.0,0.0,0.0,0.0,2.2503014,87.25,2.0,-0.118
1020,Bolivia,BOL,1995,64100.0,0.0,0.0,0.0,0.0,2.096162,92.273,2.0,-0.118
1021,Bolivia,BOL,1996,64100.0,0.0,0.0,0.0,0.0,1.9868076,92.273,2.0,-0.118
1022,Bolivia,BOL,1997,70600.0,0.0,0.0,0.0,0.0,2.27361,92.273,2.0,-0.118
1023,Bolivia,BOL,1998,70600.0,0.0,0.0,0.0,0.0,2.6911108,92.273,2.0,-0.118
1024,Bolivia,BOL,1999,69600.0,0.0,0.0,0.0,0.0,2.1332872,92.273,2.0,-0.118
1025,Bolivia,BOL,2000,69600.0,0.0,8.0,42.0,50.0,2.0629716,92.273,2.0,-0.118
1026,Bolivia,BOL,2001,68600.0,0.0,0.0,0.0,0.0,2.3204467,92.273,2.0,-0.118
1027,Bolivia,BOL,2002,68600.0,0.0,0.0,0.0,0.0,1.9903338,92.273,2.0,-0.118
1028,Bolivia,BOL,2003,68600.0,0.0,0.0,0.0,0.0,2.1454833,92.273,2.0,-0.118
1029,Bolivia,BOL,2004,68000.0,0.0,0.0,0.0,0.0,1.8965033,92.273,2.0,-0.118
1030,Bolivia,BOL,2005,70000.0,0.0,0.0,0.0,0.0,1.7170044,92.273,2.0,-0.118
1031,Bolivia,BOL,2006,83000.0,0.0,0.0,0.0,0.0,1.4662269,93.182,2.0,-0.118
1032,Bolivia,BOL,2007,83000.0,0.0,0.0,0.0,0.0,1.4890476,93.182,2.0,-0.118
1033,Bolivia,BOL,2008,83000.0,0.0,0.0,0.0,0.0,2.1939516,90.909,2.0,-0.118
1034,Bolivia,BOL,2009,83200.0,0.0,0.0,0.0,0.0,1.7613609,92.917,2.0,-0.118
1035,Bolivia,BOL,2010,83200.0,0.0,0.0,0.0,0.0,2.7850072,92.917,2.0,-0.118
1036,Bolivia,BOL,2011,83200.0,0.0,0.0,0.0,0.0,1.6841227,92.917,2.0,-0.118
1037,Bolivia,BOL,2012,83200.0,0.0,0.0,0.0,0.0,1.8456064,92.917,2.0,-0.118
1038,Bolivia,BOL,2013,83200.0,0.0,0.0,0.0,0.0,1.8412404,94.5,2.0,-0.118
1039,Bolivia,BOL,2014,71200.0,0.0,0.0,0.0,0.0,1.8969151,94.0,2.0,-0.118
1040,Bolivia,BOL,2015,71200.0,0.0,0.0,0.0,0.0,1.759436,94.0,2.0,-0.118
1041,Bolivia,BOL,2016,71200.0,0.0,0.0,0.0,0.0,1.5304679,94.444,2.0,-0.118
1042,Bolivia,BOL,2017,71000.0,0.0,0.0,0.0,0.0,1.5364274,94.444,2.0,0.014
1043,Bolivia,BOL,2018,71100.0,0.0,0.0,0.0,0.0,1.4969026,94.444,2.0,0.014
1044,Bolivia,BOL,2019,71000.0,0.0,0.0,0.0,0.0,1.4512709,89.877,0.0,-0.366
1045,Bolivia,BOL,2020,71000.0,0.0,1.0,0.0,1.0,1.3920475,86.253,1.0,-0.099
1046,Bolivia,BOL,2021,,0.0,0.0,1.0,1.0,1.3257995,91.286,2.0,0.656
1047,Bolivia,BOL,2022,,0.0,0.0,1.0,1.0,0.9732509,85.833,2.0,0.656
1048,Bolivia,BOL,2023,,0.0,1.0,0.0,1.0,1.3043084,85.833,2.0,0.28
1049,Bolivia,BOL,2024,,0.0,0.0,0.0,0.0,1.3706636,83.8,2.0,0.28
1051,Bosnia and Herzegovina,BIH,1989,,0.0,0.0,0.0,0.0,,95.6,0.0,1.525
1052,Bosnia and Herzegovina,BIH,1990,,0.0,0.0,0.0,0.0,,93.6,0.0,1.184
1053,Bosnia and Herzegovina,BIH,1991,,0.0,8.0,19.0,27.0,,93.6,0.0,0.35
1054,Bosnia and Herzegovina,BIH,1992,60000.0,12731.0,2002.0,12135.0,26868.0,,48.2,0.0,-1.439
1055,Bosnia and Herzegovina,BIH,1993,,2719.0,2573.0,8494.0,13786.0,,48.2,0.0,-1.439
1056,Bosnia and Herzegovina,BIH,1994,70000.0,1234.0,922.0,5145.0,7301.0,,48.2,0.0,-1.439
1057,Bosnia and Herzegovina,BIH,1995,92000.0,14420.0,397.0,2435.0,17252.0,,61.2,0.0,-1.439
1058,Bosnia and Herzegovina,BIH,1996,227000.0,0.0,0.0,0.0,0.0,,85.0,1.0,-0.316
1059,Bosnia and Herzegovina,BIH,1997,86000.0,0.0,0.0,0.0,0.0,,91.667,2.0,-0.316
1060,Bosnia and Herzegovina,BIH,1998,86000.0,0.0,0.0,0.0,0.0,,91.667,2.0,-0.316
1061,Bosnia and Herzegovina,BIH,1999,86000.0,0.0,0.0,0.0,0.0,,91.667,2.0,-0.088
1062,Bosnia and Herzegovina,BIH,2000,76000.0,0.0,0.0,0.0,0.0,,91.667,2.0,0.31
1063,Bosnia and Herzegovina,BIH,2001,24000.0,0.0,0.0,0.0,0.0,,95.692,2.0,0.806
1064,Bosnia and Herzegovina,BIH,2002,19800.0,0.0,0.0,0.0,0.0,3.904373,95.692,2.0,0.806
1065,Bosnia and Herzegovina,BIH,2003,18800.0,0.0,0.0,0.0,0.0,2.4166977,95.692,2.0,0.004
1066,Bosnia and Herzegovina,BIH,2004,24000.0,0.0,0.0,0.0,0.0,1.8896029,95.692,2.0,0.004
1067,Bosnia and Herzegovina,BIH,2005,12000.0,0.0,0.0,0.0,0.0,1.5442196,95.692,2.0,0.004
1068,Bosnia and Herzegovina,BIH,2006,9000.0,0.0,0.0,0.0,0.0,1.3865335,95.692,2.0,0.004
1069,Bosnia and Herzegovina,BIH,2007,9000.0,0.0,0.0,0.0,0.0,1.2361529,95.692,2.0,0.004
1070,Bosnia and Herzegovina,BIH,2008,9000.0,0.0,0.0,0.0,0.0,1.220612,93.0,2.0,0.004
1071,Bosnia and Herzegovina,BIH,2009,10577.0,0.0,0.0,0.0,0.0,1.3765862,93.0,2.0,0.004
1072,Bosnia and Herzegovina,BIH,2010,10577.0,0.0,0.0,0.0,0.0,1.2803415,95.692,2.0,-0.1
1073,Bosnia and Herzegovina,BIH,2011,10550.0,0.0,0.0,0.0,0.0,1.1364303,95.692,2.0,-0.1
1074,Bosnia and Herzegovina,BIH,2012,10500.0,0.0,0.0,0.0,0.0,1.145572,95.692,2.0,-0.1
1075,Bosnia and Herzegovina,BIH,2013,10500.0,0.0,0.0,0.0,0.0,1.0870558,95.923,2.0,0.069
1076,Bosnia and Herzegovina,BIH,2014,10500.0,0.0,0.0,0.0,0.0,1.0258268,95.923,2.0,0.069
1077,Bosnia and Herzegovina,BIH,2015,10500.0,0.0,0.0,0.0,0.0,0.9888576,95.923,2.0,0.069
1078,Bosnia and Herzegovina,BIH,2016,10500.0,0.0,0.0,0.0,0.0,0.9227723,95.769,2.0,0.259
1079,Bosnia and Herzegovina,BIH,2017,11000.0,0.0,0.0,0.0,0.0,0.8525936,92.154,2.0,0.185
1080,Bosnia and Herzegovina,BIH,2018,10500.0,0.0,0.0,0.0,0.0,0.84004736,88.692,2.0,0.048
1081,Bosnia and Herzegovina,BIH,2019,11000.0,0.0,0.0,0.0,0.0,0.80732423,91.667,2.0,-0.012
1082,Bosnia and Herzegovina,BIH,2020,11000.0,0.0,0.0,0.0,0.0,0.8272983,86.167,2.0,0.057
1083,Bosnia and Herzegovina,BIH,2021,,0.0,0.0,0.0,0.0,0.8861336,88.333,2.0,0.057
1084,Bosnia and Herzegovina,BIH,2022,,0.0,0.0,0.0,0.0,0.7520287,87.417,2.0,0.057
1085,Bosnia and Herzegovina,BIH,2023,,0.0,0.0,0.0,0.0,0.71763,87.333,2.0,0.166
1086,Bosnia and Herzegovina,BIH,2024,,0.0,0.0,0.0,0.0,0.7470799,87.545,2.0,-0.042
1087,Botswana,BWA,1989,6000.0,0.0,0.0,0.0,0.0,3.5690098,98.533,2.0,2.075
1088,Botswana,BWA,1990,6000.0,1.0,0.0,0.0,1.0,4.445158,98.533,2.0,2.075
1089,Botswana,BWA,1991,7000.0,0.0,0.0,0.0,0.0,4.60347,98.533,2.0,2.075
1090,Botswana,BWA,1992,7000.0,0.0,0.0,0.0,0.0,4.482809,98.533,2.0,2.075
1091,Botswana,BWA,1993,7000.0,0.0,0.0,0.0,0.0,4.933492,98.533,2.0,2.075
1092,Botswana,BWA,1994,7000.0,0.0,0.0,0.0,0.0,4.0081205,98.533,2.0,2.075
1093,Botswana,BWA,1995,8500.0,0.0,0.0,0.0,0.0,3.5064797,98.533,2.0,2.075
1094,Botswana,BWA,1996,8500.0,0.0,0.0,0.0,0.0,2.8995216,98.533,2.0,2.075
1095,Botswana,BWA,1997,8500.0,0.0,0.0,0.0,0.0,3.1972046,98.533,2.0,2.075
1096,Botswana,BWA,1998,9500.0,0.0,0.0,0.0,0.0,3.779399,98.533,2.0,2.075
1097,Botswana,BWA,1999,10000.0,0.0,0.0,0.0,0.0,3.092074,98.533,3.0,2.637
1098,Botswana,BWA,2000,10000.0,0.0,0.0,0.0,0.0,3.1912432,98.533,3.0,2.637
1099,Botswana,BWA,2001,10000.0,0.0,0.0,0.0,0.0,3.831223,98.533,3.0,2.637
1100,Botswana,BWA,2002,10500.0,0.0,0.0,0.0,0.0,4.1102066,98.533,3.0,2.637
1101,Botswana,BWA,2003,10500.0,0.0,0.0,0.0,0.0,4.0073667,98.533,3.0,2.637
1102,Botswana,BWA,2004,10000.0,0.0,0.0,0.0,0.0,3.5058742,98.533,3.0,2.637
1103,Botswana,BWA,2005,11000.0,0.0,0.0,0.0,0.0,2.858004,98.533,3.0,2.637
1104,Botswana,BWA,2006,11000.0,0.0,0.0,0.0,0.0,2.7545462,98.533,3.0,2.637
1105,Botswana,BWA,2007,11000.0,0.0,0.0,0.0,0.0,2.9000146,98.533,3.0,2.475
1106,Botswana,BWA,2008,11000.0,0.0,0.0,0.0,0.0,3.0976205,98.533,3.0,2.475
1107,Botswana,BWA,2009,10500.0,0.0,0.0,0.0,0.0,3.2628207,98.533,3.0,2.212
1108,Botswana,BWA,2010,10500.0,0.0,0.0,0.0,0.0,2.75908,98.5,3.0,2.212
1109,Botswana,BWA,2011,10500.0,0.0,0.0,0.0,0.0,2.40443,98.5,3.0,2.212
1110,Botswana,BWA,2012,10500.0,0.0,0.0,0.0,0.0,2.3437722,92.562,3.0,2.212
1111,Botswana,BWA,2013,10500.0,0.0,0.0,0.0,0.0,2.147171,98.321,3.0,2.075
1112,Botswana,BWA,2014,10500.0,0.0,0.0,0.0,0.0,2.211997,98.321,3.0,1.888
1113,Botswana,BWA,2015,9000.0,0.0,0.0,0.0,0.0,2.8251944,98.273,3.0,1.888
1114,Botswana,BWA,2016,9000.0,0.0,0.0,0.0,0.0,3.4106627,98.273,3.0,1.888
1115,Botswana,BWA,2017,9000.0,0.0,0.0,0.0,0.0,3.248579,98.636,3.0,1.686
1116,Botswana,BWA,2018,9000.0,0.0,0.0,0.0,0.0,2.9247594,98.636,3.0,1.686
1117,Botswana,BWA,2019,9000.0,0.0,0.0,0.0,0.0,3.0812225,97.75,3.0,2.039
1118,Botswana,BWA,2020,9000.0,0.0,0.0,0.0,0.0,3.3347878,97.429,3.0,1.792
1119,Botswana,BWA,2021,,0.0,0.0,0.0,0.0,3.0455694,97.429,2.0,1.363
1120,Botswana,BWA,2022,,0.0,0.0,0.0,0.0,2.517783,98.333,2.0,1.418
1121,Botswana,BWA,2023,,0.0,0.0,0.0,0.0,2.456259,98.333,2.0,0.8
1122,Botswana,BWA,2024,,0.0,0.0,0.0,0.0,2.8339279,98.333,2.0,1.201
1123,Brazil,BRA,1989,319000.0,0.0,0.0,0.0,0.0,2.68625,90.824,2.0,0.347
1124,Brazil,BRA,1990,295000.0,0.0,0.0,0.0,0.0,2.363841,90.824,2.0,0.347
1125,Brazil,BRA,1991,295000.0,0.0,0.0,0.0,0.0,1.9633334,90.824,2.0,0.347
1126,Brazil,BRA,1992,296000.0,0.0,0.0,0.0,0.0,1.5215288,90.824,2.0,0.347
1127,Brazil,BRA,1993,296000.0,29.0,0.0,0.0,29.0,1.9279228,90.824,2.0,0.347
1128,Brazil,BRA,1994,296000.0,1.0,18.0,9.0,28.0,2.0160077,90.824,2.0,0.347
1129,Brazil,BRA,1995,680600.0,2.0,35.0,3.0,40.0,1.8621371,90.824,2.0,0.596
1130,Brazil,BRA,1996,680600.0,0.0,0.0,0.0,0.0,1.6548434,90.824,2.0,0.596
1131,Brazil,BRA,1997,700300.0,2.0,32.0,0.0,34.0,1.5776883,90.824,2.0,0.596
1132,Brazil,BRA,1998,698850.0,0.0,0.0,0.0,0.0,1.662292,90.824,2.0,0.596
1133,Brazil,BRA,1999,676600.0,35.0,24.0,1.0,60.0,1.6454747,90.824,2.0,0.596
1134,Brazil,BRA,2000,673200.0,1.0,19.0,9.0,29.0,1.7307261,90.824,2.0,0.771
1135,Brazil,BRA,2001,673200.0,0.0,66.0,8.0,74.0,1.9518825,90.824,2.0,0.771
1136,Brazil,BRA,2002,673200.0,7.0,37.0,4.0,48.0,1.8957711,90.824,2.0,0.771
1137,Brazil,BRA,2003,673200.0,6.0,17.0,12.0,35.0,1.5034776,90.824,2.0,0.771
1138,Brazil,BRA,2004,687000.0,5.0,78.0,2.0,85.0,1.4612684,90.824,2.0,0.771
1139,Brazil,BRA,2005,673000.0,29.0,5.0,0.0,34.0,1.5240135,90.824,2.0,1.196
1140,Brazil,BRA,2006,754000.0,0.0,0.0,0.0,0.0,1.481085,90.824,2.0,1.196
1141,Brazil,BRA,2007,721000.0,0.0,0.0,0.0,0.0,1.4662921,90.824,2.0,1.196
1142,Brazil,BRA,2008,721000.0,0.0,0.0,0.0,0.0,1.4419241,90.824,2.0,1.196
1143,Brazil,BRA,2009,713480.0,5.0,35.0,0.0,40.0,1.5386256,90.824,2.0,1.196
1144,Brazil,BRA,2010,713480.0,0.0,0.0,0.0,0.0,1.539407,90.206,2.0,1.196
1145,Brazil,BRA,2011,713480.0,1.0,30.0,0.0,31.0,1.4118512,90.206,2.0,1.196
1146,Brazil,BRA,2012,713480.0,0.0,262.0,0.0,262.0,1.3786565,90.206,2.0,1.196
1147,Brazil,BRA,2013,713480.0,0.0,0.0,0.0,0.0,1.3294461,90.206,2.0,1.196
1148,Brazil,BRA,2014,729500.0,0.0,0.0,0.0,0.0,1.3302444,90.206,2.0,1.196
1149,Brazil,BRA,2015,729500.0,1.0,22.0,42.0,65.0,1.3655171,88.231,2.0,1.196
1150,Brazil,BRA,2016,729500.0,4.0,121.0,22.0,147.0,1.3479755,89.231,2.0,1.16
1151,Brazil,BRA,2017,730000.0,13.0,2864.0,168.0,3045.0,1.4140216,89.154,2.0,1.058
1152,Brazil,BRA,2018,761500.0,18.0,2540.0,77.0,2635.0,1.4696777,89.667,2.0,0.994
1153,Brazil,BRA,2019,762000.0,42.0,1539.0,78.0,1659.0,1.3827972,92.25,2.0,0.466
1154,Brazil,BRA,2020,762000.0,26.0,2506.0,46.0,2578.0,1.3266603,92.75,2.0,0.466
1155,Brazil,BRA,2021,,81.0,2404.0,97.0,2582.0,1.1490377,91.833,2.0,0.466
1156,Brazil,BRA,2022,,160.0,1347.0,143.0,1650.0,1.0524008,91.417,2.0,0.426
1157,Brazil,BRA,2023,,235.0,2013.0,140.0,2388.0,1.0023754,90.1,2.0,1.366
1158,Brazil,BRA,2024,,97.0,1335.0,137.0,1569.0,0.9727745,90.125,2.0,1.366
1161,Brunei,BRN,1989,4000.0,0.0,0.0,0.0,0.0,6.2104363,,,
1162,Brunei,BRN,1990,4000.0,0.0,0.0,0.0,0.0,6.437735,,,
1163,Brunei,BRN,1991,4000.0,0.0,0.0,0.0,0.0,6.40435,,,
1164,Brunei,BRN,1992,4000.0,0.0,0.0,0.0,0.0,6.245145,,,
1165,Brunei,BRN,1993,4000.0,0.0,0.0,0.0,0.0,5.7402315,,,
1166,Brunei,BRN,1994,5000.0,0.0,0.0,0.0,0.0,5.9824715,,,
1167,Brunei,BRN,1995,9000.0,0.0,0.0,0.0,0.0,5.477266,,,
1168,Brunei,BRN,1996,9100.0,0.0,0.0,0.0,0.0,6.2494936,,,
1169,Brunei,BRN,1997,9050.0,0.0,0.0,0.0,0.0,7.1839647,,,
1170,Brunei,BRN,1998,9050.0,0.0,0.0,0.0,0.0,7.529844,,,
1171,Brunei,BRN,1999,8750.0,0.0,0.0,0.0,0.0,6.1304183,,,
1172,Brunei,BRN,2000,8800.0,0.0,0.0,0.0,0.0,4.0692053,,,
1173,Brunei,BRN,2001,9700.0,0.0,0.0,0.0,0.0,3.8863976,,,
1174,Brunei,BRN,2002,10700.0,0.0,0.0,0.0,0.0,3.8707826,,,
1175,Brunei,BRN,2003,10700.0,0.0,0.0,0.0,0.0,3.7114196,,,
1176,Brunei,BRN,2004,10000.0,0.0,0.0,0.0,0.0,2.53273,,,
1177,Brunei,BRN,2005,11000.0,0.0,0.0,0.0,0.0,2.3494277,,,
1178,Brunei,BRN,2006,9000.0,0.0,0.0,0.0,0.0,2.3039632,,,
1179,Brunei,BRN,2007,9000.0,0.0,0.0,0.0,0.0,2.3801522,,,
1180,Brunei,BRN,2008,9000.0,0.0,0.0,0.0,0.0,2.2617924,,,
1181,Brunei,BRN,2009,9250.0,0.0,0.0,0.0,0.0,2.941072,,,
1182,Brunei,BRN,2010,9250.0,0.0,0.0,0.0,0.0,2.8504877,,,
1183,Brunei,BRN,2011,9250.0,0.0,0.0,0.0,0.0,2.2422414,,,
1184,Brunei,BRN,2012,9250.0,0.0,0.0,0.0,0.0,2.1590345,,,
1185,Brunei,BRN,2013,9250.0,0.0,0.0,0.0,0.0,2.2775075,,,
1186,Brunei,BRN,2014,9250.0,0.0,0.0,0.0,0.0,3.0868611,,,
1187,Brunei,BRN,2015,9250.0,0.0,0.0,0.0,0.0,3.2792904,,,
1188,Brunei,BRN,2016,12100.0,0.0,0.0,0.0,0.0,3.5393846,,,
1189,Brunei,BRN,2017,8000.0,0.0,0.0,0.0,0.0,2.8651285,,,
1190,Brunei,BRN,2018,8200.0,0.0,0.0,0.0,0.0,2.6366124,,,
1191,Brunei,BRN,2019,8000.0,0.0,0.0,0.0,0.0,3.078587,,,
1192,Brunei,BRN,2020,8000.0,0.0,0.0,0.0,0.0,3.634292,,,
1193,Brunei,BRN,2021,,0.0,0.0,0.0,0.0,3.2363675,,,
1194,Brunei,BRN,2022,,0.0,0.0,0.0,0.0,2.6119301,,,
1195,Brunei,BRN,2023,,0.0,0.0,0.0,0.0,2.9760175,,,
1196,Brunei,BRN,2024,,0.0,0.0,0.0,0.0,3.577816,,,
1197,Bulgaria,BGR,1989,150000.0,0.0,0.0,0.0,0.0,4.3962708,99.909,0.0,-0.063
1198,Bulgaria,BGR,1990,129000.0,0.0,0.0,0.0,0.0,3.8334436,99.909,2.0,0.824
1199,Bulgaria,BGR,1991,107000.0,0.0,0.0,0.0,0.0,3.0432315,99.909,2.0,0.824
1200,Bulgaria,BGR,1992,99000.0,0.0,0.0,0.0,0.0,2.9726338,99.909,2.0,0.824
1201,Bulgaria,BGR,1993,52000.0,0.0,0.0,0.0,0.0,2.6092715,99.909,2.0,0.824
1202,Bulgaria,BGR,1994,80000.0,0.0,0.0,0.0,0.0,2.4926174,99.909,2.0,0.824
1203,Bulgaria,BGR,1995,135900.0,0.0,0.0,0.0,0.0,1.6383458,99.909,2.0,0.824
1204,Bulgaria,BGR,1996,137500.0,0.0,0.0,0.0,0.0,1.7374296,99.909,2.0,0.824
1205,Bulgaria,BGR,1997,135500.0,0.0,0.0,0.0,0.0,2.1594803,99.909,2.0,0.824
1206,Bulgaria,BGR,1998,135500.0,0.0,0.0,0.0,0.0,2.1315162,99.909,2.0,1.445
1207,Bulgaria,BGR,1999,114760.0,0.0,0.0,0.0,0.0,2.619501,99.909,2.0,1.445
1208,Bulgaria,BGR,2000,113800.0,0.0,0.0,0.0,0.0,2.6524556,99.909,2.0,1.445
1209,Bulgaria,BGR,2001,111300.0,0.0,0.0,0.0,0.0,2.8625195,99.909,2.0,1.445
1210,Bulgaria,BGR,2002,102400.0,0.0,0.0,0.0,0.0,2.7796767,99.909,2.0,1.445
1211,Bulgaria,BGR,2003,85000.0,0.0,0.0,0.0,0.0,2.6912014,99.909,2.0,1.445
1212,Bulgaria,BGR,2004,85000.0,0.0,0.0,0.0,0.0,2.3737118,99.909,2.0,1.445
1213,Bulgaria,BGR,2005,85000.0,0.0,0.0,0.0,0.0,2.2353501,99.909,2.0,1.445
1214,Bulgaria,BGR,2006,75000.0,0.0,0.0,0.0,0.0,2.0817618,99.909,2.0,1.445
1215,Bulgaria,BGR,2007,75000.0,0.0,0.0,0.0,0.0,2.2285397,99.909,2.0,1.362
1216,Bulgaria,BGR,2008,75000.0,0.0,0.0,0.0,0.0,2.131864,99.909,2.0,1.362
1217,Bulgaria,BGR,2009,65315.0,0.0,0.0,0.0,0.0,1.7395115,99.909,2.0,1.148
1218,Bulgaria,BGR,2010,65315.0,0.0,0.0,0.0,0.0,1.6424615,99.909,2.0,0.966
1219,Bulgaria,BGR,2011,47300.0,0.0,0.0,0.0,0.0,1.3140002,99.909,2.0,0.966
1220,Bulgaria,BGR,2012,47300.0,0.0,0.0,0.0,0.0,1.329819,99.909,2.0,1.159
1221,Bulgaria,BGR,2013,47300.0,0.0,0.0,0.0,0.0,1.4540428,99.909,2.0,0.938
1222,Bulgaria,BGR,2014,47300.0,0.0,0.0,0.0,0.0,1.3096023,99.909,2.0,0.85
1223,Bulgaria,BGR,2015,47300.0,0.0,0.0,0.0,0.0,1.2459335,99.909,2.0,0.713
1224,Bulgaria,BGR,2016,31300.0,0.0,0.0,0.0,0.0,1.2438458,99.909,2.0,0.713
1225,Bulgaria,BGR,2017,31000.0,0.0,0.0,0.0,0.0,1.2222085,99.909,2.0,0.537
1226,Bulgaria,BGR,2018,36950.0,0.0,0.0,0.0,0.0,1.4510621,99.909,2.0,0.537
1227,Bulgaria,BGR,2019,37000.0,0.0,0.0,0.0,0.0,3.1449509,99.909,2.0,0.537
1228,Bulgaria,BGR,2020,37000.0,0.0,0.0,0.0,0.0,1.5856183,99.909,2.0,0.329
1229,Bulgaria,BGR,2021,,0.0,0.0,0.0,0.0,1.5107237,99.909,2.0,0.074
1230,Bulgaria,BGR,2022,,0.0,0.0,0.0,0.0,1.587075,99.909,2.0,0.77
1231,Bulgaria,BGR,2023,,0.0,0.0,0.0,0.0,1.944583,99.909,2.0,0.77
1232,Bulgaria,BGR,2024,,0.0,0.0,0.0,0.0,2.1494734,99.909,2.0,-0.343
1233,Burkina Faso,BFA,1989,8000.0,0.0,0.0,0.0,0.0,2.7407742,89.733,0.0,-0.127
1234,Burkina Faso,BFA,1990,10000.0,0.0,0.0,0.0,0.0,2.704893,89.733,0.0,0.203
1235,Burkina Faso,BFA,1991,10000.0,0.0,0.0,0.0,0.0,2.1668694,89.733,,0.037
1236,Burkina Faso,BFA,1992,9000.0,0.0,0.0,0.0,0.0,2.0496516,89.733,1.0,0.037
1237,Burkina Faso,BFA,1993,9000.0,0.0,0.0,0.0,0.0,1.8625299,89.733,1.0,0.41
1238,Burkina Faso,BFA,1994,9000.0,0.0,0.0,0.0,0.0,1.4228847,89.733,1.0,0.41
1239,Burkina Faso,BFA,1995,10300.0,0.0,0.0,0.0,0.0,1.3830427,89.733,1.0,0.41
1240,Burkina Faso,BFA,1996,10300.0,0.0,0.0,0.0,0.0,1.2870884,89.733,1.0,0.41
1241,Burkina Faso,BFA,1997,10000.0,0.0,0.0,0.0,0.0,1.4170551,89.733,1.0,0.41
1242,Burkina Faso,BFA,1998,10250.0,0.0,0.0,0.0,0.0,1.2763625,89.733,1.0,0.41
1243,Burkina Faso,BFA,1999,10300.0,0.0,0.0,0.0,0.0,1.231912,89.733,1.0,1.006
1244,Burkina Faso,BFA,2000,11300.0,0.0,0.0,0.0,0.0,1.2380464,89.733,2.0,1.006
1245,Burkina Faso,BFA,2001,14200.0,0.0,0.0,0.0,0.0,1.155515,89.733,2.0,1.006
1246,Burkina Faso,BFA,2002,14400.0,0.0,0.0,0.0,0.0,1.177935,89.733,2.0,1.006
1247,Burkina Faso,BFA,2003,15000.0,0.0,0.0,0.0,0.0,1.0730554,89.733,2.0,1.006
1248,Burkina Faso,BFA,2004,10250.0,0.0,0.0,0.0,0.0,1.2070057,89.733,2.0,1.006
1249,Burkina Faso,BFA,2005,11250.0,0.0,0.0,0.0,0.0,1.2018949,89.733,2.0,1.006
1250,Burkina Faso,BFA,2006,,0.0,0.0,0.0,0.0,1.1103219,89.733,2.0,1.006
1251,Burkina Faso,BFA,2007,11250.0,0.0,0.0,0.0,0.0,1.4157265,89.733,2.0,1.006
1252,Burkina Faso,BFA,2008,11250.0,0.0,0.0,0.0,0.0,1.2429127,89.733,2.0,1.006
1253,Burkina Faso,BFA,2009,11450.0,0.0,0.0,0.0,0.0,1.352765,89.733,2.0,1.006
1254,Burkina Faso,BFA,2010,11450.0,0.0,0.0,0.0,0.0,1.2247859,89.733,2.0,1.006
1255,Burkina Faso,BFA,2011,11450.0,0.0,0.0,0.0,0.0,1.1509058,89.467,2.0,0.909
1256,Burkina Faso,BFA,2012,11450.0,0.0,0.0,0.0,0.0,1.1760285,83.867,2.0,0.909
1257,Burkina Faso,BFA,2013,11450.0,0.0,0.0,0.0,0.0,1.2360903,86.091,2.0,1.346
1258,Burkina Faso,BFA,2014,11450.0,0.0,0.0,0.0,0.0,1.272342,85.0,2.0,1.346
1259,Burkina Faso,BFA,2015,11450.0,0.0,0.0,0.0,0.0,1.2507808,83.636,1.0,1.346
1260,Burkina Faso,BFA,2016,11450.0,0.0,25.0,0.0,25.0,1.1653334,86.364,2.0,1.346
1261,Burkina Faso,BFA,2017,11000.0,34.0,0.0,0.0,34.0,1.3636297,85.0,2.0,1.201
1262,Burkina Faso,BFA,2018,11200.0,93.0,0.0,78.0,171.0,1.9253846,83.667,2.0,1.432
1263,Burkina Faso,BFA,2019,11000.0,896.0,7.0,342.0,1245.0,2.212552,78.0,2.0,1.432
1264,Burkina Faso,BFA,2020,11000.0,550.0,95.0,507.0,1152.0,2.1142418,77.625,2.0,1.432
1265,Burkina Faso,BFA,2021,,495.0,57.0,902.0,1454.0,2.3336287,72.143,2.0,1.432
1266,Burkina Faso,BFA,2022,,942.0,48.0,1712.0,2702.0,2.9816155,68.571,0.0,1.488
1267,Burkina Faso,BFA,2023,,1581.0,158.0,4393.0,6132.0,4.0787115,72.143,0.0,1.653
1268,Burkina Faso,BFA,2024,,2172.0,214.0,1867.0,4253.0,4.679732,82.5,0.0,0.137
1269,Burundi,BDI,1989,11000.0,0.0,0.0,0.0,0.0,3.349522,92.5,0.0,-0.063
1270,Burundi,BDI,1990,12000.0,0.0,0.0,0.0,0.0,3.4487123,92.5,0.0,0.045
1271,Burundi,BDI,1991,12000.0,74.0,195.0,73.0,342.0,3.7862706,92.5,0.0,0.045
1272,Burundi,BDI,1992,13000.0,1.0,0.0,60.0,61.0,3.5956378,92.5,0.0,0.045
1273,Burundi,BDI,1993,13000.0,6420.0,1392.0,2400.0,10212.0,3.7202756,92.5,0.0,-0.187
1274,Burundi,BDI,1994,17000.0,774.0,38.0,114.0,926.0,3.9211113,92.778,1.0,-0.619
1275,Burundi,BDI,1995,14600.0,2285.0,387.0,152.0,2824.0,4.209073,92.778,1.0,-0.619
1276,Burundi,BDI,1996,22000.0,17449.0,298.0,436.0,18183.0,5.856885,92.778,0.0,-0.619
1277,Burundi,BDI,1997,22000.0,2338.0,1265.0,792.0,4395.0,6.359653,92.778,0.0,-0.619
1278,Burundi,BDI,1998,43500.0,997.0,100.0,700.0,1797.0,6.572273,92.778,0.0,-0.619
1279,Burundi,BDI,1999,45500.0,1227.0,134.0,467.0,1828.0,6.2576437,92.778,0.0,-0.619
1280,Burundi,BDI,2000,45500.0,935.0,308.0,1198.0,2441.0,4.8624024,92.778,0.0,-0.619
1281,Burundi,BDI,2001,51000.0,629.0,232.0,752.0,1613.0,6.071737,92.778,0.0,-0.619
1282,Burundi,BDI,2002,51000.0,891.0,302.0,797.0,1990.0,5.4416785,92.778,0.0,-0.619
1283,Burundi,BDI,2003,56000.0,509.0,252.0,521.0,1282.0,5.5334353,92.778,0.0,-0.619
1284,Burundi,BDI,2004,81000.0,243.0,11.0,456.0,710.0,4.903267,92.778,0.0,-0.619
1285,Burundi,BDI,2005,82000.0,209.0,15.0,259.0,483.0,4.43619,92.778,1.0,-0.59
1286,Burundi,BDI,2006,,116.0,0.0,135.0,251.0,3.5117183,92.778,1.0,-1.234
1287,Burundi,BDI,2007,51000.0,1.0,25.0,26.0,52.0,3.4145951,92.778,1.0,-1.265
1288,Burundi,BDI,2008,51000.0,9.0,34.0,183.0,226.0,2.7208905,93.889,1.0,-1.265
1289,Burundi,BDI,2009,51050.0,0.0,0.0,0.0,0.0,,93.889,1.0,-1.265
1290,Burundi,BDI,2010,51050.0,0.0,0.0,0.0,0.0,,93.889,1.0,-1.322
1291,Burundi,BDI,2011,51050.0,0.0,0.0,0.0,0.0,,93.889,1.0,-1.322
1292,Burundi,BDI,2012,51000.0,0.0,0.0,0.0,0.0,2.5271778,93.889,1.0,-1.322
1293,Burundi,BDI,2013,51050.0,0.0,0.0,0.0,0.0,2.482413,93.889,1.0,-1.065
1294,Burundi,BDI,2014,51050.0,0.0,0.0,56.0,56.0,2.2979455,93.889,1.0,-1.065
1295,Burundi,BDI,2015,41000.0,81.0,4.0,180.0,265.0,2.13132,93.889,1.0,-1.065
1296,Burundi,BDI,2016,51050.0,85.0,0.0,0.0,85.0,2.2431638,93.571,1.0,-1.782
1297,Burundi,BDI,2017,31000.0,38.0,0.0,0.0,38.0,2.0027099,93.571,1.0,-1.532
1298,Burundi,BDI,2018,51050.0,109.0,0.0,0.0,109.0,2.1494195,93.571,1.0,-1.532
1299,Burundi,BDI,2019,51000.0,59.0,0.0,16.0,75.0,2.807817,90.0,1.0,-1.081
1300,Burundi,BDI,2020,31000.0,67.0,0.0,60.0,127.0,2.1859133,93.0,1.0,-0.71
1301,Burundi,BDI,2021,,63.0,0.0,13.0,76.0,2.0430098,94.0,1.0,-0.877
1302,Burundi,BDI,2022,,38.0,0.0,0.0,38.0,2.5985808,94.0,1.0,-0.877
1303,Burundi,BDI,2023,,60.0,0.0,64.0,124.0,3.4315772,94.8,1.0,-0.877
1304,Burundi,BDI,2024,,59.0,2.0,9.0,70.0,3.801279,94.8,1.0,-0.384
1305,Cambodia,KHM,1989,99000.0,16.0,381.0,415.0,812.0,1.9924536,73.6,1.0,-0.747
1306,Cambodia,KHM,1990,112000.0,104.0,258.0,15.0,377.0,2.0713756,70.4,1.0,-0.747
1307,Cambodia,KHM,1991,112000.0,126.0,155.0,31.0,312.0,2.3278966,70.4,1.0,-0.747
1308,Cambodia,KHM,1992,135000.0,88.0,87.0,16.0,191.0,3.1459332,72.4,1.0,-0.747
1309,Cambodia,KHM,1993,102000.0,228.0,76.0,180.0,484.0,1.7612895,71.4,1.0,-1.098
1310,Cambodia,KHM,1994,70000.0,109.0,221.0,236.0,566.0,3.842343,77.0,1.0,-0.922
1311,Cambodia,KHM,1995,308500.0,50.0,556.0,117.0,723.0,3.5773106,77.0,1.0,-0.922
1312,Cambodia,KHM,1996,307700.0,65.0,520.0,256.0,841.0,3.2384543,77.0,1.0,-0.922
1313,Cambodia,KHM,1997,360500.0,5.0,289.0,121.0,415.0,3.003361,77.0,1.0,-0.922
1314,Cambodia,KHM,1998,359000.0,36.0,183.0,19.0,238.0,2.6620479,77.0,1.0,-0.725
1315,Cambodia,KHM,1999,359000.0,0.0,0.0,0.0,0.0,2.510029,80.0,1.0,-1.173
1316,Cambodia,KHM,2000,360000.0,0.0,0.0,0.0,0.0,2.1858034,94.545,1.0,-1.173
1317,Cambodia,KHM,2001,207000.0,0.0,0.0,0.0,0.0,1.7055995,94.545,1.0,-1.173
1318,Cambodia,KHM,2002,192000.0,0.0,0.0,0.0,0.0,1.4462909,94.545,1.0,-1.173
1319,Cambodia,KHM,2003,192000.0,0.0,0.0,0.0,0.0,1.3361026,94.545,1.0,-1.173
1320,Cambodia,KHM,2004,192000.0,0.0,0.0,0.0,0.0,1.176516,94.545,1.0,-1.173
1321,Cambodia,KHM,2005,191000.0,0.0,0.0,0.0,0.0,1.0041903,94.545,1.0,-1.173
1322,Cambodia,KHM,2006,191000.0,0.0,0.0,0.0,0.0,0.90870047,94.545,1.0,-1.173
1323,Cambodia,KHM,2007,191000.0,0.0,0.0,0.0,0.0,0.78017515,94.545,1.0,-1.173
1324,Cambodia,KHM,2008,191000.0,0.0,0.0,0.0,0.0,0.67873114,94.545,1.0,-1.173
1325,Cambodia,KHM,2009,191300.0,0.0,0.0,0.0,0.0,1.0924635,94.545,1.0,-1.173
1326,Cambodia,KHM,2010,191300.0,0.0,0.0,0.0,0.0,1.2155987,94.545,1.0,-1.173
1327,Cambodia,KHM,2011,191300.0,2.0,5.0,3.0,10.0,1.1985526,94.545,1.0,-1.173
1328,Cambodia,KHM,2012,191300.0,0.0,0.0,0.0,0.0,1.2190014,94.545,1.0,-1.173
1329,Cambodia,KHM,2013,191300.0,0.0,0.0,0.0,0.0,1.229204,95.0,1.0,-1.316
1330,Cambodia,KHM,2014,191300.0,0.0,0.0,0.0,0.0,1.2611417,95.0,1.0,-1.316
1331,Cambodia,KHM,2015,191300.0,0.0,0.0,0.0,0.0,1.3452047,95.0,1.0,-1.316
1332,Cambodia,KHM,2016,191300.0,0.0,0.0,0.0,0.0,1.439557,95.0,1.0,-1.803
1333,Cambodia,KHM,2017,191000.0,0.0,0.0,0.0,0.0,1.5618165,93.571,1.0,-1.803
1334,Cambodia,KHM,2018,191300.0,0.0,0.0,0.0,0.0,1.6371653,93.571,1.0,-1.576
1335,Cambodia,KHM,2019,191000.0,0.0,0.0,0.0,0.0,1.621937,92.857,1.0,-1.576
1336,Cambodia,KHM,2020,191000.0,0.0,0.0,0.0,0.0,1.780105,92.143,1.0,-1.576
1337,Cambodia,KHM,2021,,0.0,0.0,0.0,0.0,1.7016077,92.143,1.0,-1.819
1338,Cambodia,KHM,2022,,0.0,0.0,0.0,0.0,1.5418835,90.0,1.0,-1.819
1339,Cambodia,KHM,2023,,0.0,0.0,0.0,0.0,1.5448977,90.0,1.0,-1.819
1340,Cambodia,KHM,2024,,0.0,0.0,0.0,0.0,1.5206646,90.0,1.0,-1.819
1341,Cameroon,CMR,1989,21000.0,0.0,0.0,0.0,0.0,1.3336891,98.333,1.0,-1.263
1342,Cameroon,CMR,1990,23000.0,0.0,0.0,0.0,0.0,1.4745666,97.667,1.0,-0.982
1343,Cameroon,CMR,1991,24000.0,0.0,50.0,0.0,50.0,1.5145516,97.667,1.0,-0.982
1344,Cameroon,CMR,1992,12000.0,0.0,25.0,0.0,25.0,1.5326055,97.667,1.0,-0.982
1345,Cameroon,CMR,1993,12000.0,0.0,46.0,1.0,47.0,1.3261245,97.667,1.0,-0.982
1346,Cameroon,CMR,1994,12000.0,55.0,34.0,0.0,89.0,1.3103402,97.667,1.0,-0.982
1347,Cameroon,CMR,1995,23600.0,0.0,0.0,0.0,0.0,1.2516448,97.667,1.0,-0.982
1348,Cameroon,CMR,1996,22100.0,2.0,0.0,54.0,56.0,1.2248379,97.667,1.0,-0.868
1349,Cameroon,CMR,1997,22100.0,0.0,0.0,0.0,0.0,1.3012418,97.667,1.0,-0.868
1350,Cameroon,CMR,1998,22100.0,0.0,51.0,0.0,51.0,1.3965094,97.667,1.0,-0.956
1351,Cameroon,CMR,1999,22100.0,0.0,0.0,0.0,0.0,1.4438524,97.667,1.0,-0.956
1352,Cameroon,CMR,2000,22100.0,0.0,0.0,0.0,0.0,1.3247489,97.667,1.0,-0.956
1353,Cameroon,CMR,2001,31100.0,0.0,0.0,0.0,0.0,1.29036,97.667,1.0,-0.956
1354,Cameroon,CMR,2002,32100.0,0.0,0.0,0.0,0.0,1.3385068,96.5,1.0,-0.956
1355,Cameroon,CMR,2003,32100.0,0.0,0.0,0.0,0.0,1.383807,96.5,1.0,-0.956
1356,Cameroon,CMR,2004,23000.0,0.0,0.0,0.0,0.0,1.4016038,96.5,1.0,-0.956
1357,Cameroon,CMR,2005,23000.0,0.0,0.0,0.0,0.0,1.1439006,96.5,1.0,-1.171
1358,Cameroon,CMR,2006,,0.0,0.0,0.0,0.0,1.2297939,96.5,1.0,-1.171
1359,Cameroon,CMR,2007,23000.0,0.0,0.0,0.0,0.0,1.241593,96.5,1.0,-1.194
1360,Cameroon,CMR,2008,23000.0,0.0,0.0,0.0,0.0,1.2555908,96.5,1.0,-1.194
1361,Cameroon,CMR,2009,23100.0,0.0,0.0,0.0,0.0,1.2338343,96.25,1.0,-1.194
1362,Cameroon,CMR,2010,23200.0,0.0,0.0,0.0,0.0,1.2883751,96.25,1.0,-1.194
1363,Cameroon,CMR,2011,23100.0,0.0,0.0,0.0,0.0,1.1358889,96.25,1.0,-1.194
1364,Cameroon,CMR,2012,23200.0,0.0,0.0,0.0,0.0,1.1753485,96.25,1.0,-1.162
1365,Cameroon,CMR,2013,23200.0,1.0,0.0,0.0,1.0,1.1650411,94.909,1.0,-1.486
1366,Cameroon,CMR,2014,23200.0,76.0,5.0,953.0,1034.0,1.1049796,94.909,1.0,-1.486
1367,Cameroon,CMR,2015,23400.0,340.0,154.0,769.0,1263.0,1.0988986,94.909,1.0,-1.486
1368,Cameroon,CMR,2016,23400.0,302.0,6.0,177.0,485.0,1.1464244,91.778,1.0,-1.666
1369,Cameroon,CMR,2017,24000.0,230.0,5.0,152.0,387.0,1.1383739,90.889,1.0,-1.666
1370,Cameroon,CMR,2018,34400.0,242.0,188.0,511.0,941.0,1.0760098,90.222,1.0,-1.666
1371,Cameroon,CMR,2019,34000.0,228.0,177.0,425.0,830.0,1.0645783,88.0,1.0,-1.666
1372,Cameroon,CMR,2020,34000.0,432.0,51.0,297.0,780.0,0.9644073,87.778,1.0,-1.666
1373,Cameroon,CMR,2021,,267.0,71.0,459.0,797.0,0.9852088,85.778,1.0,-1.666
1374,Cameroon,CMR,2022,,289.0,20.0,348.0,657.0,0.9393529,87.889,1.0,-1.7
1375,Cameroon,CMR,2023,,299.0,2.0,320.0,621.0,0.9264905,86.111,1.0,-1.703
1376,Cameroon,CMR,2024,,172.0,2.0,204.0,378.0,1.0091276,90.375,1.0,-1.703
1377,Canada,CAN,1989,88000.0,0.0,0.0,0.0,0.0,1.9346142,98.375,3.0,2.53
1378,Canada,CAN,1990,87000.0,0.0,0.0,0.0,0.0,1.9587938,98.375,3.0,2.53
1379,Canada,CAN,1991,86000.0,0.0,0.0,0.0,0.0,1.8954443,98.375,3.0,2.53
1380,Canada,CAN,1992,82000.0,0.0,0.0,0.0,0.0,1.8616878,98.375,3.0,2.53
1381,Canada,CAN,1993,76000.0,0.0,0.0,0.0,0.0,1.8217536,98.375,3.0,2.53
1382,Canada,CAN,1994,75000.0,0.0,0.0,0.0,0.0,1.6966803,98.375,3.0,2.53
1383,Canada,CAN,1995,75700.0,1.0,14.0,9.0,24.0,1.55409,98.375,3.0,2.53
1384,Canada,CAN,1996,79800.0,0.0,0.0,0.0,0.0,1.4037526,98.375,3.0,2.53
1385,Canada,CAN,1997,72700.0,0.0,0.0,0.0,0.0,1.2462431,98.375,3.0,2.53
1386,Canada,CAN,1998,69950.0,0.0,19.0,8.0,27.0,1.2562939,98.375,3.0,2.53
1387,Canada,CAN,1999,69950.0,0.0,0.0,0.0,0.0,1.241703,98.375,3.0,2.53
1388,Canada,CAN,2000,68500.0,0.0,0.0,0.0,0.0,1.1143498,98.375,3.0,2.53
1389,Canada,CAN,2001,66100.0,0.0,0.0,0.0,0.0,1.1333562,98.375,3.0,2.53
1390,Canada,CAN,2002,61600.0,0.0,0.0,0.0,0.0,1.1168691,98.375,3.0,2.53
1391,Canada,CAN,2003,61600.0,0.0,0.0,0.0,0.0,1.1119373,98.375,3.0,2.53
1392,Canada,CAN,2004,71000.0,0.0,0.0,0.0,0.0,1.1041894,98.375,3.0,2.53
1393,Canada,CAN,2005,71000.0,0.0,0.0,0.0,0.0,1.1071054,98.375,3.0,2.53
1394,Canada,CAN,2006,64000.0,0.0,0.0,0.0,0.0,1.1225247,98.375,3.0,2.53
1395,Canada,CAN,2007,64000.0,0.0,0.0,0.0,0.0,1.1857903,98.375,3.0,2.53
1396,Canada,CAN,2008,64000.0,0.0,0.0,0.0,0.0,1.2455184,98.188,3.0,2.53
1397,Canada,CAN,2009,65722.0,0.0,0.0,0.0,0.0,1.3775556,98.188,3.0,2.53
1398,Canada,CAN,2010,65700.0,0.0,0.0,0.0,0.0,1.1943383,98.562,3.0,2.53
1399,Canada,CAN,2011,65700.0,0.0,0.0,0.0,0.0,1.1932919,98.562,3.0,2.53
1400,Canada,CAN,2012,66000.0,0.0,0.0,0.0,0.0,1.1184046,98.562,3.0,2.53
1401,Canada,CAN,2013,65700.0,0.0,0.0,0.0,0.0,1.0023673,98.0,3.0,2.69
1402,Canada,CAN,2014,70200.0,0.0,0.0,0.0,0.0,0.9899253,98.0,3.0,2.69
1403,Canada,CAN,2015,67500.0,0.0,0.0,0.0,0.0,1.1527094,97.833,3.0,2.69
1404,Canada,CAN,2016,67500.0,0.0,0.0,0.0,0.0,1.1641616,97.917,3.0,2.69
1405,Canada,CAN,2017,72000.0,0.0,0.0,0.0,0.0,1.3518965,97.889,3.0,2.69
1406,Canada,CAN,2018,72400.0,0.0,0.0,0.0,0.0,1.3176781,96.375,3.0,2.69
1407,Canada,CAN,2019,72000.0,0.0,0.0,0.0,0.0,1.2845123,97.0,3.0,1.884
1408,Canada,CAN,2020,72000.0,0.0,0.0,0.0,0.0,1.3939934,95.0,2.0,1.884
1409,Canada,CAN,2021,,0.0,0.0,0.0,0.0,1.2542008,95.667,3.0,1.884
1410,Canada,CAN,2022,,0.0,0.0,0.0,0.0,1.1671326,97.0,2.0,1.884
1411,Canada,CAN,2023,,0.0,0.0,0.0,0.0,1.2531657,97.0,2.0,1.884
1412,Canada,CAN,2024,,0.0,0.0,0.0,0.0,1.3130342,97.0,2.0,1.884
1450,Central African Republic,CAF,1989,5000.0,0.0,0.0,0.0,0.0,,84.4,1.0,-0.599
1451,Central African Republic,CAF,1990,4000.0,0.0,0.0,0.0,0.0,,84.4,1.0,-0.599
1452,Central African Republic,CAF,1991,4000.0,0.0,0.0,0.0,0.0,1.5680693,84.4,1.0,-0.599
1453,Central African Republic,CAF,1992,4000.0,0.0,0.0,0.0,0.0,1.6421252,84.4,1.0,-0.599
1454,Central African Republic,CAF,1993,4000.0,0.0,0.0,0.0,0.0,1.4970878,84.4,1.0,-1.12
1455,Central African Republic,CAF,1994,4000.0,0.0,0.0,0.0,0.0,1.2558826,84.4,1.0,-1.12
1456,Central African Republic,CAF,1995,5000.0,0.0,0.0,0.0,0.0,1.1667819,84.4,1.0,-1.12
1457,Central African Republic,CAF,1996,5000.0,0.0,0.0,0.0,0.0,1.2101921,84.4,1.0,-1.12
1458,Central African Republic,CAF,1997,5000.0,0.0,0.0,0.0,0.0,,84.4,1.0,-1.12
1459,Central African Republic,CAF,1998,4950.0,0.0,0.0,0.0,0.0,,84.4,1.0,-1.12
1460,Central African Republic,CAF,1999,5000.0,0.0,0.0,0.0,0.0,,84.4,1.0,-1.12
1461,Central African Republic,CAF,2000,5400.0,0.0,0.0,0.0,0.0,,84.4,1.0,-1.12
1462,Central African Republic,CAF,2001,4200.0,23.0,180.0,13.0,216.0,,84.4,1.0,-1.12
1463,Central African Republic,CAF,2002,3550.0,24.0,88.0,19.0,131.0,1.0869557,71.137,1.0,-1.12
1464,Central African Republic,CAF,2003,3600.0,0.0,0.0,0.0,0.0,1.2638544,77.0,0.0,-1.12
1465,Central African Republic,CAF,2004,2000.0,20.0,0.0,0.0,20.0,1.153088,80.5,0.0,-1.12
1466,Central African Republic,CAF,2005,3000.0,0.0,0.0,0.0,0.0,1.08976,79.5,1.0,-1.12
1467,Central African Republic,CAF,2006,,133.0,15.0,31.0,179.0,,77.833,1.0,-1.12
1468,Central African Republic,CAF,2007,3000.0,127.0,1.0,0.0,128.0,1.0890772,77.833,1.0,-1.12
1469,Central African Republic,CAF,2008,3000.0,6.0,0.0,0.0,6.0,1.549881,77.833,1.0,-1.12
1470,Central African Republic,CAF,2009,3150.0,158.0,7.0,80.0,245.0,1.7479707,77.833,1.0,-1.12
1471,Central African Republic,CAF,2010,3150.0,103.0,2.0,43.0,148.0,2.40996,73.667,1.0,-1.12
1472,Central African Republic,CAF,2011,3150.0,90.0,82.0,12.0,184.0,2.048401,73.667,1.0,-1.12
1473,Central African Republic,CAF,2012,8150.0,62.0,0.0,45.0,107.0,1.7028453,72.0,1.0,-1.198
1474,Central African Republic,CAF,2013,8150.0,2559.0,640.0,197.0,3396.0,2.8339083,59.5,1.0,-1.119
1475,Central African Republic,CAF,2014,8150.0,2286.0,905.0,288.0,3479.0,2.0296545,59.5,,-1.119
1476,Central African Republic,CAF,2015,8150.0,409.0,261.0,49.0,719.0,1.5753169,59.5,1.0,-1.119
1477,Central African Republic,CAF,2016,8150.0,482.0,129.0,17.0,628.0,1.471638,61.5,1.0,-1.119
1478,Central African Republic,CAF,2017,8000.0,964.0,668.0,124.0,1756.0,1.3426974,58.75,1.0,-0.894
1479,Central African Republic,CAF,2018,10150.0,316.0,224.0,72.0,612.0,1.3399891,59.0,1.0,-1.145
1480,Central African Republic,CAF,2019,10000.0,92.0,163.0,167.0,422.0,1.7899,65.0,1.0,-1.145
1481,Central African Republic,CAF,2020,10000.0,55.0,97.0,65.0,217.0,1.8589728,51.75,1.0,-1.731
1482,Central African Republic,CAF,2021,,399.0,363.0,318.0,1080.0,2.1492486,62.6,1.0,-1.481
1483,Central African Republic,CAF,2022,,336.0,124.0,307.0,767.0,1.7108623,65.4,1.0,-1.481
1484,Central African Republic,CAF,2023,,99.0,2.0,289.0,390.0,2.3772066,70.0,1.0,-2.203
1485,Central African Republic,CAF,2024,,300.0,6.0,162.0,468.0,2.5196912,74.333,1.0,-2.203
1486,Chad,TCD,1989,33000.0,0.0,0.0,50.0,50.0,2.7331407,75.6,0.0,-0.08
1487,Chad,TCD,1990,50000.0,34.0,605.0,47.0,686.0,1.3802878,76.75,0.0,-1.427
1488,Chad,TCD,1991,50000.0,27.0,64.0,4.0,95.0,,76.75,0.0,-1.558
1489,Chad,TCD,1992,38000.0,291.0,588.0,311.0,1190.0,1.3746502,76.75,0.0,-1.558
1490,Chad,TCD,1993,30000.0,193.0,119.0,1.0,313.0,1.7455822,76.75,0.0,-1.558
1491,Chad,TCD,1994,40000.0,230.0,249.0,31.0,510.0,1.2177229,76.75,0.0,-1.558
1492,Chad,TCD,1995,34850.0,47.0,0.0,0.0,47.0,0.89855576,76.75,0.0,-1.558
1493,Chad,TCD,1996,34850.0,3.0,0.0,0.0,3.0,1.0016674,76.75,,-1.558
1494,Chad,TCD,1997,34850.0,33.0,95.0,9.0,137.0,0.69772226,76.75,1.0,-1.558
1495,Chad,TCD,1998,34850.0,148.0,0.0,31.0,179.0,0.5985244,76.75,1.0,-1.558
1496,Chad,TCD,1999,34850.0,0.0,383.0,11.0,394.0,0.88536876,76.75,1.0,-1.558
1497,Chad,TCD,2000,34600.0,0.0,1009.0,52.0,1061.0,0.99960613,76.75,1.0,-1.558
1498,Chad,TCD,2001,34900.0,4.0,209.0,17.0,230.0,0.99371785,76.75,1.0,-1.558
1499,Chad,TCD,2002,34900.0,3.0,211.0,83.0,297.0,1.1188133,76.75,1.0,-1.558
1500,Chad,TCD,2003,34800.0,73.0,35.0,116.0,224.0,0.97060055,76.75,1.0,-1.558
1501,Chad,TCD,2004,34000.0,30.0,0.0,50.0,80.0,0.7424326,76.75,1.0,-1.558
1502,Chad,TCD,2005,35000.0,167.0,86.0,14.0,267.0,0.6105894,76.75,1.0,-1.558
1503,Chad,TCD,2006,,536.0,312.0,1074.0,1922.0,2.1778414,76.75,1.0,-1.558
1504,Chad,TCD,2007,35000.0,213.0,1.0,183.0,397.0,3.2494981,76.75,1.0,-1.558
1505,Chad,TCD,2008,35000.0,1.0,988.0,2.0,991.0,4.2764587,76.75,1.0,-1.558
1506,Chad,TCD,2009,35030.0,10.0,2.0,123.0,135.0,5.7014847,76.75,1.0,-1.558
1507,Chad,TCD,2010,34850.0,0.0,0.0,42.0,42.0,4.317474,76.438,1.0,-1.728
1508,Chad,TCD,2011,34850.0,0.0,0.0,1.0,1.0,3.759313,76.5,1.0,-1.728
1509,Chad,TCD,2012,34850.0,0.0,0.0,0.0,0.0,,76.625,1.0,-1.728
1510,Chad,TCD,2013,34850.0,0.0,0.0,0.0,0.0,4.294885,79.143,1.0,-1.728
1511,Chad,TCD,2014,39850.0,6.0,0.0,0.0,6.0,2.1578424,79.143,1.0,-1.728
1512,Chad,TCD,2015,39850.0,114.0,1.0,274.0,389.0,1.5239707,80.429,1.0,-1.728
1513,Chad,TCD,2016,39850.0,2.0,0.0,0.0,2.0,2.3117037,79.143,1.0,-1.728
1514,Chad,TCD,2017,35000.0,3.0,0.0,85.0,88.0,1.6596116,76.5,1.0,-2.111
1515,Chad,TCD,2018,32850.0,28.0,0.0,140.0,168.0,1.6527027,71.667,1.0,-2.52
1516,Chad,TCD,2019,45000.0,46.0,65.0,140.0,251.0,1.5736016,82.0,1.0,-2.778
1517,Chad,TCD,2020,45000.0,29.0,25.0,195.0,249.0,2.211927,83.2,1.0,-2.778
1518,Chad,TCD,2021,,21.0,0.0,645.0,666.0,2.0791357,80.0,0.0,-3.088
1519,Chad,TCD,2022,,4.0,41.0,46.0,91.0,2.0442448,81.667,0.0,-3.088
1520,Chad,TCD,2023,,9.0,19.0,84.0,112.0,2.11759,81.667,0.0,-3.088
1521,Chad,TCD,2024,,16.0,60.0,118.0,194.0,2.98485,81.667,1.0,-3.088
1522,Chile,CHL,1989,95000.0,0.0,0.0,0.0,0.0,3.5900295,97.5,0.0,0.908
1523,Chile,CHL,1990,95000.0,0.0,0.0,0.0,0.0,3.401655,97.5,2.0,2.181
1524,Chile,CHL,1991,90000.0,0.0,0.0,0.0,0.0,2.8498428,97.5,2.0,2.181
1525,Chile,CHL,1992,92000.0,0.0,0.0,0.0,0.0,2.6285105,97.5,2.0,2.181
1526,Chile,CHL,1993,92000.0,0.0,0.0,0.0,0.0,2.706923,97.5,2.0,2.181
1527,Chile,CHL,1994,102000.0,0.0,0.0,0.0,0.0,2.597545,97.5,2.0,2.181
1528,Chile,CHL,1995,130000.0,0.0,0.0,0.0,0.0,2.5620646,97.5,2.0,2.181
1529,Chile,CHL,1996,120900.0,0.0,0.0,0.0,0.0,2.4232986,97.5,3.0,2.181
1530,Chile,CHL,1997,125500.0,0.0,0.0,0.0,0.0,2.4736426,97.5,3.0,2.181
1531,Chile,CHL,1998,124000.0,0.0,0.0,0.0,0.0,2.5762012,97.5,3.0,2.181
1532,Chile,CHL,1999,122500.0,0.0,0.0,0.0,0.0,2.7026827,97.5,3.0,2.181
1533,Chile,CHL,2000,116500.0,0.0,0.0,0.0,0.0,2.688616,97.5,3.0,2.181
1534,Chile,CHL,2001,122200.0,0.0,0.0,0.0,0.0,2.6470492,97.5,3.0,2.181
1535,Chile,CHL,2002,117300.0,0.0,0.0,0.0,0.0,2.531543,97.5,3.0,2.181
1536,Chile,CHL,2003,114100.0,0.0,0.0,0.0,0.0,2.7029715,97.5,3.0,2.181
1537,Chile,CHL,2004,116000.0,0.0,0.0,0.0,0.0,2.7122903,97.5,3.0,2.181
1538,Chile,CHL,2005,116000.0,0.0,0.0,0.0,0.0,2.5347629,97.5,3.0,2.181
1539,Chile,CHL,2006,103000.0,0.0,0.0,0.0,0.0,2.506082,97.5,3.0,2.181
1540,Chile,CHL,2007,103000.0,0.0,0.0,0.0,0.0,2.3309805,97.5,3.0,2.181
1541,Chile,CHL,2008,103000.0,0.0,0.0,0.0,0.0,2.5836523,97.5,3.0,2.181
1542,Chile,CHL,2009,103771.0,0.0,0.0,0.0,0.0,2.2765079,97.5,3.0,2.181
1543,Chile,CHL,2010,103771.0,0.0,0.0,0.0,0.0,2.254241,97.5,3.0,2.181
1544,Chile,CHL,2011,103750.0,0.0,0.0,0.0,0.0,2.2636127,97.5,3.0,2.181
1545,Chile,CHL,2012,106100.0,0.0,0.0,0.0,0.0,2.0458803,97.5,3.0,2.181
1546,Chile,CHL,2013,106100.0,0.0,0.0,0.0,0.0,1.9946225,97.2,3.0,1.847
1547,Chile,CHL,2014,109450.0,0.0,0.0,0.0,0.0,1.9671068,97.2,3.0,1.847
1548,Chile,CHL,2015,109450.0,0.0,0.0,0.0,0.0,1.9096235,97.2,3.0,1.847
1549,Chile,CHL,2016,121900.0,0.0,0.0,0.0,0.0,1.9241585,97.2,3.0,1.847
1550,Chile,CHL,2017,122000.0,0.0,0.0,0.0,0.0,1.9405925,96.0,3.0,1.847
1551,Chile,CHL,2018,122200.0,0.0,0.0,0.0,0.0,1.8776139,96.0,2.0,1.847
1552,Chile,CHL,2019,122000.0,0.0,0.0,0.0,0.0,1.8647171,94.75,2.0,1.409
1553,Chile,CHL,2020,114000.0,0.0,0.0,0.0,0.0,2.0655305,96.429,2.0,1.409
1554,Chile,CHL,2021,,0.0,0.0,0.0,0.0,1.6474241,81.857,3.0,1.409
1555,Chile,CHL,2022,,0.0,0.0,0.0,0.0,1.5409907,94.0,3.0,1.409
1556,Chile,CHL,2023,,0.0,0.0,0.0,0.0,1.6302639,94.0,3.0,1.409
1557,Chile,CHL,2024,,0.0,0.0,0.0,0.0,1.5778039,93.762,3.0,1.409
1558,China,CHN,1989,3900000.0,2600.0,0.0,0.0,2600.0,2.4471014,97.8,0.0,-0.486
1559,China,CHN,1990,3500000.0,0.0,0.0,0.0,0.0,2.4540162,97.8,0.0,-0.537
1560,China,CHN,1991,3200000.0,0.0,0.0,0.0,0.0,2.3112435,97.8,0.0,-0.537
1561,China,CHN,1992,3160000.0,0.0,0.0,0.0,0.0,2.449542,97.8,0.0,-0.537
1562,China,CHN,1993,3030000.0,0.0,0.0,0.0,0.0,1.9280668,97.8,0.0,-0.537
1563,China,CHN,1994,2930000.0,0.0,0.0,0.0,0.0,1.6934795,97.8,0.0,-0.537
1564,China,CHN,1995,4130000.0,0.0,0.0,0.0,0.0,1.6862339,97.8,0.0,-0.537
1565,China,CHN,1996,4135000.0,0.0,0.0,0.0,0.0,1.6527268,97.8,0.0,-0.537
1566,China,CHN,1997,3640000.0,0.0,0.0,0.0,0.0,1.6326507,98.0,0.0,-0.537
1567,China,CHN,1998,3820000.0,0.0,0.0,0.0,0.0,1.6550807,98.0,0.0,-0.537
1568,China,CHN,1999,3820000.0,0.0,0.0,0.0,0.0,1.8714659,98.0,0.0,-0.537
1569,China,CHN,2000,3910000.0,0.0,0.0,0.0,0.0,1.8357598,98.0,0.0,-0.537
1570,China,CHN,2001,3810000.0,0.0,0.0,0.0,0.0,1.9830862,98.0,0.0,-0.537
1571,China,CHN,2002,3770000.0,0.0,0.0,0.0,0.0,2.0593648,98.0,0.0,-0.537
1572,China,CHN,2003,3750000.0,0.0,0.0,0.0,0.0,1.996289,98.0,0.0,-0.537
1573,China,CHN,2004,3755000.0,0.0,0.0,0.0,0.0,1.9385083,98.0,0.0,-0.537
1574,China,CHN,2005,3755000.0,0.0,0.0,0.0,0.0,1.871858,97.2,0.0,-0.682
1575,China,CHN,2006,3605000.0,0.0,0.0,0.0,0.0,1.8695917,97.2,0.0,-0.682
1576,China,CHN,2007,2885000.0,0.0,0.0,0.0,0.0,1.7501646,97.2,0.0,-0.682
1577,China,CHN,2008,2885000.0,51.0,1.0,35.0,87.0,1.7160425,97.2,0.0,-0.682
1578,China,CHN,2009,2945000.0,11.0,32.0,146.0,189.0,1.8935237,97.2,0.0,-0.682
1579,China,CHN,2010,2945000.0,0.0,0.0,0.0,0.0,1.7335199,97.2,0.0,-0.682
1580,China,CHN,2011,2945000.0,0.0,0.0,0.0,0.0,1.6590824,97.2,0.0,-0.682
1581,China,CHN,2012,2993000.0,0.0,0.0,0.0,0.0,1.7009426,97.2,0.0,-0.667
1582,China,CHN,2013,2993000.0,0.0,0.0,0.0,0.0,1.7143409,96.938,0.0,-0.622
1583,China,CHN,2014,2993000.0,0.0,0.0,0.0,0.0,1.7384093,96.812,0.0,-0.622
1584,China,CHN,2015,2843000.0,5.0,0.0,0.0,5.0,1.7767711,97.062,0.0,-0.722
1585,China,CHN,2016,2695000.0,0.0,0.0,0.0,0.0,1.7688867,97.062,0.0,-0.722
1586,China,CHN,2017,2695000.0,0.0,0.0,0.0,0.0,1.7112427,97.062,0.0,-0.722
1587,China,CHN,2018,2695000.0,0.0,0.0,0.0,0.0,1.6735783,96.643,0.0,-0.722
1588,China,CHN,2019,2535000.0,0.0,0.0,0.0,0.0,1.682911,96.643,0.0,-0.722
1589,China,CHN,2020,2535000.0,0.0,0.0,0.0,0.0,1.7566993,96.25,0.0,-0.621
1590,China,CHN,2021,,0.0,0.0,0.0,0.0,1.6052597,97.167,0.0,-0.621
1591,China,CHN,2022,,0.0,0.0,0.0,0.0,1.6305338,97.364,0.0,-0.621
1592,China,CHN,2023,,1.0,0.0,0.0,1.0,1.6648488,97.636,0.0,-0.602
1593,China,CHN,2024,,0.0,0.0,0.0,0.0,1.7112974,97.2,0.0,-0.531
1596,Colombia,COL,1989,91000.0,146.0,16.0,218.0,380.0,2.1881838,66.2,1.0,-0.627
1597,Colombia,COL,1990,110000.0,164.0,67.0,461.0,692.0,1.8601593,66.2,1.0,-0.627
1598,Colombia,COL,1991,110000.0,115.0,31.0,688.0,834.0,1.8534819,66.2,2.0,-0.627
1599,Colombia,COL,1992,139000.0,22.0,19.0,1438.0,1479.0,2.106678,66.2,2.0,-0.627
1600,Colombia,COL,1993,139000.0,45.0,8.0,214.0,267.0,2.5252671,66.2,2.0,-0.627
1601,Colombia,COL,1994,146000.0,52.0,43.0,1067.0,1162.0,2.508407,64.2,2.0,-0.627
1602,Colombia,COL,1995,233400.0,110.0,26.0,786.0,922.0,2.8316264,64.2,2.0,-0.627
1603,Colombia,COL,1996,233300.0,219.0,5.0,1166.0,1390.0,4.4453936,64.2,2.0,-0.627
1604,Colombia,COL,1997,233300.0,289.0,34.0,527.0,850.0,2.8017879,64.2,2.0,-0.627
1605,Colombia,COL,1998,233300.0,513.0,222.0,860.0,1595.0,3.440986,62.0,2.0,-0.627
1606,Colombia,COL,1999,231000.0,931.0,97.0,1540.0,2568.0,3.762742,62.0,2.0,-0.627
1607,Colombia,COL,2000,247000.0,2209.0,186.0,1986.0,4381.0,3.0316834,64.0,2.0,-0.627
1608,Colombia,COL,2001,262600.0,2152.0,201.0,2239.0,4592.0,3.3238728,64.0,2.0,-0.627
1609,Colombia,COL,2002,262600.0,2063.0,229.0,3655.0,5947.0,3.4171276,71.0,2.0,0.563
1610,Colombia,COL,2003,304600.0,2398.0,69.0,2149.0,4616.0,3.4639888,77.071,2.0,0.563
1611,Colombia,COL,2004,336000.0,1720.0,183.0,1404.0,3307.0,3.4650152,77.071,2.0,0.563
1612,Colombia,COL,2005,336000.0,1152.0,117.0,1546.0,2815.0,3.3746798,77.071,2.0,0.563
1613,Colombia,COL,2006,398000.0,441.0,7.0,478.0,926.0,3.295825,78.107,2.0,0.563
1614,Colombia,COL,2007,411000.0,323.0,0.0,296.0,619.0,3.2863016,81.0,2.0,0.563
1615,Colombia,COL,2008,411000.0,401.0,0.0,219.0,620.0,3.737247,81.0,2.0,0.563
1616,Colombia,COL,2009,441828.0,106.0,6.0,361.0,473.0,3.8869638,81.0,2.0,0.563
1617,Colombia,COL,2010,441828.0,26.0,0.0,381.0,407.0,3.636915,81.714,2.0,0.639
1618,Colombia,COL,2011,440224.0,2.0,6.0,194.0,202.0,3.077107,81.714,2.0,0.879
1619,Colombia,COL,2012,440224.0,7.0,15.0,189.0,211.0,3.1560059,81.714,2.0,0.879
1620,Colombia,COL,2013,455750.0,4.0,6.0,130.0,140.0,3.272263,80.091,2.0,0.947
1621,Colombia,COL,2014,455750.0,2.0,0.0,117.0,119.0,3.108259,81.0,2.0,0.947
1622,Colombia,COL,2015,481100.0,1.0,0.0,133.0,134.0,3.10996,81.0,2.0,0.913
1623,Colombia,COL,2016,481100.0,0.0,0.0,30.0,30.0,3.071131,83.727,2.0,0.965
1624,Colombia,COL,2017,481000.0,32.0,5.0,0.0,37.0,3.2080967,86.2,2.0,0.965
1625,Colombia,COL,2018,481200.0,83.0,2.0,128.0,213.0,3.0332327,81.0,2.0,0.898
1626,Colombia,COL,2019,481000.0,5.0,0.0,110.0,115.0,3.1456568,84.375,2.0,0.672
1627,Colombia,COL,2020,428000.0,94.0,0.0,20.0,114.0,3.5344043,82.75,2.0,0.485
1628,Colombia,COL,2021,,130.0,22.0,101.0,253.0,3.195758,87.143,2.0,0.38
1629,Colombia,COL,2022,,149.0,68.0,116.0,333.0,2.797983,86.667,2.0,0.916
1630,Colombia,COL,2023,,271.0,124.0,112.0,507.0,2.9654522,85.8,2.0,0.764
1631,Colombia,COL,2024,,185.0,158.0,233.0,576.0,3.3590336,84.0,2.0,0.764
1632,Comoros,COM,1989,,0.0,0.0,29.0,29.0,,67.556,1.0,-0.508
1633,Comoros,COM,1990,,0.0,0.0,0.0,0.0,,67.556,1.0,-0.382
1634,Comoros,COM,1991,,0.0,0.0,0.0,0.0,,67.556,1.0,-0.701
1635,Comoros,COM,1992,,0.0,0.0,0.0,0.0,,67.556,1.0,-0.701
1636,Comoros,COM,1993,,0.0,0.0,0.0,0.0,,67.556,1.0,-0.701
1637,Comoros,COM,1994,,0.0,0.0,0.0,0.0,,67.556,1.0,-0.701
1638,Comoros,COM,1995,,0.0,0.0,0.0,0.0,,67.556,1.0,-0.701
1639,Comoros,COM,1996,,0.0,0.0,0.0,0.0,,67.556,1.0,-0.701
1640,Comoros,COM,1997,,0.0,16.0,40.0,56.0,,67.556,1.0,-0.701
1641,Comoros,COM,1998,,3.0,30.0,7.0,40.0,,67.556,1.0,-0.701
1642,Comoros,COM,1999,,0.0,0.0,0.0,0.0,,67.556,0.0,-0.701
1643,Comoros,COM,2000,,0.0,0.0,0.0,0.0,,67.556,0.0,-0.701
1644,Comoros,COM,2001,,0.0,0.0,0.0,0.0,,67.556,0.0,-0.701
1645,Comoros,COM,2002,,0.0,0.0,0.0,0.0,,67.556,,-0.701
1646,Comoros,COM,2003,,0.0,0.0,0.0,0.0,,67.556,1.0,-0.701
1647,Comoros,COM,2004,,0.0,0.0,0.0,0.0,,67.556,1.0,-0.701
1648,Comoros,COM,2005,,0.0,0.0,0.0,0.0,,67.556,1.0,-0.701
1649,Comoros,COM,2006,,0.0,0.0,0.0,0.0,,67.556,1.0,-0.701
1650,Comoros,COM,2007,,0.0,0.0,0.0,0.0,,67.556,1.0,-0.701
1651,Comoros,COM,2008,,0.0,0.0,0.0,0.0,,67.556,1.0,-0.701
1652,Comoros,COM,2009,,0.0,0.0,0.0,0.0,,69.667,1.0,-0.701
1653,Comoros,COM,2010,,0.0,0.0,0.0,0.0,,69.667,1.0,-0.701
1654,Comoros,COM,2011,,0.0,0.0,0.0,0.0,,69.667,1.0,-0.595
1655,Comoros,COM,2012,,0.0,0.0,0.0,0.0,,69.667,1.0,-0.595
1656,Comoros,COM,2013,,0.0,0.0,0.0,0.0,,73.875,1.0,-0.579
1657,Comoros,COM,2014,,0.0,0.0,0.0,0.0,,73.875,1.0,-0.579
1658,Comoros,COM,2015,,0.0,0.0,0.0,0.0,,73.875,1.0,-0.579
1659,Comoros,COM,2016,,0.0,0.0,0.0,0.0,,73.875,1.0,-0.304
1660,Comoros,COM,2017,,0.0,0.0,0.0,0.0,,71.286,1.0,-0.227
1661,Comoros,COM,2018,,0.0,0.0,0.0,0.0,,71.857,1.0,-0.227
1662,Comoros,COM,2019,,0.0,0.0,0.0,0.0,,71.857,1.0,-0.754
1663,Comoros,COM,2020,,0.0,0.0,0.0,0.0,,72.714,1.0,-0.871
1664,Comoros,COM,2021,,0.0,0.0,0.0,0.0,,80.667,1.0,-0.871
1665,Comoros,COM,2022,,0.0,0.0,0.0,0.0,,77.0,1.0,-0.871
1666,Comoros,COM,2023,,0.0,0.0,0.0,0.0,,77.8,1.0,-0.871
1667,Comoros,COM,2024,,0.0,0.0,0.0,0.0,,77.8,1.0,-0.871
1668,Congo,COG,1989,15000.0,0.0,0.0,0.0,0.0,,82.6,0.0,-1.92
1669,Congo,COG,1990,9000.0,0.0,0.0,0.0,0.0,,82.6,0.0,-1.519
1670,Congo,COG,1991,9000.0,0.0,0.0,0.0,0.0,,81.6,0.0,0.273
1671,Congo,COG,1992,10000.0,0.0,0.0,0.0,0.0,3.8292885,81.6,1.0,0.273
1672,Congo,COG,1993,10000.0,83.0,39.0,13.0,135.0,3.644869,81.6,1.0,0.273
1673,Congo,COG,1994,10000.0,0.0,0.0,0.0,0.0,,81.6,1.0,0.273
1674,Congo,COG,1995,16700.0,0.0,0.0,0.0,0.0,,83.8,1.0,0.273
1675,Congo,COG,1996,15000.0,0.0,0.0,0.0,0.0,,83.8,1.0,0.273
1676,Congo,COG,1997,15000.0,517.0,9842.0,67.0,10426.0,,78.2,0.0,-1.173
1677,Congo,COG,1998,15000.0,498.0,3141.0,124.0,3763.0,,78.2,0.0,-0.87
1678,Congo,COG,1999,15000.0,439.0,27.0,482.0,948.0,,78.2,0.0,-0.87
1679,Congo,COG,2000,15000.0,0.0,0.0,0.0,0.0,,78.2,0.0,-0.87
1680,Congo,COG,2001,12000.0,0.0,0.0,0.0,0.0,1.7922245,78.2,0.0,-0.87
1681,Congo,COG,2002,12000.0,40.0,43.0,142.0,225.0,2.1233523,84.6,1.0,-0.87
1682,Congo,COG,2003,12000.0,41.0,0.0,0.0,41.0,2.4322934,84.6,1.0,-0.87
1683,Congo,COG,2004,12000.0,0.0,0.0,0.0,0.0,2.4401798,84.6,1.0,-0.87
1684,Congo,COG,2005,12000.0,0.0,0.0,0.0,0.0,1.5181379,83.3,1.0,-0.87
1685,Congo,COG,2006,,0.0,0.0,0.0,0.0,1.569343,83.3,1.0,-0.87
1686,Congo,COG,2007,12000.0,0.0,0.0,0.0,0.0,1.916289,83.3,1.0,-0.87
1687,Congo,COG,2008,12000.0,0.0,0.0,0.0,0.0,1.7902794,83.3,1.0,-0.87
1688,Congo,COG,2009,12000.0,0.0,0.0,0.0,0.0,,83.3,1.0,-0.87
1689,Congo,COG,2010,12000.0,0.0,0.0,0.0,0.0,1.6625904,83.3,1.0,-0.87
1690,Congo,COG,2011,12000.0,0.0,0.0,0.0,0.0,,83.3,1.0,-0.87
1691,Congo,COG,2012,12000.0,0.0,0.0,0.0,0.0,,83.3,1.0,-0.87
1692,Congo,COG,2013,12000.0,0.0,0.0,0.0,0.0,2.0444756,82.857,1.0,-1.131
1693,Congo,COG,2014,12000.0,0.0,0.0,0.0,0.0,3.9403572,82.857,1.0,-1.131
1694,Congo,COG,2015,12000.0,0.0,0.0,0.0,0.0,,82.143,1.0,-1.131
1695,Congo,COG,2016,12000.0,42.0,2.0,29.0,73.0,4.594806,82.143,1.0,-1.131
1696,Congo,COG,2017,12000.0,0.0,0.0,0.0,0.0,3.1781344,83.571,1.0,-1.331
1697,Congo,COG,2018,12000.0,0.0,521.0,175.0,696.0,1.9792812,79.833,1.0,-0.923
1698,Congo,COG,2019,0.0,0.0,0.0,1.0,1.0,2.1462767,80.583,1.0,-0.923
1699,Congo,COG,2020,12000.0,0.0,0.0,0.0,0.0,2.6011872,82.143,1.0,-0.283
1700,Congo,COG,2021,,0.0,0.0,0.0,0.0,2.340349,81.4,1.0,-0.283
1701,Congo,COG,2022,,4.0,0.0,354.0,358.0,1.907985,74.6,1.0,-0.283
1702,Congo,COG,2023,,0.0,0.0,0.0,0.0,1.9762565,81.2,1.0,-0.283
1703,Congo,COG,2024,,300.0,0.0,0.0,300.0,1.1859612,81.2,1.0,-0.283
1705,Costa Rica,CRI,1989,8000.0,0.0,0.0,0.0,0.0,,97.333,3.0,2.111
1706,Costa Rica,CRI,1990,8000.0,0.0,0.0,0.0,0.0,,97.333,3.0,2.622
1707,Costa Rica,CRI,1991,8000.0,0.0,0.0,0.0,0.0,,97.333,3.0,2.551
1708,Costa Rica,CRI,1992,8000.0,0.0,0.0,0.0,0.0,,97.333,3.0,2.551
1709,Costa Rica,CRI,1993,8000.0,0.0,0.0,0.0,0.0,,97.333,3.0,2.551
1710,Costa Rica,CRI,1994,8000.0,0.0,0.0,0.0,0.0,,97.333,3.0,2.551
1711,Costa Rica,CRI,1995,16200.0,0.0,0.0,0.0,0.0,,97.333,3.0,2.551
1712,Costa Rica,CRI,1996,16200.0,0.0,0.0,0.0,0.0,,97.333,3.0,2.551
1713,Costa Rica,CRI,1997,15400.0,0.0,0.0,0.0,0.0,,97.333,3.0,2.551
1714,Costa Rica,CRI,1998,15400.0,0.0,0.0,0.0,0.0,,97.333,3.0,2.551
1715,Costa Rica,CRI,1999,15400.0,0.0,0.0,0.0,0.0,,97.333,3.0,2.551
1716,Costa Rica,CRI,2000,15400.0,0.0,0.0,0.0,0.0,,97.333,3.0,2.551
1717,Costa Rica,CRI,2001,21900.0,0.0,0.0,0.0,0.0,,97.333,3.0,2.551
1718,Costa Rica,CRI,2002,25900.0,0.0,0.0,0.0,0.0,,97.333,3.0,2.551
1719,Costa Rica,CRI,2003,17000.0,0.0,0.0,0.0,0.0,,97.333,3.0,2.551
1720,Costa Rica,CRI,2004,,0.0,0.0,0.0,0.0,,97.333,3.0,2.551
1721,Costa Rica,CRI,2005,,0.0,0.0,0.0,0.0,,97.333,3.0,2.551
1722,Costa Rica,CRI,2006,10000.0,0.0,0.0,0.0,0.0,,97.333,3.0,2.551
1723,Costa Rica,CRI,2007,10000.0,0.0,0.0,0.0,0.0,,97.333,3.0,2.551
1724,Costa Rica,CRI,2008,10000.0,0.0,0.0,0.0,0.0,,97.333,3.0,2.551
1725,Costa Rica,CRI,2009,9800.0,0.0,0.0,0.0,0.0,,97.333,3.0,2.551
1726,Costa Rica,CRI,2010,9800.0,0.0,0.0,0.0,0.0,,97.333,3.0,2.551
1727,Costa Rica,CRI,2011,9800.0,0.0,0.0,0.0,0.0,,97.333,3.0,2.551
1728,Costa Rica,CRI,2012,9800.0,0.0,0.0,0.0,0.0,,97.333,3.0,2.551
1729,Costa Rica,CRI,2013,9800.0,0.0,0.0,0.0,0.0,,97.333,3.0,2.211
1730,Costa Rica,CRI,2014,9800.0,0.0,0.0,0.0,0.0,,97.333,3.0,2.379
1731,Costa Rica,CRI,2015,9800.0,0.0,0.0,0.0,0.0,,96.9,3.0,2.456
1732,Costa Rica,CRI,2016,9800.0,0.0,0.0,0.0,0.0,,96.25,3.0,2.47
1733,Costa Rica,CRI,2017,10000.0,0.0,0.0,0.0,0.0,,95.857,3.0,2.738
1734,Costa Rica,CRI,2018,10000.0,0.0,0.0,0.0,0.0,,95.857,3.0,2.738
1735,Costa Rica,CRI,2019,10000.0,0.0,0.0,0.0,0.0,,95.5,3.0,2.738
1736,Costa Rica,CRI,2020,10000.0,0.0,0.0,0.0,0.0,,95.5,3.0,2.738
1737,Costa Rica,CRI,2021,,0.0,0.0,0.0,0.0,,94.667,3.0,2.738
1738,Costa Rica,CRI,2022,,0.0,0.0,0.0,0.0,,96.6,3.0,2.738
1739,Costa Rica,CRI,2023,,0.0,0.0,0.0,0.0,,96.6,3.0,2.738
1740,Costa Rica,CRI,2024,,0.0,0.0,0.0,0.0,,94.6,3.0,2.738
1741,Cote d'Ivoire,CIV,1989,15000.0,0.0,0.0,0.0,0.0,1.3303746,94.8,1.0,0.635
1742,Cote d'Ivoire,CIV,1990,15000.0,0.0,0.0,8.0,8.0,0.9647747,94.8,1.0,0.765
1743,Cote d'Ivoire,CIV,1991,15000.0,0.0,0.0,0.0,0.0,0.99400383,94.8,1.0,0.765
1744,Cote d'Ivoire,CIV,1992,15000.0,0.0,0.0,0.0,0.0,1.0170867,94.8,1.0,0.765
1745,Cote d'Ivoire,CIV,1993,15000.0,1.0,0.0,0.0,1.0,0.97350097,94.8,1.0,0.413
1746,Cote d'Ivoire,CIV,1994,15000.0,4.0,0.0,0.0,4.0,0.7315979,94.8,0.0,0.276
1747,Cote d'Ivoire,CIV,1995,15000.0,5.0,32.0,0.0,37.0,,94.8,1.0,0.276
1748,Cote d'Ivoire,CIV,1996,15000.0,0.0,0.0,0.0,0.0,0.6118145,94.8,1.0,0.386
1749,Cote d'Ivoire,CIV,1997,15000.0,0.0,0.0,0.0,0.0,0.57720447,94.8,1.0,0.386
1750,Cote d'Ivoire,CIV,1998,15000.0,0.0,0.0,0.0,0.0,,94.8,1.0,0.386
1751,Cote d'Ivoire,CIV,1999,15000.0,0.0,0.0,0.0,0.0,,94.8,0.0,0.386
1752,Cote d'Ivoire,CIV,2000,,101.0,31.0,0.0,132.0,,94.8,1.0,0.386
1753,Cote d'Ivoire,CIV,2001,,0.0,0.0,0.0,0.0,,94.8,1.0,0.131
1754,Cote d'Ivoire,CIV,2002,,424.0,369.0,246.0,1039.0,,66.458,1.0,0.131
1755,Cote d'Ivoire,CIV,2003,,322.0,59.0,102.0,483.0,1.0067518,66.458,1.0,0.196
1756,Cote d'Ivoire,CIV,2004,18000.0,68.0,143.0,92.0,303.0,1.0960734,66.458,1.0,0.196
1757,Cote d'Ivoire,CIV,2005,19000.0,0.0,58.0,70.0,128.0,1.0580653,66.458,1.0,0.196
1758,Cote d'Ivoire,CIV,2006,,0.0,0.0,0.0,0.0,1.0865796,66.458,1.0,0.196
1759,Cote d'Ivoire,CIV,2007,19000.0,0.0,0.0,0.0,0.0,1.1508331,66.458,1.0,0.196
1760,Cote d'Ivoire,CIV,2008,19000.0,0.0,0.0,0.0,0.0,1.1017047,66.458,1.0,0.102
1761,Cote d'Ivoire,CIV,2009,18550.0,0.0,0.0,0.0,0.0,1.2517357,66.458,1.0,0.276
1762,Cote d'Ivoire,CIV,2010,,44.0,0.0,0.0,44.0,1.1271051,71.25,1.0,0.276
1763,Cote d'Ivoire,CIV,2011,,1067.0,96.0,71.0,1234.0,1.0070578,79.917,1.0,0.097
1764,Cote d'Ivoire,CIV,2012,,0.0,0.0,0.0,0.0,1.1006639,88.417,1.0,0.98
1765,Cote d'Ivoire,CIV,2013,,0.0,0.0,0.0,0.0,0.9950191,86.818,1.0,1.346
1766,Cote d'Ivoire,CIV,2014,25000.0,0.0,0.0,0.0,0.0,1.0677761,86.818,1.0,1.426
1767,Cote d'Ivoire,CIV,2015,25000.0,0.0,0.0,0.0,0.0,1.2439172,86.818,1.0,1.463
1768,Cote d'Ivoire,CIV,2016,25000.0,16.0,33.0,0.0,49.0,1.245859,86.818,2.0,1.644
1769,Cote d'Ivoire,CIV,2017,27000.0,0.0,0.0,0.0,0.0,0.965894,92.0,2.0,1.644
1770,Cote d'Ivoire,CIV,2018,27000.0,0.0,0.0,0.0,0.0,1.039214,89.375,2.0,1.351
1771,Cote d'Ivoire,CIV,2019,134000.0,0.0,0.0,0.0,0.0,0.8876579,91.571,2.0,1.014
1772,Cote d'Ivoire,CIV,2020,27000.0,0.0,0.0,0.0,0.0,0.9631195,90.571,1.0,0.43
1773,Cote d'Ivoire,CIV,2021,,0.0,0.0,0.0,0.0,0.8762138,89.167,1.0,0.43
1774,Cote d'Ivoire,CIV,2022,,0.0,0.0,0.0,0.0,0.86522686,90.0,1.0,0.43
1775,Cote d'Ivoire,CIV,2023,,0.0,0.0,0.0,0.0,0.8648785,90.667,1.0,0.68
1776,Cote d'Ivoire,CIV,2024,,0.0,0.0,0.0,0.0,0.762359,93.167,1.0,0.603
1777,Croatia,HRV,1989,,0.0,0.0,0.0,0.0,,95.6,0.0,1.525
1778,Croatia,HRV,1990,,0.0,0.0,0.0,0.0,,93.6,0.0,1.184
1779,Croatia,HRV,1991,,170.0,1178.0,1823.0,3171.0,,,0.0,-0.241
1780,Croatia,HRV,1992,103000.0,33.0,124.0,134.0,291.0,7.607386,76.0,1.0,-0.241
1781,Croatia,HRV,1993,80000.0,58.0,160.0,155.0,373.0,10.726757,76.0,1.0,-0.241
1782,Croatia,HRV,1994,70000.0,0.0,0.0,3.0,3.0,11.148177,76.0,1.0,-0.241
1783,Croatia,HRV,1995,150000.0,171.0,113.0,679.0,963.0,9.101528,79.75,1.0,-0.095
1784,Croatia,HRV,1996,104700.0,0.0,0.0,0.0,0.0,8.075131,96.25,1.0,0.236
1785,Croatia,HRV,1997,98000.0,0.0,0.0,0.0,0.0,7.4780517,96.25,1.0,0.236
1786,Croatia,HRV,1998,96180.0,0.0,0.0,0.0,0.0,5.545558,97.5,1.0,0.236
1787,Croatia,HRV,1999,101000.0,0.0,0.0,0.0,0.0,4.3830676,100.0,1.0,0.236
1788,Croatia,HRV,2000,101000.0,0.0,0.0,0.0,0.0,3.0245824,100.0,2.0,0.763
1789,Croatia,HRV,2001,68300.0,0.0,0.0,0.0,0.0,2.7057514,100.0,2.0,0.763
1790,Croatia,HRV,2002,61000.0,0.0,0.0,0.0,0.0,2.7088084,100.0,2.0,0.763
1791,Croatia,HRV,2003,30800.0,0.0,0.0,0.0,0.0,2.0261474,100.0,2.0,0.658
1792,Croatia,HRV,2004,30000.0,0.0,0.0,0.0,0.0,1.7403878,100.0,2.0,0.658
1793,Croatia,HRV,2005,31000.0,0.0,0.0,0.0,0.0,1.7440373,100.0,2.0,0.658
1794,Croatia,HRV,2006,21000.0,0.0,0.0,0.0,0.0,1.6664101,100.0,2.0,0.658
1795,Croatia,HRV,2007,21000.0,0.0,0.0,0.0,0.0,1.6107787,100.0,2.0,0.658
1796,Croatia,HRV,2008,22000.0,0.0,0.0,0.0,0.0,1.8231544,100.0,2.0,0.658
1797,Croatia,HRV,2009,21600.0,0.0,0.0,0.0,0.0,1.7721785,100.0,2.0,1.272
1798,Croatia,HRV,2010,21600.0,0.0,0.0,0.0,0.0,1.6661862,100.0,2.0,1.299
1799,Croatia,HRV,2011,21600.0,0.0,0.0,0.0,0.0,1.7366024,100.0,2.0,1.299
1800,Croatia,HRV,2012,19550.0,0.0,0.0,0.0,0.0,1.6559377,100.0,2.0,1.299
1801,Croatia,HRV,2013,19550.0,0.0,0.0,0.0,0.0,1.6078088,100.0,2.0,1.097
1802,Croatia,HRV,2014,19550.0,0.0,0.0,0.0,0.0,1.8081172,100.0,2.0,1.097
1803,Croatia,HRV,2015,18550.0,0.0,0.0,0.0,0.0,1.7487025,100.0,2.0,1.097
1804,Croatia,HRV,2016,18550.0,0.0,0.0,0.0,0.0,1.5892254,100.0,2.0,0.817
1805,Croatia,HRV,2017,18000.0,0.0,0.0,0.0,0.0,1.6331663,100.0,2.0,0.817
1806,Croatia,HRV,2018,18200.0,0.0,0.0,0.0,0.0,1.5423406,100.0,2.0,0.559
1807,Croatia,HRV,2019,18000.0,0.0,0.0,0.0,0.0,1.6036108,100.0,2.0,0.559
1808,Croatia,HRV,2020,20000.0,0.0,0.0,0.0,0.0,1.696595,100.0,2.0,0.67
1809,Croatia,HRV,2021,,0.0,0.0,0.0,0.0,1.9715011,100.0,2.0,0.634
1810,Croatia,HRV,2022,,0.0,0.0,0.0,0.0,1.8028525,100.0,2.0,0.634
1811,Croatia,HRV,2023,,0.0,0.0,0.0,0.0,1.7066317,100.0,2.0,0.634
1812,Croatia,HRV,2024,,0.0,0.0,0.0,0.0,1.7932342,100.0,2.0,0.634
1813,Cuba,CUB,1989,297000.0,0.0,0.0,0.0,0.0,,98.6,0.0,-1.248
1814,Cuba,CUB,1990,297000.0,0.0,0.0,0.0,0.0,,98.6,0.0,-1.248
1815,Cuba,CUB,1991,297000.0,0.0,0.0,0.0,0.0,,98.6,0.0,-1.248
1816,Cuba,CUB,1992,175000.0,0.0,0.0,0.0,0.0,,98.6,0.0,-1.248
1817,Cuba,CUB,1993,175000.0,0.0,0.0,0.0,0.0,,98.6,0.0,-1.438
1818,Cuba,CUB,1994,140000.0,0.0,0.0,0.0,0.0,,98.6,0.0,-1.438
1819,Cuba,CUB,1995,124000.0,0.0,0.0,0.0,0.0,,98.6,0.0,-1.438
1820,Cuba,CUB,1996,119000.0,0.0,0.0,0.0,0.0,,98.6,0.0,-1.438
1821,Cuba,CUB,1997,79000.0,0.0,0.0,0.0,0.0,,98.6,0.0,-1.438
1822,Cuba,CUB,1998,79000.0,0.0,0.0,0.0,0.0,,98.6,0.0,-1.438
1823,Cuba,CUB,1999,91500.0,0.0,0.0,0.0,0.0,,98.6,0.0,-1.438
1824,Cuba,CUB,2000,84500.0,0.0,0.0,0.0,0.0,,98.6,0.0,-1.438
1825,Cuba,CUB,2001,72500.0,0.0,0.0,0.0,0.0,,98.6,0.0,-1.438
1826,Cuba,CUB,2002,72500.0,0.0,0.0,0.0,0.0,,98.6,0.0,-1.438
1827,Cuba,CUB,2003,72500.0,0.0,0.0,0.0,0.0,,98.6,0.0,-1.438
1828,Cuba,CUB,2004,75000.0,0.0,0.0,0.0,0.0,,98.6,0.0,-1.438
1829,Cuba,CUB,2005,76000.0,0.0,0.0,0.0,0.0,,98.6,0.0,-1.438
1830,Cuba,CUB,2006,76000.0,0.0,0.0,0.0,0.0,,98.6,0.0,-1.438
1831,Cuba,CUB,2007,76000.0,0.0,0.0,0.0,0.0,,98.6,0.0,-1.438
1832,Cuba,CUB,2008,76000.0,0.0,0.0,0.0,0.0,,98.6,0.0,-1.438
1833,Cuba,CUB,2009,75500.0,0.0,0.0,0.0,0.0,3.3809602,98.6,0.0,-1.438
1834,Cuba,CUB,2010,75500.0,0.0,0.0,0.0,0.0,3.326856,98.6,0.0,-1.438
1835,Cuba,CUB,2011,75500.0,0.0,0.0,0.0,0.0,3.084505,98.6,0.0,-1.438
1836,Cuba,CUB,2012,75500.0,0.0,0.0,0.0,0.0,3.9376,98.6,0.0,-1.438
1837,Cuba,CUB,2013,75500.0,0.0,0.0,0.0,0.0,3.512729,98.7,0.0,-1.565
1838,Cuba,CUB,2014,75500.0,0.0,0.0,0.0,0.0,3.536005,98.7,0.0,-1.565
1839,Cuba,CUB,2015,75500.0,0.0,0.0,0.0,0.0,3.0837915,98.7,0.0,-1.565
1840,Cuba,CUB,2016,75500.0,0.0,0.0,0.0,0.0,3.072188,98.7,0.0,-1.806
1841,Cuba,CUB,2017,76000.0,0.0,0.0,0.0,0.0,2.8724031,98.7,0.0,-1.802
1842,Cuba,CUB,2018,76000.0,0.0,0.0,0.0,0.0,2.8762074,98.7,0.0,-1.757
1843,Cuba,CUB,2019,76000.0,0.0,0.0,0.0,0.0,,98.5,0.0,-1.757
1844,Cuba,CUB,2020,76000.0,0.0,0.0,0.0,0.0,,98.5,0.0,-1.757
1845,Cuba,CUB,2021,,0.0,0.0,0.0,0.0,,98.5,0.0,-1.757
1846,Cuba,CUB,2022,,0.0,0.0,0.0,0.0,,98.125,0.0,-1.757
1847,Cuba,CUB,2023,,0.0,0.0,0.0,0.0,,98.125,0.0,-1.757
1848,Cuba,CUB,2024,,0.0,0.0,0.0,0.0,,98.75,0.0,-1.757
1850,Cyprus,CYP,1989,14000.0,0.0,0.0,0.0,0.0,5.369355,66.5,2.0,0.732
1851,Cyprus,CYP,1990,10000.0,0.0,0.0,0.0,0.0,7.3740354,66.5,2.0,0.732
1852,Cyprus,CYP,1991,10000.0,0.0,0.0,0.0,0.0,7.2647758,66.5,2.0,0.732
1853,Cyprus,CYP,1992,10000.0,0.0,0.0,0.0,0.0,9.129286,66.5,2.0,0.732
1854,Cyprus,CYP,1993,,0.0,0.0,0.0,0.0,4.0749526,66.5,2.0,0.732
1855,Cyprus,CYP,1994,,0.0,0.0,0.0,0.0,4.023989,66.5,2.0,0.732
1856,Cyprus,CYP,1995,14000.0,0.0,0.0,0.0,0.0,3.0410342,66.5,2.0,0.732
1857,Cyprus,CYP,1996,14000.0,0.0,0.0,0.0,0.0,4.524715,66.5,2.0,0.732
1858,Cyprus,CYP,1997,10500.0,0.0,0.0,0.0,0.0,5.5739107,66.5,2.0,0.732
1859,Cyprus,CYP,1998,10620.0,0.0,0.0,0.0,0.0,4.6763177,66.5,2.0,0.732
1860,Cyprus,CYP,1999,10750.0,0.0,0.0,0.0,0.0,2.733851,66.5,2.0,0.732
1861,Cyprus,CYP,2000,10800.0,0.0,0.0,0.0,0.0,2.8220901,66.5,2.0,1.171
1862,Cyprus,CYP,2001,10800.0,0.0,0.0,0.0,0.0,3.153222,66.5,2.0,1.171
1863,Cyprus,CYP,2002,10100.0,0.0,0.0,0.0,0.0,2.1301606,66.5,2.0,1.171
1864,Cyprus,CYP,2003,10100.0,0.0,0.0,0.0,0.0,1.9851631,66.5,2.0,1.171
1865,Cyprus,CYP,2004,11000.0,0.0,0.0,0.0,0.0,1.9557692,66.5,3.0,1.381
1866,Cyprus,CYP,2005,10750.0,0.0,0.0,0.0,0.0,2.0374696,66.5,3.0,1.381
1867,Cyprus,CYP,2006,10750.0,0.0,0.0,0.0,0.0,1.899998,66.5,3.0,1.381
1868,Cyprus,CYP,2007,10750.0,0.0,0.0,0.0,0.0,1.6845998,66.5,3.0,1.381
1869,Cyprus,CYP,2008,10750.0,0.0,0.0,0.0,0.0,1.629705,66.5,3.0,1.381
1870,Cyprus,CYP,2009,10750.0,0.0,0.0,0.0,0.0,1.8168194,66.5,3.0,1.381
1871,Cyprus,CYP,2010,12750.0,0.0,0.0,0.0,0.0,1.8529246,66.5,3.0,1.381
1872,Cyprus,CYP,2011,12750.0,0.0,0.0,0.0,0.0,1.7378321,66.5,3.0,1.381
1873,Cyprus,CYP,2012,12750.0,0.0,0.0,0.0,0.0,1.6547518,66.5,3.0,1.381
1874,Cyprus,CYP,2013,12750.0,0.0,0.0,0.0,0.0,1.607009,67.125,3.0,1.381
1875,Cyprus,CYP,2014,12750.0,0.0,0.0,0.0,0.0,1.542602,67.125,3.0,1.381
1876,Cyprus,CYP,2015,12750.0,0.0,0.0,0.0,0.0,1.6476676,67.125,3.0,1.381
1877,Cyprus,CYP,2016,15750.0,0.0,0.0,0.0,0.0,1.4045577,67.125,3.0,1.381
1878,Cyprus,CYP,2017,16000.0,0.0,0.0,0.0,0.0,1.5681031,67.5,3.0,1.491
1879,Cyprus,CYP,2018,16000.0,0.0,0.0,0.0,0.0,1.7498331,68.143,3.0,1.491
1880,Cyprus,CYP,2019,16000.0,0.0,0.0,0.0,0.0,1.7695936,68.143,3.0,1.491
1881,Cyprus,CYP,2020,13000.0,0.0,0.0,0.0,0.0,1.8955344,69.0,3.0,1.491
1882,Cyprus,CYP,2021,,0.0,0.0,0.0,0.0,1.7840674,69.0,3.0,1.491
1883,Cyprus,CYP,2022,,0.0,0.0,0.0,0.0,1.7211884,70.2,3.0,1.491
1884,Cyprus,CYP,2023,,0.0,0.0,0.0,0.0,1.6506069,70.4,2.0,1.894
1885,Cyprus,CYP,2024,,0.0,0.0,0.0,0.0,1.6473522,70.4,2.0,1.894
1886,Czechia,CZE,1989,,0.0,0.0,0.0,0.0,,83.167,0.0,-0.399
1887,Czechia,CZE,1990,,0.0,0.0,0.0,0.0,,99.929,3.0,1.607
1888,Czechia,CZE,1991,,0.0,0.0,0.0,0.0,,99.929,3.0,1.607
1889,Czechia,CZE,1992,,0.0,0.0,0.0,0.0,,99.929,3.0,1.607
1890,Czechia,CZE,1993,107000.0,0.0,0.0,0.0,0.0,2.330404,99.929,3.0,1.607
1891,Czechia,CZE,1994,90000.0,0.0,0.0,0.0,0.0,2.2834008,99.929,3.0,1.607
1892,Czechia,CZE,1995,92000.0,0.0,0.0,0.0,0.0,1.7588553,99.929,3.0,1.607
1893,Czechia,CZE,1996,75600.0,0.0,0.0,0.0,0.0,1.657586,99.929,3.0,1.607
1894,Czechia,CZE,1997,67300.0,0.0,0.0,0.0,0.0,1.5803035,99.929,3.0,1.607
1895,Czechia,CZE,1998,64700.0,0.0,0.0,0.0,0.0,1.7355976,99.929,3.0,1.607
1896,Czechia,CZE,1999,59600.0,0.0,0.0,0.0,0.0,1.8386874,99.929,3.0,1.607
1897,Czechia,CZE,2000,63300.0,0.0,0.0,0.0,0.0,1.8614702,99.929,3.0,1.607
1898,Czechia,CZE,2001,59200.0,0.0,0.0,0.0,0.0,1.7355283,99.929,3.0,1.607
1899,Czechia,CZE,2002,55000.0,0.0,0.0,0.0,0.0,1.8090115,99.929,3.0,1.607
1900,Czechia,CZE,2003,62600.0,0.0,0.0,0.0,0.0,1.8775221,99.929,3.0,1.607
1901,Czechia,CZE,2004,27000.0,0.0,0.0,0.0,0.0,1.6996434,99.929,3.0,1.607
1902,Czechia,CZE,2005,28000.0,0.0,0.0,0.0,0.0,1.7772578,99.929,3.0,1.846
1903,Czechia,CZE,2006,26000.0,0.0,0.0,0.0,0.0,1.5681148,99.929,3.0,1.957
1904,Czechia,CZE,2007,27000.0,0.0,0.0,0.0,0.0,1.4247884,99.929,3.0,1.957
1905,Czechia,CZE,2008,27000.0,0.0,0.0,0.0,0.0,1.2340882,99.929,3.0,1.957
1906,Czechia,CZE,2009,26541.0,0.0,0.0,0.0,0.0,1.3134922,99.929,3.0,1.957
1907,Czechia,CZE,2010,28521.0,0.0,0.0,0.0,0.0,1.1828978,99.929,3.0,1.957
1908,Czechia,CZE,2011,26750.0,0.0,0.0,0.0,0.0,1.0691429,99.929,3.0,1.957
1909,Czechia,CZE,2012,26750.0,0.0,0.0,0.0,0.0,1.0556077,99.929,3.0,1.957
1910,Czechia,CZE,2013,24100.0,0.0,0.0,0.0,0.0,1.0087045,99.929,3.0,1.957
1911,Czechia,CZE,2014,24800.0,0.0,0.0,0.0,0.0,0.95911574,99.929,3.0,2.001
1912,Czechia,CZE,2015,25050.0,0.0,0.0,0.0,0.0,0.9412029,99.929,3.0,2.001
1913,Czechia,CZE,2016,23200.0,0.0,0.0,0.0,0.0,0.9866344,99.929,3.0,2.001
1914,Czechia,CZE,2017,23000.0,0.0,0.0,0.0,0.0,0.9439844,99.929,3.0,1.709
1915,Czechia,CZE,2018,22245.0,0.0,0.0,0.0,0.0,1.0755267,99.929,3.0,1.709
1916,Czechia,CZE,2019,25000.0,0.0,0.0,0.0,0.0,1.1332396,99.929,3.0,1.91
1917,Czechia,CZE,2020,27000.0,0.0,0.0,0.0,0.0,1.2954062,99.929,2.0,1.272
1918,Czechia,CZE,2021,,0.0,0.0,0.0,0.0,1.3532532,99.929,2.0,1.272
1919,Czechia,CZE,2022,,0.0,0.0,0.0,0.0,1.3269022,99.929,3.0,2.627
1920,Czechia,CZE,2023,,0.0,0.0,0.0,0.0,1.4717683,99.929,3.0,2.627
1921,Czechia,CZE,2024,,0.0,0.0,0.0,0.0,1.9168085,99.929,3.0,2.627
1958,Democratic Republic of Congo,COD,1989,51000.0,28.0,0.0,0.0,28.0,,87.0,1.0,-2.784
1959,Democratic Republic of Congo,COD,1990,55000.0,147.0,0.0,0.0,147.0,,87.0,1.0,-2.784
1960,Democratic Republic of Congo,COD,1991,60000.0,32.0,0.0,0.0,32.0,,87.0,1.0,-2.784
1961,Democratic Republic of Congo,COD,1992,45000.0,67.0,0.0,0.0,67.0,,76.0,1.0,-2.784
1962,Democratic Republic of Congo,COD,1993,40000.0,229.0,3008.0,100.0,3337.0,5.2260857,76.0,,-2.784
1963,Democratic Republic of Congo,COD,1994,40000.0,308.0,1.0,0.0,309.0,,76.0,,-2.784
1964,Democratic Republic of Congo,COD,1995,65100.0,58.0,350.0,115.0,523.0,,76.0,,-2.784
1965,Democratic Republic of Congo,COD,1996,65100.0,32535.0,1114.0,636.0,34285.0,1.5468011,62.2,,-3.122
1966,Democratic Republic of Congo,COD,1997,77000.0,9586.0,546.0,3765.0,13897.0,1.4108511,59.8,0.0,-3.122
1967,Democratic Republic of Congo,COD,1998,87000.0,4401.0,1123.0,2169.0,7693.0,0.42845416,64.0,0.0,-2.948
1968,Democratic Republic of Congo,COD,1999,92900.0,3746.0,1896.0,2194.0,7836.0,1.1581507,64.0,0.0,-2.948
1969,Democratic Republic of Congo,COD,2000,92900.0,696.0,1132.0,1217.0,3045.0,0.22026081,64.2,0.0,-2.164
1970,Democratic Republic of Congo,COD,2001,81400.0,509.0,866.0,53.0,1428.0,,66.6,0.0,-2.164
1971,Democratic Republic of Congo,COD,2002,81400.0,4581.0,2341.0,955.0,7877.0,,66.6,0.0,-2.164
1972,Democratic Republic of Congo,COD,2003,97800.0,3063.0,1127.0,120.0,4310.0,0.8806459,66.6,0.0,-2.164
1973,Democratic Republic of Congo,COD,2004,64000.0,704.0,0.0,47.0,751.0,1.3366045,66.6,0.0,-2.25
1974,Democratic Republic of Congo,COD,2005,65000.0,255.0,0.0,40.0,295.0,1.3101398,72.917,0.0,-2.25
1975,Democratic Republic of Congo,COD,2006,,192.0,5.0,166.0,363.0,1.3246033,74.375,1.0,-2.25
1976,Democratic Republic of Congo,COD,2007,143000.0,242.0,25.0,595.0,862.0,1.1061163,75.917,1.0,-2.25
1977,Democratic Republic of Congo,COD,2008,151000.0,924.0,290.0,520.0,1734.0,0.6973478,75.917,1.0,-2.25
1978,Democratic Republic of Congo,COD,2009,159000.0,3289.0,81.0,1928.0,5298.0,0.651616,75.917,1.0,-2.25
1979,Democratic Republic of Congo,COD,2010,159000.0,787.0,12.0,265.0,1064.0,0.8212586,77.25,1.0,-2.25
1980,Democratic Republic of Congo,COD,2011,134250.0,136.0,55.0,269.0,460.0,0.9047592,77.25,1.0,-2.25
1981,Democratic Republic of Congo,COD,2012,134250.0,563.0,563.0,632.0,1758.0,1.1072292,77.25,1.0,-2.25
1982,Democratic Republic of Congo,COD,2013,134250.0,596.0,347.0,1207.0,2150.0,1.0735319,73.182,1.0,-2.028
1983,Democratic Republic of Congo,COD,2014,134250.0,509.0,101.0,928.0,1538.0,0.8896952,73.909,1.0,-2.028
1984,Democratic Republic of Congo,COD,2015,134250.0,449.0,2.0,186.0,637.0,1.223383,75.0,1.0,-2.028
1985,Democratic Republic of Congo,COD,2016,134250.0,725.0,770.0,648.0,2143.0,1.0256344,74.091,1.0,-2.028
1986,Democratic Republic of Congo,COD,2017,134000.0,1708.0,1887.0,2227.0,5822.0,0.7415707,74.636,1.0,-2.51
1987,Democratic Republic of Congo,COD,2018,134250.0,679.0,706.0,877.0,2262.0,0.61234653,78.182,1.0,-1.88
1988,Democratic Republic of Congo,COD,2019,134000.0,1101.0,446.0,848.0,2395.0,0.6940174,72.545,1.0,-1.288
1989,Democratic Republic of Congo,COD,2020,134000.0,2296.0,264.0,1287.0,3847.0,0.7297353,74.6,1.0,-1.288
1990,Democratic Republic of Congo,COD,2021,,2348.0,81.0,1047.0,3476.0,0.5331788,76.5,1.0,-0.926
1991,Democratic Republic of Congo,COD,2022,,3646.0,287.0,1565.0,5498.0,0.56770724,77.286,1.0,-1.081
1992,Democratic Republic of Congo,COD,2023,,2979.0,176.0,699.0,3854.0,1.1188599,76.429,1.0,-0.516
1993,Democratic Republic of Congo,COD,2024,,3961.0,499.0,594.0,5054.0,1.2285527,81.2,1.0,-0.354
1995,Denmark,DNK,1989,31000.0,0.0,0.0,0.0,0.0,2.0242202,98.929,3.0,3.972
1996,Denmark,DNK,1990,31000.0,0.0,0.0,0.0,0.0,1.950757,98.929,3.0,3.972
1997,Denmark,DNK,1991,30000.0,0.0,0.0,0.0,0.0,1.9197587,98.929,3.0,3.972
1998,Denmark,DNK,1992,28000.0,0.0,0.0,0.0,0.0,1.8551509,98.929,3.0,3.972
1999,Denmark,DNK,1993,27000.0,0.0,0.0,0.0,0.0,1.8740852,98.929,3.0,3.972
2000,Denmark,DNK,1994,28000.0,0.0,0.0,0.0,0.0,1.7426003,98.929,3.0,3.972
2001,Denmark,DNK,1995,33100.0,0.0,0.0,0.0,0.0,1.6867597,98.929,3.0,3.972
2002,Denmark,DNK,1996,32900.0,0.0,0.0,0.0,0.0,1.6461436,98.929,3.0,3.972
2003,Denmark,DNK,1997,32900.0,0.0,0.0,0.0,0.0,1.6187243,98.929,3.0,3.972
2004,Denmark,DNK,1998,32100.0,0.0,0.0,0.0,0.0,1.6090711,98.929,3.0,3.972
2005,Denmark,DNK,1999,27000.0,0.0,0.0,0.0,0.0,1.5655365,98.929,3.0,3.972
2006,Denmark,DNK,2000,21800.0,0.0,0.0,0.0,0.0,1.4584656,98.929,3.0,3.972
2007,Denmark,DNK,2001,21400.0,0.0,0.0,0.0,0.0,1.5315427,98.929,3.0,3.972
2008,Denmark,DNK,2002,22700.0,0.0,0.0,0.0,0.0,1.5068588,98.929,3.0,3.972
2009,Denmark,DNK,2003,22800.0,0.0,0.0,0.0,0.0,1.4646673,98.929,3.0,3.972
2010,Denmark,DNK,2004,21000.0,0.0,0.0,0.0,0.0,1.4202402,98.929,3.0,3.972
2011,Denmark,DNK,2005,21000.0,0.0,0.0,0.0,0.0,1.3081114,98.929,3.0,3.972
2012,Denmark,DNK,2006,30000.0,0.0,0.0,0.0,0.0,1.3750558,98.929,3.0,3.972
2013,Denmark,DNK,2007,30000.0,0.0,0.0,0.0,0.0,1.3040228,98.929,3.0,3.972
2014,Denmark,DNK,2008,30000.0,0.0,0.0,0.0,0.0,1.3488269,98.929,3.0,3.972
2015,Denmark,DNK,2009,18707.0,0.0,0.0,0.0,0.0,1.3444123,98.929,3.0,3.972
2016,Denmark,DNK,2010,18628.0,0.0,0.0,0.0,0.0,1.3971018,98.929,3.0,3.972
2017,Denmark,DNK,2011,16450.0,0.0,0.0,0.0,0.0,1.3123393,98.929,3.0,3.972
2018,Denmark,DNK,2012,17200.0,0.0,0.0,0.0,0.0,1.3532931,98.929,3.0,3.972
2019,Denmark,DNK,2013,17200.0,0.0,0.0,0.0,0.0,1.2235249,98.929,3.0,3.972
2020,Denmark,DNK,2014,17200.0,0.0,0.0,0.0,0.0,1.1497978,98.929,3.0,3.972
2021,Denmark,DNK,2015,16600.0,0.0,0.0,0.0,0.0,1.1148131,98.929,3.0,3.972
2022,Denmark,DNK,2016,16100.0,0.0,0.0,0.0,0.0,1.1510715,98.929,3.0,3.972
2023,Denmark,DNK,2017,15000.0,0.0,0.0,0.0,0.0,1.1399854,98.929,3.0,3.972
2024,Denmark,DNK,2018,14500.0,0.0,0.0,0.0,0.0,1.2831049,98.929,3.0,3.972
2025,Denmark,DNK,2019,15000.0,0.0,0.0,0.0,0.0,1.2992066,98.929,3.0,3.972
2026,Denmark,DNK,2020,15000.0,0.0,0.0,0.0,0.0,1.3737689,98.929,3.0,2.751
2027,Denmark,DNK,2021,,0.0,0.0,0.0,0.0,1.2915577,98.929,3.0,2.751
2028,Denmark,DNK,2022,,0.0,0.0,0.0,0.0,1.3615645,98.929,3.0,3.232
2029,Denmark,DNK,2023,,0.0,0.0,0.0,0.0,1.9996133,98.929,3.0,3.232
2030,Denmark,DNK,2024,,0.0,0.0,0.0,0.0,2.4161744,98.929,3.0,3.232
2031,Djibouti,DJI,1989,4000.0,0.0,0.0,6.0,6.0,,82.6,1.0,-0.311
2032,Djibouti,DJI,1990,4000.0,0.0,0.0,60.0,60.0,,82.6,1.0,-0.138
2033,Djibouti,DJI,1991,3000.0,59.0,15.0,45.0,119.0,6.6508846,82.6,1.0,-0.316
2034,Djibouti,DJI,1992,8000.0,0.0,85.0,44.0,129.0,6.760028,82.6,1.0,-0.064
2035,Djibouti,DJI,1993,8000.0,2.0,24.0,7.0,33.0,6.158737,92.0,1.0,-0.064
2036,Djibouti,DJI,1994,8000.0,0.0,36.0,3.0,39.0,5.757445,92.0,1.0,-0.064
2037,Djibouti,DJI,1995,12600.0,0.0,10.0,7.0,17.0,5.791646,92.0,1.0,-0.064
2038,Djibouti,DJI,1996,12600.0,0.0,0.0,0.0,0.0,5.0804787,92.0,1.0,-0.064
2039,Djibouti,DJI,1997,12600.0,0.0,0.0,0.0,0.0,5.474986,92.0,1.0,-0.064
2040,Djibouti,DJI,1998,12600.0,0.0,0.0,0.0,0.0,5.6508746,92.0,1.0,-0.064
2041,Djibouti,DJI,1999,12600.0,3.0,6.0,16.0,25.0,5.47809,92.0,1.0,-0.064
2042,Djibouti,DJI,2000,12600.0,0.0,0.0,0.0,0.0,5.0691013,92.0,1.0,-0.064
2043,Djibouti,DJI,2001,12600.0,0.0,0.0,0.0,0.0,,92.0,1.0,-0.064
2044,Djibouti,DJI,2002,12300.0,0.0,0.0,0.0,0.0,,92.25,1.0,-0.064
2045,Djibouti,DJI,2003,12300.0,0.0,0.0,0.0,0.0,,92.25,1.0,0.127
2046,Djibouti,DJI,2004,11000.0,0.0,0.0,0.0,0.0,5.607179,92.25,1.0,0.127
2047,Djibouti,DJI,2005,13000.0,0.0,0.0,0.0,0.0,4.5077567,92.25,1.0,0.127
2048,Djibouti,DJI,2006,,0.0,0.0,0.0,0.0,4.587634,92.25,1.0,0.127
2049,Djibouti,DJI,2007,12000.0,0.0,0.0,0.0,0.0,2.901075,92.25,1.0,0.127
2050,Djibouti,DJI,2008,13000.0,0.0,1.0,34.0,35.0,2.6275826,92.0,1.0,0.127
2051,Djibouti,DJI,2009,12950.0,0.0,0.0,0.0,0.0,,92.5,1.0,0.127
2052,Djibouti,DJI,2010,12950.0,0.0,0.0,0.0,0.0,,92.5,1.0,0.127
2053,Djibouti,DJI,2011,12950.0,0.0,0.0,0.0,0.0,,92.583,1.0,0.127
2054,Djibouti,DJI,2012,12950.0,0.0,0.0,0.0,0.0,,92.583,1.0,0.127
2055,Djibouti,DJI,2013,12950.0,0.0,0.0,0.0,0.0,,91.667,1.0,0.127
2056,Djibouti,DJI,2014,12950.0,1.0,0.0,0.0,1.0,,91.667,1.0,0.127
2057,Djibouti,DJI,2015,12950.0,0.0,0.0,0.0,0.0,,91.667,1.0,0.127
2058,Djibouti,DJI,2016,13100.0,0.0,0.0,0.0,0.0,,91.667,1.0,0.127
2059,Djibouti,DJI,2017,13000.0,0.0,0.0,0.0,0.0,,91.375,1.0,0.127
2060,Djibouti,DJI,2018,13450.0,0.0,0.0,6.0,6.0,,91.5,1.0,0.127
2061,Djibouti,DJI,2019,13000.0,0.0,0.0,0.0,0.0,,92.5,1.0,0.127
2062,Djibouti,DJI,2020,13000.0,0.0,0.0,0.0,0.0,,87.214,1.0,0.127
2063,Djibouti,DJI,2021,,0.0,0.0,0.0,0.0,,91.714,1.0,0.127
2064,Djibouti,DJI,2022,,0.0,0.0,0.0,0.0,,87.833,1.0,0.127
2065,Djibouti,DJI,2023,,0.0,0.0,0.0,0.0,,85.5,1.0,0.127
2066,Djibouti,DJI,2024,,0.0,0.0,0.0,0.0,,84.833,1.0,0.127
2067,Dominica,DMA,1989,,0.0,0.0,0.0,0.0,,,,
2068,Dominica,DMA,1990,,0.0,0.0,0.0,0.0,,,,
2069,Dominica,DMA,1991,,0.0,0.0,0.0,0.0,,,,
2070,Dominica,DMA,1992,,0.0,0.0,0.0,0.0,,,,
2071,Dominica,DMA,1993,,0.0,0.0,0.0,0.0,,,,
2072,Dominica,DMA,1994,,0.0,0.0,0.0,0.0,,,,
2073,Dominica,DMA,1995,,0.0,0.0,0.0,0.0,,,,
2074,Dominica,DMA,1996,,0.0,0.0,0.0,0.0,,,,
2075,Dominica,DMA,1997,,0.0,0.0,0.0,0.0,,,,
2076,Dominica,DMA,1998,,0.0,0.0,0.0,0.0,,,,
2077,Dominica,DMA,1999,,0.0,0.0,0.0,0.0,,,,
2078,Dominica,DMA,2000,,0.0,0.0,0.0,0.0,,,,
2079,Dominica,DMA,2001,,0.0,0.0,0.0,0.0,,,,
2080,Dominica,DMA,2002,,0.0,0.0,0.0,0.0,,,,
2081,Dominica,DMA,2003,,0.0,0.0,0.0,0.0,,,,
2082,Dominica,DMA,2004,,0.0,0.0,0.0,0.0,,,,
2083,Dominica,DMA,2005,,0.0,0.0,0.0,0.0,,,,
2084,Dominica,DMA,2006,,0.0,0.0,0.0,0.0,,,,
2085,Dominica,DMA,2007,,0.0,0.0,0.0,0.0,,,,
2086,Dominica,DMA,2008,,0.0,0.0,0.0,0.0,,,,
2087,Dominica,DMA,2009,,0.0,0.0,0.0,0.0,,,,
2088,Dominica,DMA,2010,,0.0,0.0,0.0,0.0,,,,
2089,Dominica,DMA,2011,,0.0,0.0,0.0,0.0,,,,
2090,Dominica,DMA,2012,,0.0,0.0,0.0,0.0,,,,
2091,Dominica,DMA,2013,,0.0,0.0,0.0,0.0,,,,
2092,Dominica,DMA,2014,,0.0,0.0,0.0,0.0,,,,
2093,Dominica,DMA,2015,,0.0,0.0,0.0,0.0,,,,
2094,Dominica,DMA,2016,,0.0,0.0,0.0,0.0,,,,
2095,Dominica,DMA,2017,,0.0,0.0,0.0,0.0,,,,
2096,Dominica,DMA,2018,,0.0,0.0,0.0,0.0,,,,
2097,Dominica,DMA,2019,,0.0,0.0,0.0,0.0,,,,
2098,Dominica,DMA,2020,,0.0,0.0,0.0,0.0,,,,
2099,Dominica,DMA,2021,,0.0,0.0,0.0,0.0,,,,
2100,Dominica,DMA,2022,,0.0,0.0,0.0,0.0,,,,
2101,Dominica,DMA,2023,,0.0,0.0,0.0,0.0,,,,
2102,Dominica,DMA,2024,,0.0,0.0,0.0,0.0,,,,
2103,Dominican Republic,DOM,1989,21000.0,0.0,0.0,0.0,0.0,0.800368,95.545,2.0,-0.743
2104,Dominican Republic,DOM,1990,21000.0,0.0,0.0,0.0,0.0,0.6757294,95.545,1.0,-0.743
2105,Dominican Republic,DOM,1991,21000.0,0.0,0.0,0.0,0.0,0.34815505,95.545,1.0,-0.743
2106,Dominican Republic,DOM,1992,22000.0,0.0,0.0,0.0,0.0,0.5590868,95.545,1.0,-0.743
2107,Dominican Republic,DOM,1993,22000.0,0.0,0.0,0.0,0.0,0.75507003,95.545,1.0,-1.496
2108,Dominican Republic,DOM,1994,22000.0,0.0,0.0,0.0,0.0,0.73376566,95.545,1.0,-1.496
2109,Dominican Republic,DOM,1995,39500.0,0.0,0.0,0.0,0.0,0.5494779,95.545,1.0,-1.496
2110,Dominican Republic,DOM,1996,39500.0,0.0,0.0,0.0,0.0,0.6336516,95.545,2.0,-0.21
2111,Dominican Republic,DOM,1997,39500.0,0.0,0.0,0.0,0.0,0.7969264,95.545,2.0,0.418
2112,Dominican Republic,DOM,1998,39500.0,0.0,0.0,0.0,0.0,0.7800624,95.545,2.0,0.418
2113,Dominican Republic,DOM,1999,39500.0,0.0,0.0,0.0,0.0,0.8162439,95.545,2.0,0.418
2114,Dominican Republic,DOM,2000,39500.0,0.0,0.0,0.0,0.0,1.0300965,95.545,2.0,0.418
2115,Dominican Republic,DOM,2001,39500.0,0.0,0.0,0.0,0.0,1.2134961,95.545,2.0,0.418
2116,Dominican Republic,DOM,2002,39500.0,0.0,0.0,0.0,0.0,1.0589192,95.545,2.0,0.418
2117,Dominican Republic,DOM,2003,39500.0,0.0,0.0,0.0,0.0,0.7641451,95.545,2.0,-0.201
2118,Dominican Republic,DOM,2004,39000.0,0.0,0.0,0.0,0.0,0.687618,95.545,2.0,-0.201
2119,Dominican Republic,DOM,2005,40000.0,0.0,0.0,0.0,0.0,0.76653636,95.545,2.0,-0.201
2120,Dominican Republic,DOM,2006,65000.0,0.0,0.0,0.0,0.0,0.68342334,95.636,2.0,-0.201
2121,Dominican Republic,DOM,2007,65000.0,0.0,0.0,0.0,0.0,0.6276191,95.636,2.0,-0.201
2122,Dominican Republic,DOM,2008,40000.0,0.0,0.0,0.0,0.0,0.69986165,95.818,2.0,-0.201
2123,Dominican Republic,DOM,2009,39500.0,0.0,0.0,0.0,0.0,0.66746116,95.818,2.0,-0.201
2124,Dominican Republic,DOM,2010,39500.0,0.0,0.0,0.0,0.0,0.66753167,95.727,2.0,-0.201
2125,Dominican Republic,DOM,2011,39500.0,0.0,0.0,0.0,0.0,0.6029281,95.727,2.0,-0.201
2126,Dominican Republic,DOM,2012,61000.0,0.0,0.0,0.0,0.0,0.65315145,95.727,2.0,-0.109
2127,Dominican Republic,DOM,2013,61000.0,0.0,0.0,0.0,0.0,0.61182475,93.556,2.0,-0.304
2128,Dominican Republic,DOM,2014,71050.0,0.0,0.0,0.0,0.0,0.6514378,93.556,2.0,-0.304
2129,Dominican Republic,DOM,2015,71050.0,0.0,0.0,0.0,0.0,0.64367497,93.556,2.0,-0.304
2130,Dominican Republic,DOM,2016,71050.0,0.0,0.0,0.0,0.0,0.6340305,93.556,2.0,-0.304
2131,Dominican Republic,DOM,2017,71000.0,0.0,0.0,0.0,0.0,0.6660635,93.556,2.0,-0.404
2132,Dominican Republic,DOM,2018,71050.0,0.0,0.0,0.0,0.0,0.6939911,91.571,2.0,-0.763
2133,Dominican Republic,DOM,2019,71000.0,0.0,0.0,0.0,0.0,0.68958306,93.286,2.0,-0.763
2134,Dominican Republic,DOM,2020,71000.0,0.0,0.0,0.0,0.0,0.746232,94.714,2.0,0.441
2135,Dominican Republic,DOM,2021,,0.0,0.0,0.0,0.0,0.6472399,94.429,2.0,0.441
2136,Dominican Republic,DOM,2022,,0.0,0.0,0.0,0.0,0.67907304,94.429,2.0,0.441
2137,Dominican Republic,DOM,2023,,0.0,0.0,0.0,0.0,0.7793087,94.429,2.0,0.441
2138,Dominican Republic,DOM,2024,,0.0,0.0,0.0,0.0,0.7824201,98.333,2.0,0.441
2245,Ecuador,ECU,1989,46000.0,0.0,0.0,0.0,0.0,1.4266979,99.75,2.0,-0.31
2246,Ecuador,ECU,1990,53000.0,0.0,0.0,0.0,0.0,1.3512222,99.75,2.0,-0.31
2247,Ecuador,ECU,1991,53000.0,0.0,0.0,0.0,0.0,1.2714716,99.75,2.0,-0.31
2248,Ecuador,ECU,1992,57000.0,0.0,0.0,0.0,0.0,1.2133054,99.75,2.0,-0.31
2249,Ecuador,ECU,1993,57000.0,0.0,0.0,0.0,0.0,1.5053436,99.75,2.0,-0.31
2250,Ecuador,ECU,1994,57000.0,0.0,0.0,0.0,0.0,1.3156914,99.75,2.0,-0.31
2251,Ecuador,ECU,1995,57400.0,0.0,0.0,11.0,11.0,1.9876035,99.75,2.0,-0.31
2252,Ecuador,ECU,1996,57400.0,0.0,0.0,0.0,0.0,1.689725,99.75,2.0,-0.61
2253,Ecuador,ECU,1997,57370.0,0.0,0.0,0.0,0.0,1.8110666,99.75,2.0,-0.61
2254,Ecuador,ECU,1998,57370.0,0.0,0.0,0.0,0.0,2.0189536,99.75,2.0,0.038
2255,Ecuador,ECU,1999,57370.0,0.0,0.0,0.0,0.0,1.5559825,95.6,2.0,0.038
2256,Ecuador,ECU,2000,57800.0,0.0,0.0,0.0,0.0,1.5173395,95.6,2.0,0.038
2257,Ecuador,ECU,2001,59800.0,0.0,2.0,2.0,4.0,1.660393,95.6,2.0,0.038
2258,Ecuador,ECU,2002,59800.0,0.0,0.0,0.0,0.0,1.8666234,95.6,2.0,0.038
2259,Ecuador,ECU,2003,59800.0,0.0,0.0,27.0,27.0,2.3865495,95.6,2.0,0.038
2260,Ecuador,ECU,2004,46270.0,15.0,0.0,0.0,15.0,2.017335,95.6,2.0,0.038
2261,Ecuador,ECU,2005,47270.0,6.0,0.0,0.0,6.0,2.3684888,95.6,2.0,0.038
2262,Ecuador,ECU,2006,57400.0,2.0,0.0,0.0,2.0,2.079195,95.6,2.0,0.038
2263,Ecuador,ECU,2007,58400.0,2.0,0.0,0.0,2.0,2.6279507,95.6,2.0,0.202
2264,Ecuador,ECU,2008,58400.0,4.0,0.0,46.0,50.0,2.6922066,95.6,2.0,0.278
2265,Ecuador,ECU,2009,58983.0,0.0,0.0,0.0,0.0,3.2431993,95.6,2.0,0.49
2266,Ecuador,ECU,2010,58983.0,0.0,0.0,9.0,9.0,3.072574,96.7,2.0,0.49
2267,Ecuador,ECU,2011,58983.0,0.0,0.0,0.0,0.0,3.1064744,96.455,2.0,0.49
2268,Ecuador,ECU,2012,58500.0,0.0,0.0,0.0,0.0,2.9518147,96.455,2.0,0.49
2269,Ecuador,ECU,2013,58983.0,0.0,0.0,0.0,0.0,2.832987,96.455,2.0,0.49
2270,Ecuador,ECU,2014,40750.0,0.0,0.0,0.0,0.0,2.712791,96.455,2.0,0.49
2271,Ecuador,ECU,2015,40750.0,0.0,0.0,0.0,0.0,2.6720726,96.455,2.0,0.49
2272,Ecuador,ECU,2016,40750.0,0.0,0.0,0.0,0.0,2.5731168,96.455,2.0,0.49
2273,Ecuador,ECU,2017,41000.0,0.0,0.0,0.0,0.0,2.3573842,96.455,2.0,0.424
2274,Ecuador,ECU,2018,41250.0,0.0,0.0,0.0,0.0,2.371999,95.333,2.0,0.252
2275,Ecuador,ECU,2019,42000.0,0.0,0.0,2.0,2.0,2.1803818,95.875,2.0,0.441
2276,Ecuador,ECU,2020,42000.0,0.0,0.0,0.0,0.0,2.4579234,94.375,2.0,0.441
2277,Ecuador,ECU,2021,,0.0,291.0,0.0,291.0,2.2421072,94.167,2.0,0.441
2278,Ecuador,ECU,2022,,0.0,118.0,0.0,118.0,2.2185152,93.333,2.0,0.49
2279,Ecuador,ECU,2023,,40.0,480.0,16.0,536.0,2.2651386,85.833,2.0,0.104
2280,Ecuador,ECU,2024,,12.0,234.0,15.0,261.0,2.2219477,91.25,2.0,-0.038
2281,Egypt,EGY,1989,450000.0,0.0,0.0,0.0,0.0,3.968099,86.714,1.0,-0.697
2282,Egypt,EGY,1990,434000.0,0.0,0.0,0.0,0.0,3.4676995,86.714,1.0,-0.313
2283,Egypt,EGY,1991,434000.0,0.0,0.0,0.0,0.0,3.6117446,86.714,1.0,-0.313
2284,Egypt,EGY,1992,424000.0,0.0,0.0,0.0,0.0,3.2155008,86.714,1.0,-0.313
2285,Egypt,EGY,1993,424000.0,5.0,2.0,96.0,103.0,3.097737,86.714,1.0,-0.313
2286,Egypt,EGY,1994,430000.0,3.0,1.0,141.0,145.0,3.1539347,86.714,1.0,-1.232
2287,Egypt,EGY,1995,610000.0,53.0,0.0,174.0,227.0,3.0820363,86.714,1.0,-1.232
2288,Egypt,EGY,1996,672000.0,75.0,1.0,73.0,149.0,2.974812,86.714,1.0,-1.232
2289,Egypt,EGY,1997,680000.0,81.0,0.0,62.0,143.0,2.8414853,86.714,1.0,-1.232
2290,Egypt,EGY,1998,680000.0,3.0,0.0,24.0,27.0,2.6593833,86.714,1.0,-1.232
2291,Egypt,EGY,1999,680000.0,0.0,0.0,0.0,0.0,2.5697675,86.714,1.0,-1.232
2292,Egypt,EGY,2000,678500.0,0.0,0.0,0.0,0.0,2.551265,86.714,1.0,-1.232
2293,Egypt,EGY,2001,768000.0,0.0,0.0,0.0,0.0,2.9855685,86.714,1.0,-1.158
2294,Egypt,EGY,2002,773000.0,0.0,0.0,0.0,0.0,3.2784548,86.714,1.0,-1.158
2295,Egypt,EGY,2003,780000.0,0.0,0.0,0.0,0.0,3.1772852,86.714,1.0,-1.158
2296,Egypt,EGY,2004,798000.0,34.0,0.0,0.0,34.0,2.8775313,86.714,1.0,-1.158
2297,Egypt,EGY,2005,799000.0,88.0,36.0,0.0,124.0,2.7142205,86.714,1.0,-1.158
2298,Egypt,EGY,2006,866000.0,0.0,0.0,0.0,0.0,2.6062186,93.0,1.0,-1.158
2299,Egypt,EGY,2007,866000.0,0.0,0.0,0.0,0.0,2.3796346,93.0,1.0,-1.193
2300,Egypt,EGY,2008,866000.0,0.0,0.0,0.0,0.0,2.1807854,93.0,1.0,-1.193
2301,Egypt,EGY,2009,865500.0,0.0,0.0,0.0,0.0,2.032645,93.0,1.0,-1.193
2302,Egypt,EGY,2010,835500.0,0.0,0.0,0.0,0.0,1.952967,92.615,1.0,-1.193
2303,Egypt,EGY,2011,835500.0,0.0,11.0,20.0,31.0,1.8370256,90.692,0.0,-1.193
2304,Egypt,EGY,2012,835500.0,0.0,74.0,0.0,74.0,1.6481757,90.692,1.0,-1.276
2305,Egypt,EGY,2013,835500.0,3.0,110.0,6.0,119.0,1.6100571,84.727,0.0,-1.445
2306,Egypt,EGY,2014,835500.0,1.0,25.0,186.0,212.0,1.6896949,88.818,,-1.208
2307,Egypt,EGY,2015,835500.0,233.0,1.0,757.0,991.0,1.7231474,88.455,1.0,-0.736
2308,Egypt,EGY,2016,835500.0,38.0,3.0,350.0,391.0,1.6666051,89.545,1.0,-0.736
2309,Egypt,EGY,2017,836000.0,418.0,10.0,474.0,902.0,1.4220316,88.455,1.0,-1.245
2310,Egypt,EGY,2018,835500.0,17.0,2.0,669.0,688.0,1.2499663,91.091,1.0,-1.16
2311,Egypt,EGY,2019,836000.0,75.0,2.0,587.0,664.0,1.1809717,93.091,1.0,-1.128
2312,Egypt,EGY,2020,836000.0,62.0,0.0,484.0,546.0,1.1224755,93.909,1.0,-1.128
2313,Egypt,EGY,2021,,27.0,2.0,95.0,124.0,1.1220093,92.7,1.0,-1.414
2314,Egypt,EGY,2022,,13.0,5.0,218.0,236.0,1.014756,92.444,1.0,-1.496
2315,Egypt,EGY,2023,,0.0,0.0,0.0,0.0,0.80891865,93.667,1.0,-1.496
2316,Egypt,EGY,2024,,0.0,0.0,0.0,0.0,0.6652636,93.667,1.0,-1.256
2317,El Salvador,SLV,1989,45000.0,98.0,25.0,4801.0,4924.0,4.872346,86.0,1.0,-2.023
2318,El Salvador,SLV,1990,55000.0,18.0,495.0,336.0,849.0,3.413666,86.0,1.0,-1.66
2319,El Salvador,SLV,1991,60000.0,0.0,19.0,69.0,88.0,2.7325776,86.0,1.0,-1.66
2320,El Salvador,SLV,1992,49000.0,0.0,0.0,0.0,0.0,2.2535768,89.0,1.0,-0.536
2321,El Salvador,SLV,1993,49000.0,0.0,0.0,0.0,0.0,1.6787288,94.786,1.0,-0.227
2322,El Salvador,SLV,1994,30000.0,0.0,0.0,0.0,0.0,1.3522211,94.786,1.0,-0.227
2323,El Salvador,SLV,1995,38500.0,0.0,0.0,0.0,0.0,1.1750584,94.786,1.0,-0.227
2324,El Salvador,SLV,1996,40400.0,0.0,0.0,0.0,0.0,1.0744091,94.786,1.0,-0.227
2325,El Salvador,SLV,1997,40400.0,0.0,0.0,0.0,0.0,1.0077661,94.786,1.0,-0.227
2326,El Salvador,SLV,1998,36600.0,0.0,0.0,0.0,0.0,0.9229429,94.786,1.0,-0.227
2327,El Salvador,SLV,1999,36600.0,0.0,0.0,0.0,0.0,0.9205492,94.786,2.0,-0.227
2328,El Salvador,SLV,2000,28800.0,0.0,0.0,0.0,0.0,0.8403311,94.786,2.0,-0.227
2329,El Salvador,SLV,2001,28800.0,0.0,0.0,0.0,0.0,1.09067,94.786,2.0,-0.227
2330,El Salvador,SLV,2002,28800.0,0.0,0.0,0.0,0.0,1.1302388,94.786,2.0,-0.227
2331,El Salvador,SLV,2003,27500.0,0.0,0.0,0.0,0.0,0.8413813,94.786,2.0,-0.227
2332,El Salvador,SLV,2004,15000.0,0.0,0.0,34.0,34.0,0.8102144,94.786,2.0,-0.227
2333,El Salvador,SLV,2005,16000.0,0.0,0.0,0.0,0.0,0.9042047,94.786,2.0,-0.227
2334,El Salvador,SLV,2006,28000.0,0.0,0.0,0.0,0.0,0.8881311,94.786,2.0,-0.227
2335,El Salvador,SLV,2007,33000.0,0.0,0.0,0.0,0.0,0.9734448,94.786,2.0,-0.227
2336,El Salvador,SLV,2008,33000.0,0.0,0.0,0.0,0.0,0.96181184,94.786,2.0,-0.227
2337,El Salvador,SLV,2009,32500.0,0.0,0.0,0.0,0.0,1.0788783,94.786,2.0,-0.227
2338,El Salvador,SLV,2010,32500.0,0.0,0.0,0.0,0.0,1.0895537,94.5,2.0,-0.227
2339,El Salvador,SLV,2011,32300.0,0.0,0.0,0.0,0.0,1.0880615,94.5,2.0,-0.227
2340,El Salvador,SLV,2012,32300.0,0.0,0.0,0.0,0.0,1.0488096,94.5,2.0,-0.227
2341,El Salvador,SLV,2013,32300.0,0.0,0.0,0.0,0.0,1.0799892,94.5,2.0,-0.227
2342,El Salvador,SLV,2014,41500.0,0.0,0.0,0.0,0.0,1.035255,94.5,2.0,-0.227
2343,El Salvador,SLV,2015,41500.0,0.0,0.0,0.0,0.0,1.05682,94.167,2.0,-0.227
2344,El Salvador,SLV,2016,41500.0,0.0,0.0,0.0,0.0,1.023503,94.167,2.0,-0.227
2345,El Salvador,SLV,2017,42000.0,0.0,0.0,0.0,0.0,1.0444695,95.2,2.0,-0.316
2346,El Salvador,SLV,2018,41500.0,0.0,0.0,0.0,0.0,1.1322073,94.667,2.0,-0.316
2347,El Salvador,SLV,2019,42000.0,0.0,0.0,0.0,0.0,1.1800096,93.75,2.0,-0.316
2348,El Salvador,SLV,2020,42000.0,0.0,0.0,0.0,0.0,1.37995,92.857,2.0,-0.52
2349,El Salvador,SLV,2021,,0.0,0.0,0.0,0.0,1.210537,90.833,1.0,-1.159
2350,El Salvador,SLV,2022,,0.0,88.0,0.0,88.0,1.4332901,95.0,1.0,-1.159
2351,El Salvador,SLV,2023,,0.0,0.0,0.0,0.0,1.3369349,95.0,1.0,-1.159
2352,El Salvador,SLV,2024,,0.0,0.0,0.0,0.0,1.1861192,95.2,1.0,-1.159
2353,Equatorial Guinea,GNQ,1989,1000.0,0.0,0.0,0.0,0.0,,97.5,0.0,-1.116
2354,Equatorial Guinea,GNQ,1990,1000.0,0.0,0.0,0.0,0.0,,97.5,0.0,-1.116
2355,Equatorial Guinea,GNQ,1991,1000.0,0.0,0.0,0.0,0.0,,97.5,0.0,-1.116
2356,Equatorial Guinea,GNQ,1992,1000.0,0.0,0.0,0.0,0.0,,97.5,0.0,-1.116
2357,Equatorial Guinea,GNQ,1993,1000.0,0.0,0.0,0.0,0.0,,97.5,0.0,-1.116
2358,Equatorial Guinea,GNQ,1994,1000.0,0.0,0.0,0.0,0.0,1.9864229,98.333,1.0,-1.116
2359,Equatorial Guinea,GNQ,1995,1600.0,0.0,0.0,0.0,0.0,2.0456169,98.333,1.0,-1.419
2360,Equatorial Guinea,GNQ,1996,1600.0,0.0,0.0,0.0,0.0,,98.333,1.0,-1.419
2361,Equatorial Guinea,GNQ,1997,1620.0,0.0,0.0,0.0,0.0,,98.333,1.0,-1.419
2362,Equatorial Guinea,GNQ,1998,1600.0,0.0,0.0,0.0,0.0,,98.333,1.0,-1.419
2363,Equatorial Guinea,GNQ,1999,1600.0,0.0,0.0,0.0,0.0,,98.333,1.0,-1.419
2364,Equatorial Guinea,GNQ,2000,1600.0,0.0,0.0,0.0,0.0,,95.818,1.0,-1.419
2365,Equatorial Guinea,GNQ,2001,1600.0,0.0,0.0,0.0,0.0,,95.818,1.0,-1.419
2366,Equatorial Guinea,GNQ,2002,2300.0,0.0,0.0,0.0,0.0,,95.818,1.0,-1.419
2367,Equatorial Guinea,GNQ,2003,1300.0,0.0,0.0,0.0,0.0,,95.818,1.0,-1.419
2368,Equatorial Guinea,GNQ,2004,1000.0,0.0,0.0,0.0,0.0,,95.818,1.0,-1.419
2369,Equatorial Guinea,GNQ,2005,1000.0,0.0,0.0,0.0,0.0,,95.818,1.0,-1.419
2370,Equatorial Guinea,GNQ,2006,,0.0,0.0,0.0,0.0,,95.818,1.0,-1.419
2371,Equatorial Guinea,GNQ,2007,1000.0,0.0,0.0,0.0,0.0,1.5018258,95.909,1.0,-1.419
2372,Equatorial Guinea,GNQ,2008,1000.0,0.0,0.0,0.0,0.0,1.482309,96.091,1.0,-1.419
2373,Equatorial Guinea,GNQ,2009,1320.0,0.0,0.0,0.0,0.0,2.4749296,96.045,1.0,-1.419
2374,Equatorial Guinea,GNQ,2010,1320.0,0.0,0.0,0.0,0.0,,95.636,1.0,-1.419
2375,Equatorial Guinea,GNQ,2011,1320.0,0.0,0.0,0.0,0.0,,93.818,1.0,-1.419
2376,Equatorial Guinea,GNQ,2012,1320.0,0.0,0.0,0.0,0.0,,93.818,1.0,-1.419
2377,Equatorial Guinea,GNQ,2013,1320.0,0.0,0.0,0.0,0.0,,93.818,1.0,-1.419
2378,Equatorial Guinea,GNQ,2014,1320.0,0.0,0.0,0.0,0.0,0.766178,93.818,1.0,-1.419
2379,Equatorial Guinea,GNQ,2015,1320.0,0.0,0.0,0.0,0.0,1.041432,93.818,1.0,-1.419
2380,Equatorial Guinea,GNQ,2016,1450.0,0.0,0.0,0.0,0.0,1.2394898,94.091,1.0,-1.247
2381,Equatorial Guinea,GNQ,2017,1000.0,0.0,0.0,0.0,0.0,1.1289371,95.9,1.0,-1.454
2382,Equatorial Guinea,GNQ,2018,1450.0,0.0,0.0,0.0,0.0,1.142083,97.25,1.0,-1.454
2383,Equatorial Guinea,GNQ,2019,1000.0,0.0,0.0,0.0,0.0,1.3080529,97.429,1.0,-1.454
2384,Equatorial Guinea,GNQ,2020,1000.0,0.0,0.0,0.0,0.0,1.64083,97.429,1.0,-1.454
2385,Equatorial Guinea,GNQ,2021,,0.0,0.0,0.0,0.0,1.3453376,96.857,1.0,-1.454
2386,Equatorial Guinea,GNQ,2022,,0.0,0.0,0.0,0.0,1.3031877,93.857,1.0,-1.756
2387,Equatorial Guinea,GNQ,2023,,0.0,0.0,0.0,0.0,1.5186725,96.286,1.0,-1.178
2388,Equatorial Guinea,GNQ,2024,,0.0,0.0,0.0,0.0,0.98218584,96.2,1.0,-1.178
2389,Eritrea,ERI,1989,,668.0,0.0,5934.0,6602.0,,,0.0,-2.716
2390,Eritrea,ERI,1990,,487.0,143.0,30072.0,30702.0,,,0.0,-1.776
2391,Eritrea,ERI,1991,,42.0,0.0,6000.0,6042.0,,,0.0,-0.22
2392,Eritrea,ERI,1992,,0.0,0.0,0.0,0.0,,,0.0,-0.22
2393,Eritrea,ERI,1993,55000.0,0.0,0.0,0.0,0.0,21.329113,100.0,0.0,-0.22
2394,Eritrea,ERI,1994,55000.0,0.0,0.0,0.0,0.0,12.715941,100.0,0.0,-0.22
2395,Eritrea,ERI,1995,55000.0,0.0,0.0,0.0,0.0,19.539112,100.0,0.0,-0.22
2396,Eritrea,ERI,1996,55000.0,0.0,0.0,0.0,0.0,20.34482,100.0,0.0,-0.22
2397,Eritrea,ERI,1997,46000.0,0.0,0.0,31.0,31.0,11.860415,100.0,0.0,-0.22
2398,Eritrea,ERI,1998,47100.0,1.0,782.0,9.0,792.0,32.497066,100.0,0.0,-1.101
2399,Eritrea,ERI,1999,200000.0,137.0,30000.0,15054.0,45191.0,34.37777,100.0,0.0,-1.101
2400,Eritrea,ERI,2000,200000.0,1.0,48183.0,1792.0,49976.0,32.65567,98.357,0.0,-1.459
2401,Eritrea,ERI,2001,171900.0,0.0,0.0,0.0,0.0,22.136791,98.357,0.0,-2.621
2402,Eritrea,ERI,2002,172200.0,0.0,0.0,0.0,0.0,20.671879,98.357,0.0,-2.621
2403,Eritrea,ERI,2003,202000.0,0.0,0.0,57.0,57.0,20.865746,98.357,0.0,-2.621
2404,Eritrea,ERI,2004,201000.0,0.0,0.0,0.0,0.0,,98.357,0.0,-2.621
2405,Eritrea,ERI,2005,202000.0,0.0,0.0,0.0,0.0,,98.357,0.0,-2.621
2406,Eritrea,ERI,2006,,0.0,0.0,0.0,0.0,,98.357,0.0,-2.621
2407,Eritrea,ERI,2007,202000.0,0.0,0.0,0.0,0.0,,98.357,0.0,-2.621
2408,Eritrea,ERI,2008,202000.0,0.0,0.0,0.0,0.0,,98.357,0.0,-2.621
2409,Eritrea,ERI,2009,201750.0,0.0,0.0,0.0,0.0,,98.357,0.0,-2.621
2410,Eritrea,ERI,2010,201750.0,0.0,0.0,0.0,0.0,,98.643,0.0,-2.621
2411,Eritrea,ERI,2011,201750.0,0.0,0.0,0.0,0.0,,98.643,0.0,-2.621
2412,Eritrea,ERI,2012,201750.0,0.0,0.0,0.0,0.0,,98.643,0.0,-2.621
2413,Eritrea,ERI,2013,201750.0,0.0,0.0,0.0,0.0,,98.0,0.0,-2.321
2414,Eritrea,ERI,2014,201750.0,0.0,0.0,0.0,0.0,,98.0,0.0,-2.321
2415,Eritrea,ERI,2015,201750.0,0.0,0.0,0.0,0.0,,98.0,0.0,-2.321
2416,Eritrea,ERI,2016,201750.0,0.0,0.0,0.0,0.0,,98.0,0.0,-2.321
2417,Eritrea,ERI,2017,202000.0,0.0,0.0,0.0,0.0,,97.333,0.0,-2.321
2418,Eritrea,ERI,2018,201750.0,0.0,0.0,0.0,0.0,,97.111,0.0,-1.883
2419,Eritrea,ERI,2019,202000.0,0.0,0.0,0.0,0.0,,96.571,0.0,-1.538
2420,Eritrea,ERI,2020,202000.0,0.0,0.0,0.0,0.0,,90.167,0.0,-1.55
2421,Eritrea,ERI,2021,,30.0,0.0,0.0,30.0,,89.167,0.0,-1.295
2422,Eritrea,ERI,2022,,0.0,5.0,0.0,5.0,,89.167,0.0,-1.076
2423,Eritrea,ERI,2023,,0.0,0.0,0.0,0.0,,89.167,0.0,-1.517
2424,Eritrea,ERI,2024,,0.0,0.0,0.0,0.0,,97.0,0.0,-1.517
2425,Estonia,EST,1989,,0.0,0.0,0.0,0.0,,100.0,0.0,-1.039
2426,Estonia,EST,1990,,0.0,0.0,0.0,0.0,,,2.0,1.035
2427,Estonia,EST,1991,,0.0,0.0,0.0,0.0,,92.6,2.0,1.035
2428,Estonia,EST,1992,3000.0,0.0,0.0,0.0,0.0,,97.6,1.0,1.112
2429,Estonia,EST,1993,5000.0,0.0,0.0,0.0,0.0,0.76175195,97.6,2.0,1.112
2430,Estonia,EST,1994,4000.0,0.0,0.0,0.0,0.0,1.0416303,97.735,2.0,1.816
2431,Estonia,EST,1995,5500.0,0.0,0.0,0.0,0.0,0.930586,100.0,2.0,1.816
2432,Estonia,EST,1996,5500.0,0.0,0.0,0.0,0.0,0.86631143,100.0,3.0,1.816
2433,Estonia,EST,1997,6300.0,0.0,0.0,0.0,0.0,1.0288645,100.0,3.0,2.304
2434,Estonia,EST,1998,7140.0,0.0,0.0,0.0,0.0,1.0567734,100.0,3.0,2.4
2435,Estonia,EST,1999,7600.0,0.0,0.0,0.0,0.0,1.2804029,100.0,3.0,2.4
2436,Estonia,EST,2000,7600.0,0.0,0.0,0.0,0.0,1.3761322,100.0,3.0,2.4
2437,Estonia,EST,2001,7300.0,0.0,0.0,0.0,0.0,1.500977,100.0,3.0,2.4
2438,Estonia,EST,2002,8100.0,0.0,0.0,0.0,0.0,1.6562605,100.0,3.0,2.4
2439,Estonia,EST,2003,8100.0,0.0,0.0,0.0,0.0,1.7355092,100.0,3.0,2.4
2440,Estonia,EST,2004,6000.0,0.0,0.0,0.0,0.0,1.6871823,100.0,3.0,2.4
2441,Estonia,EST,2005,8000.0,0.0,0.0,0.0,0.0,1.4497719,100.0,3.0,2.4
2442,Estonia,EST,2006,7000.0,0.0,0.0,0.0,0.0,1.3873338,100.0,3.0,2.4
2443,Estonia,EST,2007,7000.0,0.0,0.0,0.0,0.0,1.6572366,100.0,3.0,2.924
2444,Estonia,EST,2008,7000.0,0.0,0.0,0.0,0.0,1.7671063,100.0,3.0,2.924
2445,Estonia,EST,2009,5450.0,0.0,0.0,0.0,0.0,1.7989725,100.0,3.0,2.924
2446,Estonia,EST,2010,5750.0,0.0,0.0,0.0,0.0,1.7003491,100.0,3.0,2.924
2447,Estonia,EST,2011,5750.0,0.0,0.0,0.0,0.0,1.672455,100.0,3.0,2.924
2448,Estonia,EST,2012,5750.0,0.0,0.0,0.0,0.0,1.879849,100.0,3.0,2.924
2449,Estonia,EST,2013,5750.0,0.0,0.0,0.0,0.0,1.883816,100.0,3.0,3.28
2450,Estonia,EST,2014,5750.0,0.0,0.0,0.0,0.0,1.8953547,100.0,3.0,3.28
2451,Estonia,EST,2015,6400.0,0.0,0.0,0.0,0.0,1.9894451,100.0,3.0,3.28
2452,Estonia,EST,2016,6400.0,0.0,0.0,0.0,0.0,2.0280356,100.0,3.0,3.28
2453,Estonia,EST,2017,6000.0,0.0,0.0,0.0,0.0,1.9698868,100.0,3.0,3.28
2454,Estonia,EST,2018,6700.0,0.0,0.0,0.0,0.0,1.9706132,100.0,3.0,3.28
2455,Estonia,EST,2019,7000.0,0.0,0.0,0.0,0.0,1.9984503,100.0,3.0,3.28
2456,Estonia,EST,2020,7000.0,0.0,0.0,0.0,0.0,2.2613642,100.0,3.0,3.28
2457,Estonia,EST,2021,,0.0,0.0,0.0,0.0,2.0123193,100.0,3.0,3.28
2458,Estonia,EST,2022,,0.0,0.0,0.0,0.0,2.1348522,100.0,3.0,3.28
2459,Estonia,EST,2023,,0.0,0.0,0.0,0.0,2.995723,100.0,3.0,3.28
2460,Estonia,EST,2024,,0.0,0.0,0.0,0.0,3.3740022,100.0,3.0,3.28
2461,Eswatini,SWZ,1989,4000.0,2.0,0.0,0.0,2.0,1.2528723,94.4,0.0,-0.751
2462,Eswatini,SWZ,1990,3000.0,0.0,0.0,0.0,0.0,1.2759746,94.4,0.0,-0.751
2463,Eswatini,SWZ,1991,3000.0,0.0,0.0,0.0,0.0,1.3845166,94.4,0.0,-0.751
2464,Eswatini,SWZ,1992,3000.0,0.0,0.0,0.0,0.0,1.6327115,94.4,0.0,-0.751
2465,Eswatini,SWZ,1993,3000.0,0.0,0.0,0.0,0.0,1.7480469,94.4,0.0,-0.751
2466,Eswatini,SWZ,1994,3000.0,0.0,0.0,0.0,0.0,1.8180897,94.4,0.0,-0.751
2467,Eswatini,SWZ,1995,3000.0,0.0,0.0,0.0,0.0,1.6933392,94.4,0.0,-0.751
2468,Eswatini,SWZ,1996,3000.0,0.0,0.0,0.0,0.0,1.6525778,94.4,0.0,-0.751
2469,Eswatini,SWZ,1997,3000.0,0.0,0.0,0.0,0.0,1.4948392,94.4,0.0,-0.751
2470,Eswatini,SWZ,1998,3000.0,0.0,0.0,0.0,0.0,1.647209,94.4,0.0,-0.751
2471,Eswatini,SWZ,1999,3000.0,0.0,0.0,0.0,0.0,1.6845058,94.4,0.0,-0.751
2472,Eswatini,SWZ,2000,,0.0,0.0,0.0,0.0,1.4602321,94.4,0.0,-0.782
2473,Eswatini,SWZ,2001,,0.0,0.0,0.0,0.0,1.2557484,94.4,0.0,-0.782
2474,Eswatini,SWZ,2002,,0.0,0.0,0.0,0.0,1.3935549,94.4,0.0,-0.782
2475,Eswatini,SWZ,2003,,0.0,0.0,0.0,0.0,1.4773979,94.4,0.0,-0.782
2476,Eswatini,SWZ,2004,,0.0,0.0,0.0,0.0,1.5795201,94.4,0.0,-0.782
2477,Eswatini,SWZ,2005,,0.0,0.0,0.0,0.0,2.0332239,94.4,0.0,-0.782
2478,Eswatini,SWZ,2006,,0.0,0.0,0.0,0.0,1.6728934,94.4,0.0,-0.782
2479,Eswatini,SWZ,2007,,0.0,0.0,0.0,0.0,1.6444117,94.4,0.0,-0.782
2480,Eswatini,SWZ,2008,,0.0,0.0,0.0,0.0,1.9988203,94.4,0.0,-0.782
2481,Eswatini,SWZ,2009,,0.0,0.0,0.0,0.0,2.091122,94.4,0.0,-0.782
2482,Eswatini,SWZ,2010,,0.0,0.0,0.0,0.0,2.3667703,94.4,0.0,-0.782
2483,Eswatini,SWZ,2011,,0.0,0.0,0.0,0.0,2.218672,94.1,0.0,-0.782
2484,Eswatini,SWZ,2012,,0.0,0.0,0.0,0.0,1.9145569,94.1,0.0,-0.782
2485,Eswatini,SWZ,2013,,0.0,0.0,0.0,0.0,1.9518914,92.4,0.0,-0.782
2486,Eswatini,SWZ,2014,,0.0,0.0,0.0,0.0,1.8228693,92.4,0.0,-0.782
2487,Eswatini,SWZ,2015,,0.0,0.0,0.0,0.0,1.7496023,92.4,0.0,-0.782
2488,Eswatini,SWZ,2016,,0.0,0.0,0.0,0.0,2.0738256,92.4,0.0,-0.782
2489,Eswatini,SWZ,2017,,0.0,0.0,0.0,0.0,1.9244549,91.556,0.0,-0.739
2490,Eswatini,SWZ,2018,,0.0,0.0,0.0,0.0,2.096044,91.556,0.0,-0.51
2491,Eswatini,SWZ,2019,,0.0,0.0,0.0,0.0,1.8904773,91.556,0.0,-0.613
2492,Eswatini,SWZ,2020,,0.0,0.0,0.0,0.0,1.8550547,95.0,0.0,-0.613
2493,Eswatini,SWZ,2021,,48.0,0.0,0.0,48.0,1.6785045,95.0,0.0,-1.041
2494,Eswatini,SWZ,2022,,0.0,0.0,0.0,0.0,1.6549954,95.0,0.0,-1.455
2495,Eswatini,SWZ,2023,,0.0,0.0,0.0,0.0,1.3835466,95.0,0.0,-1.455
2496,Eswatini,SWZ,2024,,0.0,0.0,0.0,0.0,1.4440675,95.0,0.0,-1.128
2497,Ethiopia,ETH,1989,250000.0,347.0,339.0,18081.0,18767.0,10.2766485,78.571,0.0,-0.875
2498,Ethiopia,ETH,1990,250000.0,250.0,131.0,18773.0,19154.0,9.65797,78.571,0.0,-0.875
2499,Ethiopia,ETH,1991,120000.0,171.0,1029.0,5188.0,6388.0,5.7051315,89.286,0.0,0.047
2500,Ethiopia,ETH,1992,120000.0,0.0,106.0,908.0,1014.0,3.4417086,89.286,0.0,-0.194
2501,Ethiopia,ETH,1993,120000.0,26.0,0.0,98.0,124.0,3.0716884,94.944,0.0,-0.194
2502,Ethiopia,ETH,1994,120000.0,0.0,69.0,6.0,75.0,2.8684387,94.944,1.0,-0.194
2503,Ethiopia,ETH,1995,120000.0,0.0,1026.0,3.0,1029.0,2.225616,94.944,1.0,-0.194
2504,Ethiopia,ETH,1996,120000.0,0.0,33.0,19.0,52.0,2.1171386,94.944,1.0,-0.194
2505,Ethiopia,ETH,1997,120000.0,0.0,0.0,0.0,0.0,3.3431776,94.944,1.0,-0.194
2506,Ethiopia,ETH,1998,120000.0,6.0,855.0,163.0,1024.0,7.276936,94.944,1.0,-0.194
2507,Ethiopia,ETH,1999,325500.0,16.0,50.0,2732.0,2798.0,9.506943,94.944,1.0,-0.194
2508,Ethiopia,ETH,2000,352500.0,0.0,172.0,300.0,472.0,7.690239,94.944,1.0,-0.194
2509,Ethiopia,ETH,2001,252500.0,0.0,262.0,108.0,370.0,4.3926573,94.944,1.0,-0.194
2510,Ethiopia,ETH,2002,252500.0,35.0,619.0,147.0,801.0,3.7567344,94.944,1.0,-0.194
2511,Ethiopia,ETH,2003,162400.0,509.0,242.0,313.0,1064.0,3.2962878,94.944,1.0,-0.194
2512,Ethiopia,ETH,2004,182000.0,244.0,140.0,81.0,465.0,3.130536,94.944,1.0,-0.194
2513,Ethiopia,ETH,2005,183000.0,33.0,147.0,67.0,247.0,2.8122182,94.944,1.0,-0.194
2514,Ethiopia,ETH,2006,,20.0,333.0,46.0,399.0,2.3071494,94.944,1.0,-0.194
2515,Ethiopia,ETH,2007,138000.0,241.0,27.0,203.0,471.0,1.8962773,94.944,1.0,-0.194
2516,Ethiopia,ETH,2008,138000.0,1.0,274.0,0.0,275.0,1.515848,94.944,1.0,-0.194
2517,Ethiopia,ETH,2009,138000.0,2.0,19.0,546.0,567.0,1.2046015,94.944,1.0,-0.194
2518,Ethiopia,ETH,2010,138000.0,0.0,25.0,126.0,151.0,1.1539426,94.944,1.0,-0.112
2519,Ethiopia,ETH,2011,138000.0,1.0,47.0,3.0,51.0,1.0907065,94.944,1.0,-0.112
2520,Ethiopia,ETH,2012,138000.0,88.0,48.0,225.0,361.0,0.86836153,94.944,1.0,-0.112
2521,Ethiopia,ETH,2013,138000.0,0.0,25.0,52.0,77.0,0.8064172,97.2,1.0,-0.045
2522,Ethiopia,ETH,2014,138000.0,0.0,125.0,0.0,125.0,0.76840776,97.2,1.0,-0.045
2523,Ethiopia,ETH,2015,138000.0,258.0,48.0,1.0,307.0,0.70541465,97.2,1.0,-0.104
2524,Ethiopia,ETH,2016,138000.0,301.0,84.0,169.0,554.0,0.6835672,96.692,1.0,-0.104
2525,Ethiopia,ETH,2017,138000.0,173.0,130.0,146.0,449.0,0.67531073,95.417,1.0,-0.398
2526,Ethiopia,ETH,2018,138000.0,239.0,163.0,255.0,657.0,0.64585096,95.5,1.0,0.262
2527,Ethiopia,ETH,2019,138000.0,172.0,183.0,59.0,414.0,0.5799495,89.0,1.0,-0.056
2528,Ethiopia,ETH,2020,138000.0,3209.0,422.0,20787.0,24418.0,0.7807548,73.1,1.0,-0.027
2529,Ethiopia,ETH,2021,,5473.0,3900.0,120108.0,129481.0,1.609171,61.2,1.0,-0.575
2530,Ethiopia,ETH,2022,,2432.0,3807.0,158752.0,164991.0,1.5059407,59.6,1.0,-0.867
2531,Ethiopia,ETH,2023,,647.0,729.0,942.0,2318.0,0.8824901,68.875,1.0,-1.079
2532,Ethiopia,ETH,2024,,1363.0,423.0,2267.0,4053.0,0.6505065,65.167,1.0,-1.216
2673,Fiji,FJI,1989,4000.0,0.0,0.0,0.0,0.0,2.2701066,94.182,0.0,-0.687
2674,Fiji,FJI,1990,5000.0,0.0,0.0,0.0,0.0,2.1087554,94.182,0.0,0.102
2675,Fiji,FJI,1991,5000.0,0.0,0.0,0.0,0.0,2.1667883,94.182,0.0,0.102
2676,Fiji,FJI,1992,5000.0,0.0,0.0,0.0,0.0,1.840414,94.182,1.0,0.102
2677,Fiji,FJI,1993,5000.0,0.0,0.0,0.0,0.0,1.8085593,94.182,2.0,0.656
2678,Fiji,FJI,1994,4000.0,0.0,0.0,0.0,0.0,1.7026372,94.182,2.0,0.656
2679,Fiji,FJI,1995,3900.0,0.0,0.0,0.0,0.0,1.6257875,94.182,2.0,0.656
2680,Fiji,FJI,1996,3600.0,0.0,0.0,0.0,0.0,1.4242464,94.182,2.0,0.656
2681,Fiji,FJI,1997,3600.0,0.0,0.0,0.0,0.0,1.3649596,94.182,2.0,2.408
2682,Fiji,FJI,1998,3500.0,0.0,0.0,0.0,0.0,1.2591888,94.182,2.0,2.408
2683,Fiji,FJI,1999,3500.0,0.0,0.0,0.0,0.0,1.1318064,94.182,2.0,2.408
2684,Fiji,FJI,2000,3500.0,0.0,0.0,0.0,0.0,1.7562435,94.182,0.0,-0.6
2685,Fiji,FJI,2001,3500.0,0.0,0.0,0.0,0.0,1.8245836,94.182,0.0,-0.163
2686,Fiji,FJI,2002,3500.0,0.0,0.0,0.0,0.0,1.5485668,94.182,1.0,0.105
2687,Fiji,FJI,2003,3500.0,0.0,0.0,0.0,0.0,1.4865009,94.182,2.0,0.105
2688,Fiji,FJI,2004,3000.0,0.0,0.0,0.0,0.0,1.5838759,94.182,2.0,0.105
2689,Fiji,FJI,2005,4000.0,0.0,0.0,0.0,0.0,1.3235946,94.182,2.0,0.105
2690,Fiji,FJI,2006,4000.0,0.0,0.0,0.0,0.0,1.608599,94.182,1.0,-0.776
2691,Fiji,FJI,2007,4000.0,0.0,0.0,0.0,0.0,2.2371,94.182,0.0,-0.809
2692,Fiji,FJI,2008,4000.0,0.0,0.0,0.0,0.0,1.5209528,94.182,0.0,-0.866
2693,Fiji,FJI,2009,3500.0,0.0,0.0,0.0,0.0,1.7865791,94.182,0.0,-0.948
2694,Fiji,FJI,2010,3500.0,0.0,0.0,0.0,0.0,1.6051289,94.182,0.0,-0.389
2695,Fiji,FJI,2011,3500.0,0.0,0.0,0.0,0.0,1.6104039,94.182,0.0,-0.389
2696,Fiji,FJI,2012,3500.0,0.0,0.0,0.0,0.0,1.4909617,94.182,0.0,-0.324
2697,Fiji,FJI,2013,3500.0,0.0,0.0,0.0,0.0,1.3867774,93.636,0.0,-0.324
2698,Fiji,FJI,2014,3500.0,0.0,0.0,0.0,0.0,1.5397731,93.636,1.0,-0.114
2699,Fiji,FJI,2015,3500.0,0.0,0.0,0.0,0.0,0.9101473,93.636,1.0,0.132
2700,Fiji,FJI,2016,3500.0,0.0,0.0,0.0,0.0,1.1037929,91.875,1.0,0.139
2701,Fiji,FJI,2017,4000.0,0.0,0.0,0.0,0.0,1.4048381,92.25,1.0,0.139
2702,Fiji,FJI,2018,4040.0,0.0,0.0,0.0,0.0,1.4558831,91.625,1.0,0.126
2703,Fiji,FJI,2019,4000.0,0.0,0.0,0.0,0.0,1.4451275,91.625,1.0,0.126
2704,Fiji,FJI,2020,4000.0,0.0,0.0,0.0,0.0,1.6053045,92.857,1.0,0.126
2705,Fiji,FJI,2021,,0.0,0.0,0.0,0.0,1.5959429,93.286,1.0,0.946
2706,Fiji,FJI,2022,,0.0,0.0,0.0,0.0,1.3609077,93.0,1.0,0.641
2707,Fiji,FJI,2023,,0.0,0.0,0.0,0.0,1.3335179,94.6,2.0,1.034
2708,Fiji,FJI,2024,,0.0,0.0,0.0,0.0,1.3128793,94.0,2.0,1.034
2709,Finland,FIN,1989,39000.0,0.0,0.0,0.0,0.0,1.5343144,99.462,3.0,3.129
2710,Finland,FIN,1990,31000.0,0.0,0.0,0.0,0.0,1.5633514,99.462,3.0,3.129
2711,Finland,FIN,1991,32000.0,0.0,0.0,0.0,0.0,1.7812309,99.462,3.0,3.129
2712,Finland,FIN,1992,33000.0,0.0,0.0,0.0,0.0,1.9071311,99.462,3.0,3.129
2713,Finland,FIN,1993,31000.0,0.0,0.0,0.0,0.0,1.8680115,99.462,3.0,3.129
2714,Finland,FIN,1994,35000.0,0.0,0.0,0.0,0.0,1.7556036,99.462,3.0,3.129
2715,Finland,FIN,1995,34500.0,0.0,0.0,0.0,0.0,1.4225415,99.462,3.0,3.129
2716,Finland,FIN,1996,36000.0,0.0,0.0,0.0,0.0,1.5304723,99.462,3.0,3.129
2717,Finland,FIN,1997,34400.0,0.0,0.0,0.0,0.0,1.535155,99.462,3.0,3.129
2718,Finland,FIN,1998,35100.0,0.0,0.0,0.0,0.0,1.4631755,99.462,3.0,3.129
2719,Finland,FIN,1999,35100.0,0.0,0.0,0.0,0.0,1.2231038,99.462,3.0,3.129
2720,Finland,FIN,2000,35100.0,0.0,0.0,0.0,0.0,1.24001,99.462,3.0,3.129
2721,Finland,FIN,2001,35400.0,0.0,0.0,0.0,0.0,1.1431199,99.462,3.0,3.129
2722,Finland,FIN,2002,34900.0,0.0,0.0,0.0,0.0,1.1534626,99.462,3.0,3.129
2723,Finland,FIN,2003,30100.0,0.0,0.0,0.0,0.0,1.4454745,99.462,3.0,3.129
2724,Finland,FIN,2004,31000.0,0.0,0.0,0.0,0.0,1.4677186,99.462,3.0,3.129
2725,Finland,FIN,2005,31000.0,0.0,0.0,0.0,0.0,1.4647045,99.462,3.0,3.129
2726,Finland,FIN,2006,32000.0,0.0,0.0,0.0,0.0,1.4427023,99.462,3.0,3.129
2727,Finland,FIN,2007,32000.0,0.0,0.0,0.0,0.0,1.2876099,99.462,3.0,3.129
2728,Finland,FIN,2008,32000.0,0.0,0.0,0.0,0.0,1.3910253,99.462,3.0,3.129
2729,Finland,FIN,2009,25050.0,0.0,0.0,0.0,0.0,1.5608454,99.462,3.0,3.129
2730,Finland,FIN,2010,24975.0,0.0,0.0,0.0,0.0,1.4917265,99.462,3.0,3.129
2731,Finland,FIN,2011,25000.0,0.0,0.0,0.0,0.0,1.4919937,99.462,3.0,3.129
2732,Finland,FIN,2012,25000.0,0.0,0.0,0.0,0.0,1.5316052,99.462,3.0,3.129
2733,Finland,FIN,2013,25000.0,0.0,0.0,0.0,0.0,1.5400718,99.462,3.0,2.784
2734,Finland,FIN,2014,25000.0,0.0,0.0,0.0,0.0,1.4592795,99.462,3.0,2.784
2735,Finland,FIN,2015,24900.0,0.0,0.0,0.0,0.0,1.4581906,99.462,3.0,3.134
2736,Finland,FIN,2016,24200.0,0.0,0.0,0.0,0.0,1.4315052,99.462,3.0,3.134
2737,Finland,FIN,2017,25000.0,0.0,0.0,0.0,0.0,1.3608893,99.462,3.0,2.738
2738,Finland,FIN,2018,25200.0,0.0,0.0,0.0,0.0,1.3716823,100.0,3.0,3.071
2739,Finland,FIN,2019,27000.0,0.0,0.0,0.0,0.0,1.3613229,100.0,3.0,2.701
2740,Finland,FIN,2020,22000.0,0.0,0.0,0.0,0.0,1.4357811,100.0,3.0,2.701
2741,Finland,FIN,2021,,0.0,0.0,0.0,0.0,1.3024392,100.0,3.0,2.701
2742,Finland,FIN,2022,,0.0,0.0,0.0,0.0,1.5885452,100.0,3.0,2.701
2743,Finland,FIN,2023,,0.0,0.0,0.0,0.0,2.007537,100.0,3.0,2.701
2744,Finland,FIN,2024,,0.0,0.0,0.0,0.0,2.2997918,100.0,3.0,2.701
2745,France,FRA,1989,554000.0,0.0,0.0,0.0,0.0,2.9178348,94.944,3.0,2.605
2746,France,FRA,1990,550000.0,0.0,0.0,0.0,0.0,2.8446398,94.944,3.0,2.605
2747,France,FRA,1991,542000.0,0.0,0.0,0.0,0.0,2.849219,94.944,3.0,2.605
2748,France,FRA,1992,522000.0,0.0,0.0,0.0,0.0,2.7275681,94.944,3.0,2.605
2749,France,FRA,1993,506000.0,0.0,0.0,0.0,0.0,2.7216845,94.944,3.0,2.605
2750,France,FRA,1994,506000.0,0.0,0.0,0.0,0.0,2.6907322,94.944,3.0,2.605
2751,France,FRA,1995,502400.0,0.0,0.0,0.0,0.0,2.515422,94.944,3.0,2.605
2752,France,FRA,1996,491300.0,0.0,0.0,0.0,0.0,2.4376633,94.944,3.0,2.605
2753,France,FRA,1997,473100.0,0.0,0.0,0.0,0.0,2.3939571,94.944,3.0,2.605
2754,France,FRA,1998,452200.0,0.0,0.0,0.0,0.0,2.246809,94.944,3.0,2.605
2755,France,FRA,1999,411600.0,0.0,0.0,0.0,0.0,2.1981533,94.944,3.0,2.605
2756,France,FRA,2000,389400.0,0.0,0.0,0.0,0.0,2.092189,94.944,3.0,2.605
2757,France,FRA,2001,374400.0,0.0,0.0,0.0,0.0,2.041484,94.944,3.0,2.605
2758,France,FRA,2002,361800.0,0.0,0.0,0.0,0.0,2.0585728,94.944,3.0,2.605
2759,France,FRA,2003,360400.0,0.0,0.0,0.0,0.0,2.106471,94.944,3.0,2.605
2760,France,FRA,2004,358000.0,0.0,0.0,0.0,0.0,2.1141663,94.944,3.0,2.605
2761,France,FRA,2005,359000.0,0.0,0.0,0.0,0.0,2.028137,94.944,3.0,2.605
2762,France,FRA,2006,354000.0,0.0,0.0,0.0,0.0,1.9773774,94.944,3.0,2.605
2763,France,FRA,2007,353000.0,0.0,0.0,0.0,0.0,1.9109577,94.944,3.0,2.605
2764,France,FRA,2008,353000.0,0.0,0.0,0.0,0.0,1.899345,94.944,3.0,2.605
2765,France,FRA,2009,341967.0,0.0,0.0,0.0,0.0,2.0987778,94.944,3.0,2.605
2766,France,FRA,2010,341967.0,0.0,0.0,0.0,0.0,1.9686438,94.944,3.0,2.605
2767,France,FRA,2011,332250.0,0.0,0.0,0.0,0.0,1.8879462,94.944,3.0,2.605
2768,France,FRA,2012,325600.0,0.0,0.0,0.0,0.0,1.8715441,94.944,3.0,2.605
2769,France,FRA,2013,318400.0,0.0,0.0,0.0,0.0,1.8471165,94.944,3.0,2.605
2770,France,FRA,2014,312350.0,0.0,0.0,0.0,0.0,1.8595291,94.944,3.0,2.605
2771,France,FRA,2015,306350.0,130.0,3.0,0.0,133.0,1.8697327,94.944,3.0,2.605
2772,France,FRA,2016,306100.0,87.0,0.0,0.0,87.0,1.8517182,94.944,3.0,2.605
2773,France,FRA,2017,307000.0,0.0,0.0,2.0,2.0,1.8523088,96.333,3.0,2.605
2774,France,FRA,2018,304800.0,9.0,0.0,4.0,13.0,1.8460426,95.0,3.0,2.605
2775,France,FRA,2019,304000.0,0.0,0.0,0.0,0.0,1.8528852,95.0,3.0,2.605
2776,France,FRA,2020,304000.0,0.0,0.0,0.0,0.0,2.0216746,98.0,3.0,2.605
2777,France,FRA,2021,,0.0,0.0,0.0,0.0,1.9802222,98.0,3.0,2.605
2778,France,FRA,2022,,0.0,0.0,0.0,0.0,1.9577208,98.0,3.0,2.496
2779,France,FRA,2023,,6.0,42.0,0.0,48.0,1.9509969,98.0,3.0,2.496
2780,France,FRA,2024,,0.0,0.0,0.0,0.0,2.0525768,98.0,3.0,2.496
2783,Gabon,GAB,1989,10000.0,0.0,0.0,0.0,0.0,,86.714,1.0,-0.447
2784,Gabon,GAB,1990,9000.0,0.0,0.0,0.0,0.0,,86.714,1.0,1.117
2785,Gabon,GAB,1991,10000.0,0.0,0.0,0.0,0.0,,86.714,1.0,1.498
2786,Gabon,GAB,1992,7000.0,0.0,0.0,0.0,0.0,,86.714,1.0,1.498
2787,Gabon,GAB,1993,7000.0,0.0,0.0,0.0,0.0,,86.714,1.0,1.498
2788,Gabon,GAB,1994,6000.0,0.0,0.0,0.0,0.0,,86.714,1.0,1.498
2789,Gabon,GAB,1995,9500.0,0.0,0.0,0.0,0.0,,86.714,1.0,1.498
2790,Gabon,GAB,1996,9500.0,0.0,0.0,0.0,0.0,,86.714,1.0,1.498
2791,Gabon,GAB,1997,9500.0,0.0,0.0,0.0,0.0,,86.714,1.0,1.498
2792,Gabon,GAB,1998,9500.0,0.0,0.0,0.0,0.0,,86.714,1.0,1.498
2793,Gabon,GAB,1999,9500.0,0.0,0.0,0.0,0.0,,86.714,1.0,1.498
2794,Gabon,GAB,2000,6700.0,0.0,0.0,0.0,0.0,1.691705,86.714,1.0,1.498
2795,Gabon,GAB,2001,6700.0,0.0,0.0,0.0,0.0,1.7939521,86.714,1.0,1.498
2796,Gabon,GAB,2002,6700.0,0.0,0.0,0.0,0.0,1.7831703,86.714,1.0,1.498
2797,Gabon,GAB,2003,6700.0,0.0,0.0,0.0,0.0,1.6683278,86.714,1.0,1.498
2798,Gabon,GAB,2004,6000.0,0.0,0.0,0.0,0.0,1.6131662,86.714,1.0,1.498
2799,Gabon,GAB,2005,7000.0,0.0,0.0,0.0,0.0,1.2486821,86.714,1.0,1.498
2800,Gabon,GAB,2006,,0.0,0.0,0.0,0.0,1.2826192,86.714,1.0,1.498
2801,Gabon,GAB,2007,7000.0,0.0,0.0,0.0,0.0,,86.714,1.0,1.498
2802,Gabon,GAB,2008,7000.0,0.0,0.0,0.0,0.0,,86.714,1.0,1.498
2803,Gabon,GAB,2009,6700.0,0.0,0.0,0.0,0.0,,86.714,1.0,1.498
2804,Gabon,GAB,2010,6700.0,0.0,0.0,0.0,0.0,1.8716226,86.714,1.0,0.736
2805,Gabon,GAB,2011,6700.0,0.0,0.0,0.0,0.0,1.4624343,86.714,1.0,0.736
2806,Gabon,GAB,2012,6700.0,0.0,0.0,0.0,0.0,1.6198046,86.714,1.0,0.736
2807,Gabon,GAB,2013,6700.0,0.0,0.0,0.0,0.0,1.6040472,84.167,1.0,0.818
2808,Gabon,GAB,2014,6700.0,0.0,0.0,0.0,0.0,1.1448184,84.167,1.0,0.818
2809,Gabon,GAB,2015,6700.0,0.0,0.0,0.0,0.0,1.1850257,84.167,1.0,0.818
2810,Gabon,GAB,2016,6700.0,0.0,0.0,0.0,0.0,1.4475459,84.167,1.0,0.818
2811,Gabon,GAB,2017,7000.0,0.0,0.0,0.0,0.0,1.8113828,85.667,1.0,0.677
2812,Gabon,GAB,2018,6700.0,0.0,0.0,0.0,0.0,1.5536344,86.667,1.0,0.677
2813,Gabon,GAB,2019,7000.0,0.0,0.0,0.0,0.0,1.581689,85.0,1.0,0.677
2814,Gabon,GAB,2020,7000.0,0.0,0.0,0.0,0.0,1.7169524,88.333,1.0,1.239
2815,Gabon,GAB,2021,,0.0,0.0,0.0,0.0,1.6021811,87.5,1.0,1.239
2816,Gabon,GAB,2022,,0.0,0.0,0.0,0.0,1.3582461,87.667,1.0,2.018
2817,Gabon,GAB,2023,,0.0,0.0,0.0,0.0,1.323244,80.833,0.0,1.672
2818,Gabon,GAB,2024,,0.0,0.0,0.0,0.0,1.5382068,80.833,0.0,1.672
2819,Gambia,GMB,1989,2000.0,0.0,0.0,0.0,0.0,0.9583923,97.222,1.0,1.115
2820,Gambia,GMB,1990,2000.0,0.0,0.0,0.0,0.0,0.46126595,97.222,1.0,1.115
2821,Gambia,GMB,1991,2000.0,0.0,0.0,0.0,0.0,0.50424325,97.222,1.0,1.115
2822,Gambia,GMB,1992,1000.0,0.0,0.0,0.0,0.0,0.40965047,97.222,1.0,1.115
2823,Gambia,GMB,1993,1000.0,0.0,0.0,0.0,0.0,0.27921975,97.222,1.0,1.115
2824,Gambia,GMB,1994,1000.0,0.0,0.0,0.0,0.0,0.2555575,97.222,1.0,-0.443
2825,Gambia,GMB,1995,800.0,0.0,0.0,0.0,0.0,0.30461565,97.222,0.0,-0.934
2826,Gambia,GMB,1996,800.0,0.0,0.0,0.0,0.0,0.3973075,97.222,,-0.934
2827,Gambia,GMB,1997,800.0,0.0,0.0,0.0,0.0,0.40757596,97.222,1.0,-0.934
2828,Gambia,GMB,1998,800.0,0.0,0.0,0.0,0.0,0.3848338,97.222,1.0,-0.934
2829,Gambia,GMB,1999,800.0,0.0,0.0,0.0,0.0,0.32583305,97.222,1.0,-0.934
2830,Gambia,GMB,2000,800.0,0.0,0.0,0.0,0.0,0.3157936,97.222,1.0,-0.934
2831,Gambia,GMB,2001,800.0,0.0,0.0,0.0,0.0,0.23486207,97.222,1.0,-0.934
2832,Gambia,GMB,2002,800.0,0.0,0.0,0.0,0.0,0.24438082,97.222,1.0,-0.934
2833,Gambia,GMB,2003,800.0,0.0,0.0,0.0,0.0,0.22738865,97.222,1.0,-0.934
2834,Gambia,GMB,2004,800.0,0.0,0.0,0.0,0.0,0.1926214,97.222,1.0,-0.934
2835,Gambia,GMB,2005,800.0,8.0,0.0,0.0,8.0,0.27702743,97.222,1.0,-0.934
2836,Gambia,GMB,2006,,0.0,0.0,0.0,0.0,0.26024237,97.222,1.0,-0.934
2837,Gambia,GMB,2007,1000.0,0.0,0.0,0.0,0.0,0.35531837,97.222,1.0,-0.934
2838,Gambia,GMB,2008,1000.0,0.0,0.0,0.0,0.0,1.0949177,97.222,1.0,-0.934
2839,Gambia,GMB,2009,800.0,0.0,0.0,0.0,0.0,0.48220545,97.222,1.0,-0.934
2840,Gambia,GMB,2010,800.0,0.0,0.0,0.0,0.0,,97.222,1.0,-0.934
2841,Gambia,GMB,2011,800.0,0.0,0.0,0.0,0.0,,97.222,1.0,-0.934
2842,Gambia,GMB,2012,800.0,0.0,0.0,0.0,0.0,0.79232526,97.222,1.0,-0.934
2843,Gambia,GMB,2013,800.0,0.0,0.0,0.0,0.0,0.75449425,97.222,1.0,-1.246
2844,Gambia,GMB,2014,800.0,0.0,0.0,0.0,0.0,1.1875091,97.222,1.0,-1.162
2845,Gambia,GMB,2015,800.0,0.0,0.0,0.0,0.0,1.0088584,97.222,1.0,-1.227
2846,Gambia,GMB,2016,800.0,0.0,0.0,0.0,0.0,,97.222,1.0,-1.227
2847,Gambia,GMB,2017,1000.0,0.0,0.0,0.0,0.0,,97.222,2.0,0.891
2848,Gambia,GMB,2018,4000.0,0.0,0.0,0.0,0.0,0.6869967,97.222,2.0,0.927
2849,Gambia,GMB,2019,4000.0,0.0,0.0,0.0,0.0,0.79732454,97.222,2.0,0.855
2850,Gambia,GMB,2020,4000.0,0.0,0.0,0.0,0.0,0.81656975,94.167,1.0,0.931
2851,Gambia,GMB,2021,,0.0,0.0,0.0,0.0,0.7751654,94.167,2.0,0.931
2852,Gambia,GMB,2022,,0.0,0.0,0.0,0.0,0.7059232,94.667,2.0,0.931
2853,Gambia,GMB,2023,,0.0,0.0,0.0,0.0,0.58100885,94.667,2.0,0.747
2854,Gambia,GMB,2024,,0.0,0.0,0.0,0.0,0.57444036,94.6,2.0,0.747
2855,Georgia,GEO,1989,,0.0,0.0,0.0,0.0,,100.0,0.0,-1.039
2856,Georgia,GEO,1990,,0.0,0.0,0.0,0.0,,,1.0,-1.173
2857,Georgia,GEO,1991,,0.0,104.0,35.0,139.0,,72.0,1.0,-1.173
2858,Georgia,GEO,1992,,30.0,253.0,488.0,771.0,,84.835,1.0,-2.097
2859,Georgia,GEO,1993,25000.0,204.0,207.0,1426.0,1837.0,,79.2,1.0,-1.945
2860,Georgia,GEO,1994,7000.0,0.0,0.0,0.0,0.0,,79.2,1.0,-1.563
2861,Georgia,GEO,1995,14000.0,52.0,0.0,0.0,52.0,,79.2,1.0,-1.563
2862,Georgia,GEO,1996,15000.0,0.0,0.0,0.0,0.0,2.2101731,79.2,1.0,-1.726
2863,Georgia,GEO,1997,39200.0,0.0,0.0,26.0,26.0,1.2535876,79.2,1.0,-1.726
2864,Georgia,GEO,1998,39200.0,20.0,0.0,18.0,38.0,1.136974,79.2,1.0,-1.532
2865,Georgia,GEO,1999,32800.0,0.0,0.0,0.0,0.0,0.9243748,79.2,1.0,-1.532
2866,Georgia,GEO,2000,33400.0,0.0,0.0,0.0,0.0,0.61558247,79.2,1.0,-1.532
2867,Georgia,GEO,2001,28500.0,0.0,0.0,0.0,0.0,0.740186,79.2,1.0,-1.532
2868,Georgia,GEO,2002,29200.0,0.0,0.0,0.0,0.0,1.000533,79.2,1.0,-1.532
2869,Georgia,GEO,2003,29200.0,0.0,0.0,0.0,0.0,1.0684892,79.2,1.0,-1.532
2870,Georgia,GEO,2004,22000.0,3.0,0.0,24.0,27.0,1.373839,81.467,2.0,0.621
2871,Georgia,GEO,2005,23000.0,0.0,0.0,0.0,0.0,3.33917,81.467,2.0,1.618
2872,Georgia,GEO,2006,33000.0,0.0,0.0,0.0,0.0,5.218307,81.733,2.0,1.618
2873,Georgia,GEO,2007,33000.0,0.0,0.0,0.0,0.0,9.159117,81.8,2.0,1.54
2874,Georgia,GEO,2008,33000.0,200.0,239.0,182.0,621.0,8.520118,78.416,1.0,1.597
2875,Georgia,GEO,2009,32355.0,0.0,0.0,0.0,0.0,5.606597,79.333,1.0,1.563
2876,Georgia,GEO,2010,32355.0,0.0,0.0,0.0,0.0,3.65485,79.333,2.0,1.543
2877,Georgia,GEO,2011,32350.0,0.0,0.0,0.0,0.0,3.029179,79.333,2.0,1.523
2878,Georgia,GEO,2012,32350.0,0.0,0.0,0.0,0.0,2.9121242,79.333,2.0,1.595
2879,Georgia,GEO,2013,32350.0,0.0,0.0,0.0,0.0,2.5225005,80.077,2.0,1.357
2880,Georgia,GEO,2014,32350.0,0.0,0.0,0.0,0.0,2.3134675,80.077,2.0,1.414
2881,Georgia,GEO,2015,26050.0,0.0,0.0,0.0,0.0,1.9673984,80.077,2.0,1.532
2882,Georgia,GEO,2016,26050.0,0.0,0.0,0.0,0.0,2.0407927,79.909,2.0,1.532
2883,Georgia,GEO,2017,26000.0,0.0,0.0,0.0,0.0,1.9421978,80.091,2.0,1.523
2884,Georgia,GEO,2018,25650.0,0.0,0.0,0.0,0.0,1.8647095,79.9,2.0,1.138
2885,Georgia,GEO,2019,26000.0,0.0,0.0,0.0,0.0,1.7596328,79.9,2.0,1.025
2886,Georgia,GEO,2020,26000.0,0.0,0.0,0.0,0.0,1.7865558,79.9,2.0,1.147
2887,Georgia,GEO,2021,,0.0,0.0,0.0,0.0,1.5924063,81.0,2.0,0.808
2888,Georgia,GEO,2022,,0.0,0.0,0.0,0.0,1.6078768,81.0,2.0,0.808
2889,Georgia,GEO,2023,,1.0,0.0,0.0,1.0,1.658648,80.5,2.0,1.014
2890,Georgia,GEO,2024,,0.0,0.0,0.0,0.0,1.8640294,83.143,1.0,0.129
2891,Germany,DEU,1989,503000.0,1.0,0.0,2.0,3.0,2.5206966,,,
2892,Germany,DEU,1990,545000.0,0.0,0.0,1.0,1.0,2.5067637,,,
2893,Germany,DEU,1991,457000.0,0.0,0.0,0.0,0.0,1.9738225,90.0,3.0,3.985
2894,Germany,DEU,1992,442000.0,0.0,0.0,0.0,0.0,1.8360797,90.0,3.0,3.985
2895,Germany,DEU,1993,398000.0,0.0,0.0,0.0,0.0,1.6772598,90.0,3.0,3.985
2896,Germany,DEU,1994,362000.0,0.0,0.0,0.0,0.0,1.5366037,90.0,3.0,3.985
2897,Germany,DEU,1995,365000.0,0.0,0.0,0.0,0.0,1.4872725,90.0,3.0,3.985
2898,Germany,DEU,1996,383500.0,0.0,0.0,0.0,0.0,1.4573717,90.0,3.0,3.985
2899,Germany,DEU,1997,347100.0,0.0,0.0,0.0,0.0,1.4027076,90.0,3.0,3.985
2900,Germany,DEU,1998,333500.0,0.0,0.0,0.0,0.0,1.381657,90.0,3.0,3.985
2901,Germany,DEU,1999,331000.0,0.0,0.0,0.0,0.0,1.3803478,90.0,3.0,3.985
2902,Germany,DEU,2000,221100.0,0.0,0.0,0.0,0.0,1.3442158,90.0,3.0,3.985
2903,Germany,DEU,2001,308400.0,0.0,0.0,0.0,0.0,1.3078983,90.0,3.0,3.985
2904,Germany,DEU,2002,296000.0,0.0,0.0,0.0,0.0,1.3134403,90.0,3.0,3.985
2905,Germany,DEU,2003,284500.0,0.0,0.0,0.0,0.0,1.2986964,90.0,3.0,3.985
2906,Germany,DEU,2004,284000.0,0.0,0.0,0.0,0.0,1.2507281,90.0,3.0,3.985
2907,Germany,DEU,2005,285000.0,0.0,0.0,0.0,0.0,1.2327558,90.0,3.0,3.985
2908,Germany,DEU,2006,246000.0,0.0,0.0,0.0,0.0,1.1789864,90.0,3.0,3.985
2909,Germany,DEU,2007,244000.0,0.0,0.0,0.0,0.0,1.1527923,90.0,3.0,3.985
2910,Germany,DEU,2008,244000.0,0.0,0.0,0.0,0.0,1.1888701,90.0,3.0,3.985
2911,Germany,DEU,2009,251465.0,0.0,0.0,0.0,0.0,1.2847898,90.0,3.0,3.985
2912,Germany,DEU,2010,251465.0,0.0,0.0,0.0,0.0,1.2418102,91.667,3.0,3.985
2913,Germany,DEU,2011,196000.0,0.0,0.0,0.0,0.0,1.1823373,91.667,3.0,3.985
2914,Germany,DEU,2012,186450.0,0.0,0.0,0.0,0.0,1.2172596,91.667,3.0,3.985
2915,Germany,DEU,2013,181550.0,0.0,0.0,0.0,0.0,1.162138,91.667,3.0,3.985
2916,Germany,DEU,2014,178600.0,0.0,0.0,0.0,0.0,1.1276995,91.667,3.0,3.985
2917,Germany,DEU,2015,177300.0,0.0,0.0,0.0,0.0,1.1154184,91.667,3.0,3.985
2918,Germany,DEU,2016,179100.0,12.0,0.0,0.0,12.0,1.1291251,91.667,3.0,3.985
2919,Germany,DEU,2017,180000.0,0.0,0.0,0.0,0.0,1.1312609,91.667,3.0,3.985
2920,Germany,DEU,2018,181400.0,0.0,0.0,0.0,0.0,1.1481415,91.667,3.0,3.985
2921,Germany,DEU,2019,184000.0,0.0,0.0,0.0,0.0,1.2401485,91.667,3.0,3.985
2922,Germany,DEU,2020,183000.0,0.0,0.0,0.0,0.0,1.3559899,91.667,3.0,3.985
2923,Germany,DEU,2021,,0.0,0.0,0.0,0.0,1.2998238,91.667,3.0,3.985
2924,Germany,DEU,2022,,0.0,0.0,0.0,0.0,1.3503051,99.667,3.0,3.985
2925,Germany,DEU,2023,,0.0,0.0,0.0,0.0,1.4879633,99.667,3.0,3.985
2926,Germany,DEU,2024,,3.0,0.0,0.0,3.0,1.8919038,99.667,3.0,3.985
2927,Ghana,GHA,1989,16000.0,0.0,0.0,0.0,0.0,0.43084654,96.0,0.0,-0.961
2928,Ghana,GHA,1990,9000.0,0.0,0.0,0.0,0.0,0.27651042,96.0,0.0,-0.961
2929,Ghana,GHA,1991,9000.0,0.0,30.0,0.0,30.0,0.36897504,96.0,0.0,-0.961
2930,Ghana,GHA,1992,7000.0,0.0,63.0,0.0,63.0,0.37734723,95.333,0.0,-0.961
2931,Ghana,GHA,1993,7000.0,0.0,0.0,0.0,0.0,0.42195162,95.333,1.0,-0.865
2932,Ghana,GHA,1994,7000.0,0.0,1572.0,432.0,2004.0,0.42658672,95.333,1.0,-0.716
2933,Ghana,GHA,1995,12800.0,0.0,149.0,6.0,155.0,0.33574772,95.333,1.0,-0.716
2934,Ghana,GHA,1996,14500.0,0.0,0.0,0.0,0.0,0.28690362,95.333,2.0,-0.716
2935,Ghana,GHA,1997,8000.0,0.0,0.0,0.0,0.0,0.28793818,95.333,2.0,-0.846
2936,Ghana,GHA,1998,8000.0,0.0,0.0,0.0,0.0,0.33470768,95.333,2.0,-0.846
2937,Ghana,GHA,1999,8000.0,0.0,0.0,0.0,0.0,0.33367112,95.333,2.0,-0.846
2938,Ghana,GHA,2000,8000.0,0.0,30.0,0.0,30.0,0.4436304,95.333,2.0,-0.714
2939,Ghana,GHA,2001,7000.0,0.0,46.0,4.0,50.0,0.26445282,95.333,2.0,-0.714
2940,Ghana,GHA,2002,7000.0,0.0,36.0,0.0,36.0,0.2603056,98.231,2.0,-0.714
2941,Ghana,GHA,2003,7000.0,0.0,0.0,0.0,0.0,0.30375832,98.231,3.0,-0.714
2942,Ghana,GHA,2004,7000.0,0.0,0.0,0.0,0.0,0.2775709,98.231,3.0,-0.714
2943,Ghana,GHA,2005,7000.0,0.0,0.0,0.0,0.0,0.26096708,98.231,3.0,-0.714
2944,Ghana,GHA,2006,,0.0,0.0,0.0,0.0,0.26221353,98.231,3.0,-0.714
2945,Ghana,GHA,2007,14000.0,0.0,0.0,0.0,0.0,0.37033293,98.231,3.0,-0.714
2946,Ghana,GHA,2008,14000.0,9.0,43.0,3.0,55.0,0.2940335,98.231,3.0,-0.714
2947,Ghana,GHA,2009,15500.0,0.0,0.0,0.0,0.0,0.33675787,98.231,3.0,-0.714
2948,Ghana,GHA,2010,15500.0,0.0,0.0,0.0,0.0,0.28268763,96.846,3.0,-0.714
2949,Ghana,GHA,2011,15500.0,0.0,0.0,0.0,0.0,0.4351545,96.846,3.0,-0.714
2950,Ghana,GHA,2012,15500.0,0.0,0.0,0.0,0.0,0.59320855,96.846,3.0,-0.619
2951,Ghana,GHA,2013,15500.0,0.0,0.0,0.0,0.0,0.4002946,96.846,3.0,-0.732
2952,Ghana,GHA,2014,15500.0,0.0,0.0,0.0,0.0,0.48498908,96.846,3.0,-0.732
2953,Ghana,GHA,2015,15500.0,0.0,0.0,0.0,0.0,0.39291513,96.846,2.0,-1.077
2954,Ghana,GHA,2016,15500.0,0.0,0.0,0.0,0.0,0.29141247,95.4,2.0,-0.836
2955,Ghana,GHA,2017,16000.0,0.0,0.0,0.0,0.0,0.31270128,96.2,2.0,-0.836
2956,Ghana,GHA,2018,15500.0,0.0,0.0,0.0,0.0,0.32587624,96.3,2.0,-1.01
2957,Ghana,GHA,2019,16000.0,0.0,0.0,0.0,0.0,0.34381816,95.0,2.0,-1.153
2958,Ghana,GHA,2020,16000.0,0.0,0.0,0.0,0.0,0.35094923,95.333,2.0,-1.051
2959,Ghana,GHA,2021,,0.0,0.0,0.0,0.0,0.38274193,95.556,2.0,-1.051
2960,Ghana,GHA,2022,,0.0,0.0,0.0,0.0,0.33794636,95.556,2.0,-1.051
2961,Ghana,GHA,2023,,1.0,0.0,0.0,1.0,0.39808023,95.556,2.0,-1.051
2962,Ghana,GHA,2024,,0.0,0.0,0.0,0.0,0.3839942,95.556,2.0,-1.051
2967,Greece,GRC,1989,201000.0,0.0,0.0,0.0,0.0,3.7658696,98.929,3.0,1.593
2968,Greece,GRC,1990,201000.0,0.0,0.0,0.0,0.0,3.7982602,98.929,3.0,1.593
2969,Greece,GRC,1991,205000.0,0.0,0.0,0.0,0.0,3.4848652,98.929,3.0,1.593
2970,Greece,GRC,1992,208000.0,0.0,0.0,0.0,0.0,3.629801,98.929,3.0,1.593
2971,Greece,GRC,1993,213000.0,0.0,0.0,0.0,0.0,3.6001246,98.929,3.0,1.593
2972,Greece,GRC,1994,206000.0,0.0,0.0,0.0,0.0,3.5819724,98.929,3.0,1.593
2973,Greece,GRC,1995,201800.0,0.0,0.0,0.0,0.0,3.0966368,98.929,3.0,1.593
2974,Greece,GRC,1996,198800.0,0.0,0.0,0.0,0.0,3.237321,98.929,3.0,1.593
2975,Greece,GRC,1997,166300.0,0.0,0.0,0.0,0.0,3.2960274,98.929,3.0,1.593
2976,Greece,GRC,1998,172500.0,0.0,0.0,0.0,0.0,3.4554145,98.929,3.0,1.593
2977,Greece,GRC,1999,169600.0,0.0,0.0,0.0,0.0,3.4942086,98.929,3.0,1.593
2978,Greece,GRC,2000,163200.0,0.0,0.0,0.0,0.0,3.5947986,98.929,3.0,1.593
2979,Greece,GRC,2001,163200.0,0.0,0.0,0.0,0.0,3.3562758,98.929,3.0,1.593
2980,Greece,GRC,2002,181600.0,0.0,0.0,0.0,0.0,3.1656568,98.929,3.0,1.593
2981,Greece,GRC,2003,181600.0,0.0,0.0,0.0,0.0,2.5627813,98.929,3.0,1.593
2982,Greece,GRC,2004,167000.0,0.0,0.0,0.0,0.0,2.672028,98.929,3.0,1.593
2983,Greece,GRC,2005,168000.0,0.0,0.0,0.0,0.0,2.9016798,98.929,3.0,1.593
2984,Greece,GRC,2006,161000.0,0.0,0.0,0.0,0.0,2.8296928,98.929,3.0,1.593
2985,Greece,GRC,2007,161000.0,0.0,0.0,0.0,0.0,2.719175,98.929,3.0,1.593
2986,Greece,GRC,2008,161000.0,0.0,0.0,0.0,0.0,3.023724,98.929,3.0,1.593
2987,Greece,GRC,2009,142936.0,0.0,0.0,0.0,0.0,3.26904,98.929,3.0,1.593
2988,Greece,GRC,2010,149647.0,0.0,0.0,0.0,0.0,2.7567809,98.929,3.0,1.683
2989,Greece,GRC,2011,148350.0,0.0,0.0,0.0,0.0,2.5202115,98.929,3.0,1.683
2990,Greece,GRC,2012,147350.0,0.0,0.0,0.0,0.0,2.4763963,98.929,3.0,1.683
2991,Greece,GRC,2013,148950.0,0.0,0.0,0.0,0.0,2.391308,98.929,3.0,1.424
2992,Greece,GRC,2014,146950.0,0.0,0.0,0.0,0.0,2.3678403,98.929,3.0,1.424
2993,Greece,GRC,2015,146950.0,0.0,0.0,0.0,0.0,2.4774342,98.929,3.0,1.453
2994,Greece,GRC,2016,145350.0,0.0,0.0,0.0,0.0,2.5727983,98.929,3.0,1.453
2995,Greece,GRC,2017,146000.0,0.0,0.0,0.0,0.0,2.556624,98.929,3.0,1.567
2996,Greece,GRC,2018,147850.0,0.0,0.0,0.0,0.0,2.7005413,98.929,3.0,1.467
2997,Greece,GRC,2019,147000.0,0.0,0.0,0.0,0.0,2.5964837,98.929,3.0,1.48
2998,Greece,GRC,2020,147000.0,0.0,0.0,0.0,0.0,3.0231078,98.929,3.0,1.64
2999,Greece,GRC,2021,,0.0,0.0,0.0,0.0,3.8024738,98.929,3.0,1.64
3000,Greece,GRC,2022,,0.0,0.0,0.0,0.0,4.0003524,98.929,2.0,1.64
3001,Greece,GRC,2023,,0.0,0.0,0.0,0.0,2.8832548,99.143,2.0,1.64
3002,Greece,GRC,2024,,0.0,0.0,0.0,0.0,3.1279755,99.143,2.0,1.64
3039,Grenada,GRD,1989,,0.0,0.0,0.0,0.0,,,,
3040,Grenada,GRD,1990,,0.0,0.0,0.0,0.0,,,,
3041,Grenada,GRD,1991,,0.0,0.0,0.0,0.0,,,,
3042,Grenada,GRD,1992,,0.0,0.0,0.0,0.0,,,,
3043,Grenada,GRD,1993,,0.0,0.0,0.0,0.0,,,,
3044,Grenada,GRD,1994,,0.0,0.0,0.0,0.0,,,,
3045,Grenada,GRD,1995,,0.0,0.0,0.0,0.0,,,,
3046,Grenada,GRD,1996,,0.0,0.0,0.0,0.0,,,,
3047,Grenada,GRD,1997,,0.0,0.0,0.0,0.0,,,,
3048,Grenada,GRD,1998,,0.0,0.0,0.0,0.0,,,,
3049,Grenada,GRD,1999,,0.0,0.0,0.0,0.0,,,,
3050,Grenada,GRD,2000,,0.0,0.0,0.0,0.0,,,,
3051,Grenada,GRD,2001,,0.0,0.0,0.0,0.0,,,,
3052,Grenada,GRD,2002,,0.0,0.0,0.0,0.0,,,,
3053,Grenada,GRD,2003,,0.0,0.0,0.0,0.0,,,,
3054,Grenada,GRD,2004,,0.0,0.0,0.0,0.0,,,,
3055,Grenada,GRD,2005,,0.0,0.0,0.0,0.0,,,,
3056,Grenada,GRD,2006,,0.0,0.0,0.0,0.0,,,,
3057,Grenada,GRD,2007,,0.0,0.0,0.0,0.0,,,,
3058,Grenada,GRD,2008,,0.0,0.0,0.0,0.0,,,,
3059,Grenada,GRD,2009,,0.0,0.0,0.0,0.0,,,,
3060,Grenada,GRD,2010,,0.0,0.0,0.0,0.0,,,,
3061,Grenada,GRD,2011,,0.0,0.0,0.0,0.0,,,,
3062,Grenada,GRD,2012,,0.0,0.0,0.0,0.0,,,,
3063,Grenada,GRD,2013,,0.0,0.0,0.0,0.0,,,,
3064,Grenada,GRD,2014,,0.0,0.0,0.0,0.0,,,,
3065,Grenada,GRD,2015,,0.0,0.0,0.0,0.0,,,,
3066,Grenada,GRD,2016,,0.0,0.0,0.0,0.0,,,,
3067,Grenada,GRD,2017,,0.0,0.0,0.0,0.0,,,,
3068,Grenada,GRD,2018,,0.0,0.0,0.0,0.0,,,,
3069,Grenada,GRD,2019,,0.0,0.0,0.0,0.0,,,,
3070,Grenada,GRD,2020,,0.0,0.0,0.0,0.0,,,,
3071,Grenada,GRD,2021,,0.0,0.0,0.0,0.0,,,,
3072,Grenada,GRD,2022,,0.0,0.0,0.0,0.0,,,,
3073,Grenada,GRD,2023,,0.0,0.0,0.0,0.0,,,,
3074,Grenada,GRD,2024,,0.0,0.0,0.0,0.0,,,,
3077,Guatemala,GTM,1989,43000.0,410.0,0.0,79.0,489.0,1.8028517,83.4,1.0,-1.174
3078,Guatemala,GTM,1990,43000.0,605.0,0.0,76.0,681.0,1.7280115,83.4,1.0,-1.174
3079,Guatemala,GTM,1991,43000.0,358.0,0.0,68.0,426.0,1.2684373,83.4,1.0,-1.252
3080,Guatemala,GTM,1992,44000.0,326.0,0.0,67.0,393.0,1.4726204,83.4,1.0,-1.252
3081,Guatemala,GTM,1993,44000.0,160.0,0.0,58.0,218.0,1.2670602,83.4,1.0,-1.158
3082,Guatemala,GTM,1994,34000.0,251.0,1.0,35.0,287.0,1.1785346,83.4,1.0,-1.082
3083,Guatemala,GTM,1995,56500.0,96.0,0.0,26.0,122.0,1.0804274,83.4,1.0,-1.082
3084,Guatemala,GTM,1996,56500.0,0.0,0.0,0.0,0.0,0.8957174,83.4,1.0,-0.882
3085,Guatemala,GTM,1997,50500.0,0.0,0.0,0.0,0.0,0.74281794,83.4,1.0,-0.882
3086,Guatemala,GTM,1998,41200.0,0.0,0.0,0.0,0.0,0.72083986,83.4,1.0,-0.882
3087,Guatemala,GTM,1999,40900.0,0.0,0.0,0.0,0.0,0.67560077,83.4,1.0,-0.882
3088,Guatemala,GTM,2000,52900.0,0.0,0.0,0.0,0.0,0.9184016,84.0,2.0,-0.352
3089,Guatemala,GTM,2001,50400.0,0.0,0.0,0.0,0.0,1.052063,84.0,2.0,-0.352
3090,Guatemala,GTM,2002,50400.0,0.0,0.0,0.0,0.0,0.762245,84.0,2.0,-0.352
3091,Guatemala,GTM,2003,50400.0,0.0,0.0,0.0,0.0,0.8156554,84.0,2.0,-0.352
3092,Guatemala,GTM,2004,48000.0,0.0,0.0,0.0,0.0,0.47941607,84.0,2.0,-0.352
3093,Guatemala,GTM,2005,48000.0,0.0,56.0,0.0,56.0,0.38391367,89.95,2.0,-0.352
3094,Guatemala,GTM,2006,35000.0,0.0,0.0,0.0,0.0,0.43182945,89.95,2.0,-0.352
3095,Guatemala,GTM,2007,35000.0,0.0,0.0,0.0,0.0,0.39845657,89.95,2.0,-0.352
3096,Guatemala,GTM,2008,35000.0,0.0,28.0,0.0,28.0,0.46823108,89.95,2.0,-0.272
3097,Guatemala,GTM,2009,34212.0,0.0,0.0,0.0,0.0,0.39532608,89.95,2.0,-0.272
3098,Guatemala,GTM,2010,34212.0,0.0,0.0,0.0,0.0,0.4413826,89.95,2.0,-0.272
3099,Guatemala,GTM,2011,42300.0,27.0,0.0,0.0,27.0,0.45961943,89.95,2.0,-0.272
3100,Guatemala,GTM,2012,42300.0,0.0,0.0,0.0,0.0,0.47587073,89.95,2.0,-0.272
3101,Guatemala,GTM,2013,42300.0,0.0,0.0,0.0,0.0,0.4712726,90.938,2.0,-0.268
3102,Guatemala,GTM,2014,43050.0,0.0,0.0,0.0,0.0,0.42465642,90.938,2.0,-0.268
3103,Guatemala,GTM,2015,43050.0,0.0,0.0,0.0,0.0,0.40596792,90.938,2.0,-0.268
3104,Guatemala,GTM,2016,43050.0,0.0,0.0,0.0,0.0,0.44049653,90.938,2.0,-0.203
3105,Guatemala,GTM,2017,43000.0,0.0,0.0,0.0,0.0,0.38385025,89.375,2.0,-0.203
3106,Guatemala,GTM,2018,43050.0,0.0,0.0,0.0,0.0,0.37249163,90.0,2.0,-0.52
3107,Guatemala,GTM,2019,43000.0,0.0,0.0,0.0,0.0,0.43007076,85.714,2.0,-0.52
3108,Guatemala,GTM,2020,43000.0,0.0,0.0,0.0,0.0,0.4409933,86.143,2.0,-0.52
3109,Guatemala,GTM,2021,,0.0,0.0,0.0,0.0,0.3906343,85.0,2.0,-0.588
3110,Guatemala,GTM,2022,,0.0,0.0,0.0,0.0,0.46166596,90.167,2.0,-0.798
3111,Guatemala,GTM,2023,,0.0,0.0,0.0,0.0,0.4189821,87.5,2.0,-1.039
3112,Guatemala,GTM,2024,,21.0,4.0,0.0,25.0,0.36762208,89.167,2.0,-0.463
3114,Guinea,GIN,1989,15000.0,0.0,0.0,0.0,0.0,,93.0,0.0,-1.338
3115,Guinea,GIN,1990,15000.0,0.0,0.0,0.0,0.0,,93.0,0.0,-1.098
3116,Guinea,GIN,1991,15000.0,0.0,0.0,0.0,0.0,2.3805542,93.0,0.0,-0.453
3117,Guinea,GIN,1992,15000.0,0.0,0.0,0.0,0.0,1.6946408,93.0,0.0,-0.453
3118,Guinea,GIN,1993,15000.0,0.0,0.0,0.0,0.0,1.3407093,93.0,0.0,-0.453
3119,Guinea,GIN,1994,12000.0,0.0,0.0,0.0,0.0,1.3561169,93.0,1.0,-0.453
3120,Guinea,GIN,1995,19300.0,0.0,0.0,0.0,0.0,,93.0,1.0,-0.772
3121,Guinea,GIN,1996,19300.0,27.0,0.0,0.0,27.0,,93.0,1.0,-0.772
3122,Guinea,GIN,1997,19300.0,0.0,0.0,0.0,0.0,1.1728193,93.0,1.0,-0.772
3123,Guinea,GIN,1998,19300.0,12.0,0.0,0.0,12.0,1.2549918,93.0,1.0,-0.772
3124,Guinea,GIN,1999,19300.0,2.0,0.0,0.0,2.0,1.5951312,93.0,1.0,-0.772
3125,Guinea,GIN,2000,19300.0,124.0,46.0,86.0,256.0,1.5346376,89.667,1.0,-0.772
3126,Guinea,GIN,2001,17300.0,0.0,5.0,425.0,430.0,3.1002107,89.667,1.0,-0.772
3127,Guinea,GIN,2002,19300.0,0.0,0.0,0.0,0.0,3.3246803,93.0,1.0,-0.772
3128,Guinea,GIN,2003,12300.0,0.0,0.0,0.0,0.0,2.4411814,93.0,1.0,-0.772
3129,Guinea,GIN,2004,11000.0,0.0,0.0,0.0,0.0,2.2285645,93.0,1.0,-0.772
3130,Guinea,GIN,2005,13000.0,0.0,0.0,0.0,0.0,,93.0,1.0,-0.772
3131,Guinea,GIN,2006,,0.0,0.0,0.0,0.0,,93.0,1.0,-0.772
3132,Guinea,GIN,2007,19000.0,45.0,0.0,0.0,45.0,,93.0,1.0,-0.772
3133,Guinea,GIN,2008,19000.0,0.0,0.0,0.0,0.0,,93.0,0.0,-1.767
3134,Guinea,GIN,2009,19300.0,160.0,0.0,0.0,160.0,,93.0,0.0,-1.768
3135,Guinea,GIN,2010,19300.0,0.0,0.0,0.0,0.0,,95.0,,-0.985
3136,Guinea,GIN,2011,12300.0,0.0,25.0,0.0,25.0,,95.0,1.0,-0.284
3137,Guinea,GIN,2012,12300.0,0.0,0.0,0.0,0.0,2.2450874,95.0,1.0,-0.284
3138,Guinea,GIN,2013,12300.0,0.0,98.0,0.0,98.0,2.3861842,86.8,1.0,-0.798
3139,Guinea,GIN,2014,12300.0,0.0,0.0,0.0,0.0,2.276438,86.8,1.0,-0.798
3140,Guinea,GIN,2015,12300.0,0.0,0.0,0.0,0.0,2.5177314,86.8,1.0,-0.798
3141,Guinea,GIN,2016,12300.0,0.0,0.0,0.0,0.0,1.8820074,86.7,1.0,-0.798
3142,Guinea,GIN,2017,13000.0,0.0,0.0,0.0,0.0,1.7649273,94.667,1.0,-1.039
3143,Guinea,GIN,2018,12700.0,0.0,0.0,0.0,0.0,1.6701717,93.889,1.0,-1.169
3144,Guinea,GIN,2019,13000.0,0.0,0.0,0.0,0.0,1.4732021,89.375,1.0,-1.348
3145,Guinea,GIN,2020,13000.0,0.0,30.0,0.0,30.0,1.4696383,94.286,1.0,-1.306
3146,Guinea,GIN,2021,,0.0,0.0,0.0,0.0,1.5464119,89.8,0.0,-1.952
3147,Guinea,GIN,2022,,0.0,0.0,0.0,0.0,2.1886573,88.2,0.0,-1.952
3148,Guinea,GIN,2023,,0.0,0.0,0.0,0.0,2.133097,90.4,0.0,-1.952
3149,Guinea,GIN,2024,,0.0,0.0,0.0,0.0,2.0537033,90.0,0.0,-1.952
3150,Guinea-Bissau,GNB,1989,10000.0,0.0,0.0,0.0,0.0,0.18108505,90.833,0.0,-0.358
3151,Guinea-Bissau,GNB,1990,12000.0,0.0,0.0,0.0,0.0,,90.833,0.0,-0.358
3152,Guinea-Bissau,GNB,1991,12000.0,0.0,0.0,0.0,0.0,,90.833,0.0,-0.358
3153,Guinea-Bissau,GNB,1992,11000.0,2.0,0.0,0.0,2.0,,90.833,0.0,-0.358
3154,Guinea-Bissau,GNB,1993,11000.0,0.0,0.0,0.0,0.0,,94.167,0.0,-0.318
3155,Guinea-Bissau,GNB,1994,7000.0,0.0,0.0,0.0,0.0,0.31796503,94.167,1.0,-0.318
3156,Guinea-Bissau,GNB,1995,9200.0,0.0,0.0,0.0,0.0,0.4955681,94.167,1.0,-0.028
3157,Guinea-Bissau,GNB,1996,9300.0,0.0,0.0,0.0,0.0,0.5665931,94.167,1.0,-0.028
3158,Guinea-Bissau,GNB,1997,9250.0,0.0,0.0,0.0,0.0,0.65052116,94.167,1.0,-0.341
3159,Guinea-Bissau,GNB,1998,9250.0,111.0,130.0,264.0,505.0,1.4047619,93.833,1.0,-0.341
3160,Guinea-Bissau,GNB,1999,9300.0,0.0,199.0,0.0,199.0,,93.833,1.0,-0.341
3161,Guinea-Bissau,GNB,2000,9300.0,0.0,0.0,0.0,0.0,2.6280305,94.167,1.0,-0.341
3162,Guinea-Bissau,GNB,2001,11300.0,0.0,0.0,0.0,0.0,1.6267267,94.167,1.0,-0.341
3163,Guinea-Bissau,GNB,2002,11300.0,0.0,0.0,0.0,0.0,1.5586029,89.167,1.0,-0.833
3164,Guinea-Bissau,GNB,2003,14200.0,0.0,0.0,0.0,0.0,1.575423,89.167,0.0,-0.833
3165,Guinea-Bissau,GNB,2004,9000.0,0.0,0.0,0.0,0.0,,86.4,1.0,-0.833
3166,Guinea-Bissau,GNB,2005,9000.0,0.0,0.0,0.0,0.0,1.8945992,86.4,1.0,-0.833
3167,Guinea-Bissau,GNB,2006,9000.0,0.0,0.0,0.0,0.0,,86.4,1.0,-0.833
3168,Guinea-Bissau,GNB,2007,9000.0,0.0,0.0,0.0,0.0,,86.4,1.0,-0.833
3169,Guinea-Bissau,GNB,2008,6000.0,0.0,0.0,0.0,0.0,,86.4,1.0,-0.833
3170,Guinea-Bissau,GNB,2009,6458.0,0.0,0.0,0.0,0.0,1.5502577,86.4,1.0,-0.833
3171,Guinea-Bissau,GNB,2010,6458.0,0.0,0.0,0.0,0.0,1.8238796,86.4,1.0,-0.833
3172,Guinea-Bissau,GNB,2011,6450.0,0.0,0.0,0.0,0.0,1.5161304,86.4,1.0,-0.833
3173,Guinea-Bissau,GNB,2012,6450.0,0.0,0.0,0.0,0.0,2.3337219,86.4,1.0,-0.936
3174,Guinea-Bissau,GNB,2013,6450.0,0.0,0.0,0.0,0.0,1.9570423,87.0,0.0,-0.658
3175,Guinea-Bissau,GNB,2014,6450.0,0.0,0.0,0.0,0.0,1.8938044,87.0,1.0,-0.658
3176,Guinea-Bissau,GNB,2015,4450.0,0.0,0.0,0.0,0.0,1.4790043,87.0,2.0,-0.658
3177,Guinea-Bissau,GNB,2016,4450.0,0.0,0.0,0.0,0.0,1.2645459,87.0,2.0,-0.658
3178,Guinea-Bissau,GNB,2017,4000.0,0.0,0.0,0.0,0.0,1.3085655,87.0,2.0,-0.658
3179,Guinea-Bissau,GNB,2018,4450.0,0.0,0.0,0.0,0.0,1.3787216,85.333,2.0,-0.884
3180,Guinea-Bissau,GNB,2019,4000.0,0.0,0.0,0.0,0.0,1.4937503,80.4,2.0,-1.403
3181,Guinea-Bissau,GNB,2020,4000.0,0.0,0.0,0.0,0.0,1.5187496,81.0,2.0,-1.147
3182,Guinea-Bissau,GNB,2021,,0.0,0.0,0.0,0.0,1.4603645,86.25,2.0,-1.442
3183,Guinea-Bissau,GNB,2022,,0.0,0.0,0.0,0.0,1.398292,78.75,1.0,-1.295
3184,Guinea-Bissau,GNB,2023,,0.0,0.0,0.0,0.0,1.2348847,78.75,1.0,-1.106
3185,Guinea-Bissau,GNB,2024,,0.0,0.0,0.0,0.0,,78.75,1.0,-1.106
3186,Guyana,GUY,1989,4000.0,0.0,0.0,0.0,0.0,1.5837368,99.455,1.0,0.615
3187,Guyana,GUY,1990,4000.0,0.0,0.0,0.0,0.0,0.9058283,99.455,1.0,0.615
3188,Guyana,GUY,1991,4000.0,0.0,0.0,0.0,0.0,0.5828928,99.455,1.0,0.615
3189,Guyana,GUY,1992,2000.0,0.0,0.0,0.0,0.0,0.96969235,99.455,1.0,0.615
3190,Guyana,GUY,1993,2000.0,0.0,0.0,0.0,0.0,0.95095223,99.455,1.0,0.856
3191,Guyana,GUY,1994,2000.0,0.0,0.0,0.0,0.0,1.0059367,99.455,1.0,0.856
3192,Guyana,GUY,1995,3100.0,0.0,0.0,0.0,0.0,0.91552037,99.455,1.0,0.856
3193,Guyana,GUY,1996,3100.0,0.0,0.0,0.0,0.0,0.7878309,99.455,1.0,0.856
3194,Guyana,GUY,1997,3100.0,0.0,0.0,0.0,0.0,,99.455,1.0,0.856
3195,Guyana,GUY,1998,3100.0,0.0,0.0,0.0,0.0,,99.455,2.0,0.856
3196,Guyana,GUY,1999,3100.0,0.0,0.0,0.0,0.0,,99.455,2.0,0.549
3197,Guyana,GUY,2000,3100.0,0.0,0.0,0.0,0.0,1.7659773,99.455,2.0,0.167
3198,Guyana,GUY,2001,3100.0,0.0,0.0,0.0,0.0,2.0179455,99.455,2.0,0.167
3199,Guyana,GUY,2002,3100.0,0.0,0.0,0.0,0.0,2.2932866,99.455,2.0,0.167
3200,Guyana,GUY,2003,3100.0,0.0,0.0,0.0,0.0,2.1997168,99.455,2.0,0.167
3201,Guyana,GUY,2004,2000.0,0.0,0.0,0.0,0.0,2.8093247,99.455,2.0,0.167
3202,Guyana,GUY,2005,3000.0,0.0,0.0,0.0,0.0,1.4104857,99.455,2.0,-0.137
3203,Guyana,GUY,2006,3000.0,0.0,0.0,0.0,0.0,0.8058151,99.455,2.0,-0.137
3204,Guyana,GUY,2007,3000.0,0.0,0.0,0.0,0.0,0.9143997,99.455,2.0,-0.137
3205,Guyana,GUY,2008,3000.0,20.0,9.0,0.0,29.0,1.0088811,99.455,2.0,-0.137
3206,Guyana,GUY,2009,2600.0,0.0,0.0,0.0,0.0,0.9810156,99.455,2.0,-0.137
3207,Guyana,GUY,2010,2600.0,0.0,0.0,0.0,0.0,0.90521044,99.455,2.0,-0.137
3208,Guyana,GUY,2011,1100.0,0.0,0.0,0.0,0.0,0.8781754,99.455,2.0,-0.137
3209,Guyana,GUY,2012,1100.0,0.0,0.0,0.0,0.0,0.8255432,99.455,2.0,-0.137
3210,Guyana,GUY,2013,1100.0,0.0,0.0,0.0,0.0,0.8436933,98.889,2.0,-0.137
3211,Guyana,GUY,2014,3400.0,0.0,0.0,0.0,0.0,0.9516521,98.889,2.0,-0.137
3212,Guyana,GUY,2015,3400.0,0.0,0.0,0.0,0.0,1.0848655,98.889,2.0,1.266
3213,Guyana,GUY,2016,3400.0,0.0,0.0,0.0,0.0,1.1541283,99.375,2.0,0.864
3214,Guyana,GUY,2017,3000.0,0.0,0.0,0.0,0.0,1.2533427,99.375,2.0,1.081
3215,Guyana,GUY,2018,3400.0,0.0,0.0,0.0,0.0,1.2908156,99.375,2.0,0.666
3216,Guyana,GUY,2019,3000.0,0.0,0.0,0.0,0.0,1.2996128,99.375,2.0,0.666
3217,Guyana,GUY,2020,3000.0,0.0,0.0,0.0,0.0,1.4025774,99.375,2.0,0.609
3218,Guyana,GUY,2021,,0.0,0.0,0.0,0.0,0.95493084,99.375,1.0,0.597
3219,Guyana,GUY,2022,,0.0,0.0,0.0,0.0,0.60139424,95.0,1.0,-0.03
3220,Guyana,GUY,2023,,0.0,0.0,0.0,0.0,0.6403531,95.0,1.0,-0.03
3221,Guyana,GUY,2024,,0.0,0.0,0.0,0.0,0.8681622,95.0,1.0,-0.03
3222,Haiti,HTI,1989,9000.0,4.0,1.0,43.0,48.0,0.082773566,82.2,0.0,-1.683
3223,Haiti,HTI,1990,8000.0,0.0,0.0,0.0,0.0,0.09300581,82.2,0.0,-1.651
3224,Haiti,HTI,1991,8000.0,40.0,230.0,0.0,270.0,0.10272728,82.2,1.0,0.022
3225,Haiti,HTI,1992,8000.0,0.0,0.0,0.0,0.0,0.11096372,82.2,0.0,-2.049
3226,Haiti,HTI,1993,8000.0,1.0,36.0,0.0,37.0,0.09342264,82.2,0.0,-2.049
3227,Haiti,HTI,1994,,32.0,12.0,0.0,44.0,0.074277535,83.268,1.0,-1.879
3228,Haiti,HTI,1995,7000.0,0.0,0.0,0.0,0.0,0.08191975,87.2,1.0,1.348
3229,Haiti,HTI,1996,7000.0,0.0,0.0,0.0,0.0,,87.2,1.0,1.348
3230,Haiti,HTI,1997,5500.0,0.0,0.0,0.0,0.0,,87.2,1.0,1.348
3231,Haiti,HTI,1998,5300.0,0.0,0.0,0.0,0.0,,87.2,1.0,1.348
3232,Haiti,HTI,1999,5300.0,0.0,0.0,0.0,0.0,,87.2,1.0,1.348
3233,Haiti,HTI,2000,5300.0,0.0,0.0,0.0,0.0,,87.2,1.0,1.274
3234,Haiti,HTI,2001,8300.0,0.0,0.0,0.0,0.0,,87.2,1.0,0.703
3235,Haiti,HTI,2002,5300.0,0.0,0.0,0.0,0.0,,87.2,1.0,0.703
3236,Haiti,HTI,2003,5300.0,0.0,0.0,0.0,0.0,,84.2,1.0,0.703
3237,Haiti,HTI,2004,,17.0,111.0,79.0,207.0,,84.0,1.0,0.395
3238,Haiti,HTI,2005,,39.0,1.0,0.0,40.0,,90.556,0.0,-1.074
3239,Haiti,HTI,2006,5400.0,0.0,0.0,0.0,0.0,,90.556,1.0,-0.931
3240,Haiti,HTI,2007,,0.0,0.0,0.0,0.0,,90.556,1.0,-0.77
3241,Haiti,HTI,2008,,0.0,0.0,0.0,0.0,,90.556,1.0,-0.77
3242,Haiti,HTI,2009,,0.0,0.0,0.0,0.0,,90.556,1.0,-0.77
3243,Haiti,HTI,2010,0.0,0.0,0.0,0.0,0.0,,90.556,1.0,-0.77
3244,Haiti,HTI,2011,50.0,0.0,0.0,0.0,0.0,,90.556,1.0,-0.695
3245,Haiti,HTI,2012,50.0,0.0,0.0,0.0,0.0,,90.556,1.0,-0.695
3246,Haiti,HTI,2013,120.0,0.0,0.0,0.0,0.0,0.030303095,92.667,1.0,-0.928
3247,Haiti,HTI,2014,120.0,0.0,0.0,0.0,0.0,0.03556248,92.667,1.0,-0.928
3248,Haiti,HTI,2015,120.0,0.0,0.0,0.0,0.0,0.039985813,92.667,1.0,-0.928
3249,Haiti,HTI,2016,200.0,0.0,0.0,0.0,0.0,0.049231533,92.667,1.0,-0.644
3250,Haiti,HTI,2017,0.0,0.0,0.0,0.0,0.0,0.043645926,92.0,1.0,-0.907
3251,Haiti,HTI,2018,500.0,0.0,71.0,0.0,71.0,0.06119865,93.667,1.0,-0.917
3252,Haiti,HTI,2019,1000.0,0.0,0.0,0.0,0.0,0.08593151,91.0,1.0,-1.268
3253,Haiti,HTI,2020,1000.0,160.0,2.0,0.0,162.0,0.10309418,87.5,1.0,-1.268
3254,Haiti,HTI,2021,,83.0,8.0,30.0,121.0,0.15394232,86.25,0.0,-1.625
3255,Haiti,HTI,2022,,124.0,87.0,24.0,235.0,0.06874085,85.0,0.0,-2.069
3256,Haiti,HTI,2023,,304.0,109.0,3.0,416.0,0.054080464,72.5,0.0,-2.069
3257,Haiti,HTI,2024,,941.0,134.0,182.0,1257.0,0.0684431,59.5,0.0,-2.069
3290,Honduras,HND,1989,19000.0,0.0,0.0,0.0,0.0,2.6707954,86.667,1.0,-0.218
3291,Honduras,HND,1990,18000.0,0.0,0.0,0.0,0.0,2.2014835,86.667,1.0,-0.218
3292,Honduras,HND,1991,17000.0,0.0,0.0,0.0,0.0,1.5446856,84.0,1.0,-0.218
3293,Honduras,HND,1992,17000.0,0.0,0.0,0.0,0.0,,84.0,1.0,-0.218
3294,Honduras,HND,1993,17000.0,0.0,0.0,0.0,0.0,1.1578298,84.0,1.0,-0.218
3295,Honduras,HND,1994,17000.0,0.0,0.0,0.0,0.0,,84.0,2.0,-0.218
3296,Honduras,HND,1995,24300.0,0.0,0.0,0.0,0.0,,84.0,2.0,-0.218
3297,Honduras,HND,1996,24300.0,0.0,0.0,0.0,0.0,,84.0,2.0,-0.218
3298,Honduras,HND,1997,24300.0,0.0,0.0,0.0,0.0,,84.667,2.0,-0.218
3299,Honduras,HND,1998,14300.0,0.0,0.0,0.0,0.0,,84.667,2.0,-0.218
3300,Honduras,HND,1999,14300.0,0.0,0.0,0.0,0.0,,84.667,2.0,-0.218
3301,Honduras,HND,2000,14300.0,0.0,0.0,0.0,0.0,0.72992903,85.333,2.0,-0.218
3302,Honduras,HND,2001,14300.0,0.0,0.0,0.0,0.0,0.8226105,85.333,2.0,-0.218
3303,Honduras,HND,2002,14300.0,0.0,0.0,0.0,0.0,0.80918753,85.333,2.0,-0.218
3304,Honduras,HND,2003,18000.0,0.0,0.0,0.0,0.0,0.9982649,85.333,2.0,-0.218
3305,Honduras,HND,2004,20000.0,28.0,0.0,0.0,28.0,0.68269277,87.778,2.0,-0.218
3306,Honduras,HND,2005,20000.0,0.0,0.0,0.0,0.0,0.6414785,87.778,2.0,-0.218
3307,Honduras,HND,2006,20000.0,0.0,0.0,0.0,0.0,0.69243,87.778,2.0,-0.218
3308,Honduras,HND,2007,20000.0,0.0,0.0,0.0,0.0,0.7760083,87.778,2.0,-0.218
3309,Honduras,HND,2008,20000.0,0.0,0.0,0.0,0.0,0.9539786,87.111,2.0,-0.218
3310,Honduras,HND,2009,20000.0,0.0,0.0,0.0,0.0,1.0749108,86.111,1.0,-0.385
3311,Honduras,HND,2010,20000.0,0.0,36.0,8.0,44.0,1.0744572,87.222,1.0,-0.104
3312,Honduras,HND,2011,20000.0,0.0,0.0,0.0,0.0,1.1313092,87.222,1.0,-0.104
3313,Honduras,HND,2012,20000.0,0.0,0.0,0.0,0.0,1.1317945,86.667,1.0,-0.104
3314,Honduras,HND,2013,20000.0,0.0,0.0,0.0,0.0,1.3795353,87.143,1.0,0.104
3315,Honduras,HND,2014,18700.0,0.0,0.0,0.0,0.0,1.192716,87.357,1.0,0.104
3316,Honduras,HND,2015,18700.0,0.0,68.0,0.0,68.0,1.3517311,88.143,1.0,-0.046
3317,Honduras,HND,2016,22700.0,0.0,0.0,0.0,0.0,1.5315557,89.0,1.0,-0.046
3318,Honduras,HND,2017,23000.0,0.0,0.0,0.0,0.0,1.589833,88.714,1.0,-0.044
3319,Honduras,HND,2018,22950.0,0.0,0.0,0.0,0.0,1.4896966,88.714,1.0,-0.044
3320,Honduras,HND,2019,23000.0,0.0,36.0,0.0,36.0,1.5781771,86.333,1.0,-0.367
3321,Honduras,HND,2020,23000.0,0.0,0.0,0.0,0.0,1.4667974,86.0,1.0,-0.066
3322,Honduras,HND,2021,,0.0,0.0,0.0,0.0,1.4982177,84.167,1.0,-0.066
3323,Honduras,HND,2022,,0.0,0.0,0.0,0.0,1.465577,81.2,2.0,0.923
3324,Honduras,HND,2023,,0.0,56.0,46.0,102.0,1.5238863,81.2,2.0,0.628
3325,Honduras,HND,2024,,0.0,0.0,0.0,0.0,1.5753627,88.5,2.0,0.628
3362,Hungary,HUN,1989,109000.0,0.0,0.0,0.0,0.0,2.7861621,99.167,1.0,1.372
3363,Hungary,HUN,1990,94000.0,0.0,0.0,0.0,0.0,2.563538,100.0,2.0,2.741
3364,Hungary,HUN,1991,87000.0,0.0,0.0,0.0,0.0,2.16147,100.0,3.0,2.741
3365,Hungary,HUN,1992,78000.0,0.0,0.0,0.0,0.0,2.1796532,100.0,3.0,2.741
3366,Hungary,HUN,1993,65000.0,0.0,0.0,0.0,0.0,1.9065684,100.0,3.0,2.741
3367,Hungary,HUN,1994,60000.0,0.0,0.0,0.0,0.0,1.8241343,100.0,3.0,2.741
3368,Hungary,HUN,1995,73000.0,0.0,0.0,0.0,0.0,1.3139595,100.0,3.0,2.741
3369,Hungary,HUN,1996,78100.0,0.0,0.0,0.0,0.0,1.2496818,100.0,3.0,2.741
3370,Hungary,HUN,1997,74100.0,0.0,0.0,0.0,0.0,1.4683392,100.0,3.0,2.741
3371,Hungary,HUN,1998,70800.0,0.0,0.0,0.0,0.0,1.2677518,100.0,3.0,2.741
3372,Hungary,HUN,1999,65000.0,0.0,0.0,0.0,0.0,1.4299027,100.0,3.0,2.741
3373,Hungary,HUN,2000,57800.0,0.0,0.0,0.0,0.0,1.5142097,100.0,3.0,2.741
3374,Hungary,HUN,2001,47800.0,0.0,0.0,0.0,0.0,1.5707473,100.0,3.0,2.741
3375,Hungary,HUN,2002,47400.0,0.0,0.0,0.0,0.0,1.5956687,100.0,3.0,2.741
3376,Hungary,HUN,2003,47400.0,0.0,0.0,0.0,0.0,1.6452111,100.0,3.0,2.741
3377,Hungary,HUN,2004,46000.0,0.0,0.0,0.0,0.0,1.4734493,100.0,3.0,2.741
3378,Hungary,HUN,2005,44000.0,0.0,0.0,0.0,0.0,1.4112438,100.0,3.0,2.741
3379,Hungary,HUN,2006,44000.0,0.0,0.0,0.0,0.0,1.219742,100.0,3.0,2.106
3380,Hungary,HUN,2007,37000.0,0.0,0.0,0.0,0.0,1.2677876,100.0,3.0,2.432
3381,Hungary,HUN,2008,37000.0,0.0,0.0,0.0,0.0,1.1804934,100.0,3.0,2.432
3382,Hungary,HUN,2009,41626.0,0.0,0.0,0.0,0.0,1.1282388,100.0,3.0,2.432
3383,Hungary,HUN,2010,34587.0,0.0,0.0,0.0,0.0,1.0241336,100.0,2.0,1.915
3384,Hungary,HUN,2011,38500.0,0.0,0.0,0.0,0.0,1.0387698,100.0,2.0,1.915
3385,Hungary,HUN,2012,38500.0,0.0,0.0,0.0,0.0,1.0292473,100.0,2.0,1.915
3386,Hungary,HUN,2013,38500.0,0.0,0.0,0.0,0.0,0.94366986,100.0,2.0,1.415
3387,Hungary,HUN,2014,38500.0,0.0,0.0,0.0,0.0,0.85723305,100.0,2.0,1.415
3388,Hungary,HUN,2015,38500.0,0.0,0.0,0.0,0.0,0.9042167,100.0,2.0,1.415
3389,Hungary,HUN,2016,39800.0,0.0,0.0,0.0,0.0,0.99911654,100.0,2.0,1.415
3390,Hungary,HUN,2017,40000.0,0.0,0.0,0.0,0.0,1.1916968,100.0,2.0,1.415
3391,Hungary,HUN,2018,39800.0,0.0,0.0,0.0,0.0,1.0022045,100.0,1.0,0.919
3392,Hungary,HUN,2019,40000.0,0.0,0.0,0.0,0.0,1.3278252,99.889,1.0,1.148
3393,Hungary,HUN,2020,46000.0,0.0,0.0,0.0,0.0,1.7462816,100.0,1.0,0.771
3394,Hungary,HUN,2021,,0.0,0.0,0.0,0.0,1.3152099,100.0,1.0,0.446
3395,Hungary,HUN,2022,,0.0,0.0,0.0,0.0,1.8331481,100.0,1.0,0.446
3396,Hungary,HUN,2023,,0.0,0.0,0.0,0.0,2.049511,100.0,1.0,0.265
3397,Hungary,HUN,2024,,0.0,0.0,0.0,0.0,2.1563098,100.0,1.0,0.265
3398,Iceland,ISL,1989,,0.0,0.0,0.0,0.0,,99.923,3.0,0.853
3399,Iceland,ISL,1990,,0.0,0.0,0.0,0.0,,99.923,3.0,1.305
3400,Iceland,ISL,1991,,0.0,0.0,0.0,0.0,,99.923,3.0,1.305
3401,Iceland,ISL,1992,,0.0,0.0,0.0,0.0,,99.923,3.0,1.305
3402,Iceland,ISL,1993,,0.0,0.0,0.0,0.0,,99.923,3.0,1.305
3403,Iceland,ISL,1994,,0.0,0.0,0.0,0.0,,99.923,3.0,1.805
3404,Iceland,ISL,1995,100.0,0.0,0.0,0.0,0.0,,99.923,3.0,2.059
3405,Iceland,ISL,1996,100.0,0.0,0.0,0.0,0.0,,99.923,3.0,2.059
3406,Iceland,ISL,1997,120.0,0.0,0.0,0.0,0.0,,99.923,3.0,2.059
3407,Iceland,ISL,1998,120.0,0.0,0.0,0.0,0.0,,99.923,3.0,2.059
3408,Iceland,ISL,1999,100.0,0.0,0.0,0.0,0.0,,99.923,3.0,2.059
3409,Iceland,ISL,2000,100.0,0.0,0.0,0.0,0.0,,99.923,3.0,2.059
3410,Iceland,ISL,2001,100.0,0.0,0.0,0.0,0.0,,99.923,3.0,2.059
3411,Iceland,ISL,2002,100.0,0.0,0.0,0.0,0.0,,99.923,3.0,2.059
3412,Iceland,ISL,2003,100.0,0.0,0.0,0.0,0.0,,99.923,3.0,2.059
3413,Iceland,ISL,2004,,0.0,0.0,0.0,0.0,,99.923,3.0,2.059
3414,Iceland,ISL,2005,,0.0,0.0,0.0,0.0,,99.923,3.0,2.059
3415,Iceland,ISL,2006,130.0,0.0,0.0,0.0,0.0,,99.923,3.0,2.059
3416,Iceland,ISL,2007,130.0,0.0,0.0,0.0,0.0,,99.923,3.0,2.059
3417,Iceland,ISL,2008,130.0,0.0,0.0,0.0,0.0,,99.923,3.0,2.059
3418,Iceland,ISL,2009,130.0,0.0,0.0,0.0,0.0,,99.923,3.0,2.059
3419,Iceland,ISL,2010,130.0,0.0,0.0,0.0,0.0,,99.923,3.0,2.17
3420,Iceland,ISL,2011,180.0,0.0,0.0,0.0,0.0,,99.923,3.0,2.17
3421,Iceland,ISL,2012,180.0,0.0,0.0,0.0,0.0,,99.923,3.0,2.17
3422,Iceland,ISL,2013,200.0,0.0,0.0,0.0,0.0,,99.923,3.0,2.17
3423,Iceland,ISL,2014,200.0,0.0,0.0,0.0,0.0,,99.923,3.0,2.17
3424,Iceland,ISL,2015,250.0,0.0,0.0,0.0,0.0,,99.923,3.0,2.17
3425,Iceland,ISL,2016,250.0,0.0,0.0,0.0,0.0,,99.923,3.0,2.17
3426,Iceland,ISL,2017,0.0,0.0,0.0,0.0,0.0,,99.923,3.0,2.17
3427,Iceland,ISL,2018,,0.0,0.0,0.0,0.0,,99.923,3.0,2.17
3428,Iceland,ISL,2019,0.0,0.0,0.0,0.0,0.0,,99.923,3.0,2.511
3429,Iceland,ISL,2020,0.0,0.0,0.0,0.0,0.0,,99.923,3.0,2.253
3430,Iceland,ISL,2021,,0.0,0.0,0.0,0.0,,99.667,3.0,2.412
3431,Iceland,ISL,2022,,0.0,0.0,0.0,0.0,,99.333,3.0,2.412
3432,Iceland,ISL,2023,,0.0,0.0,0.0,0.0,,99.833,3.0,2.412
3433,Iceland,ISL,2024,,0.0,0.0,0.0,0.0,,99.833,3.0,2.412
3434,India,IND,1989,1260000.0,238.0,546.0,1010.0,1794.0,3.5341794,95.5,2.0,-0.432
3435,India,IND,1990,1260000.0,634.0,2043.0,2108.0,4785.0,3.1462147,95.5,2.0,-0.432
3436,India,IND,1991,1270000.0,522.0,205.0,2953.0,3680.0,2.9099743,95.5,2.0,-0.455
3437,India,IND,1992,1270000.0,642.0,497.0,2966.0,4105.0,2.7048397,95.5,2.0,-0.455
3438,India,IND,1993,1270000.0,379.0,538.0,1344.0,2261.0,2.8235424,95.5,2.0,-0.455
3439,India,IND,1994,1270000.0,197.0,159.0,1027.0,1383.0,2.6646738,95.5,2.0,-0.455
3440,India,IND,1995,2149500.0,146.0,159.0,716.0,1021.0,2.5784836,95.5,2.0,-0.455
3441,India,IND,1996,2223000.0,261.0,222.0,762.0,1245.0,2.472768,95.5,2.0,-0.455
3442,India,IND,1997,2233000.0,324.0,148.0,918.0,1390.0,2.6477325,95.5,2.0,-0.455
3443,India,IND,1998,2265000.0,563.0,110.0,816.0,1489.0,2.7273114,90.312,2.0,-0.455
3444,India,IND,1999,2263000.0,434.0,31.0,1961.0,2426.0,2.9571955,90.312,2.0,-0.455
3445,India,IND,2000,2372000.0,1115.0,267.0,2585.0,3967.0,2.94893,90.312,2.0,-0.455
3446,India,IND,2001,2352700.0,479.0,84.0,1231.0,1794.0,2.9244356,90.312,2.0,-0.455
3447,India,IND,2002,2387700.0,1016.0,71.0,1823.0,2910.0,2.8268669,90.312,2.0,-0.455
3448,India,IND,2003,2414700.0,618.0,19.0,1554.0,2191.0,2.6777768,90.312,2.0,-0.455
3449,India,IND,2004,2617000.0,844.0,58.0,1528.0,2430.0,2.8287523,90.312,2.0,-0.455
3450,India,IND,2005,3047000.0,523.0,38.0,1279.0,1840.0,2.9105875,90.312,2.0,-0.455
3451,India,IND,2006,2589000.0,675.0,78.0,1307.0,2060.0,2.6803815,90.312,2.0,-0.455
3452,India,IND,2007,2576000.0,539.0,21.0,1052.0,1612.0,2.4782467,90.312,2.0,-0.455
3453,India,IND,2008,2582000.0,651.0,21.0,1094.0,1766.0,2.6314607,90.312,2.0,-0.455
3454,India,IND,2009,2625586.0,369.0,27.0,1104.0,1500.0,3.1293848,89.812,2.0,-0.455
3455,India,IND,2010,2625586.0,584.0,23.0,941.0,1548.0,2.8894634,89.944,2.0,-0.099
3456,India,IND,2011,2647150.0,207.0,26.0,457.0,690.0,2.704482,90.167,2.0,-0.099
3457,India,IND,2012,2728700.0,254.0,75.0,420.0,749.0,2.6181664,89.444,2.0,-0.099
3458,India,IND,2013,2749700.0,136.0,74.0,383.0,593.0,2.5488248,89.294,2.0,-0.186
3459,India,IND,2014,2749700.0,243.0,11.0,397.0,651.0,2.5439818,89.412,2.0,-0.48
3460,India,IND,2015,2798800.0,100.0,7.0,462.0,569.0,2.4574502,87.643,2.0,-0.48
3461,India,IND,2016,2981050.0,116.0,6.0,599.0,721.0,2.5431516,87.714,2.0,-0.48
3462,India,IND,2017,3031000.0,209.0,24.0,567.0,800.0,2.5315113,87.786,1.0,-0.705
3463,India,IND,2018,3026500.0,162.0,9.0,728.0,899.0,2.4242845,88.643,1.0,-0.805
3464,India,IND,2019,3045000.0,142.0,21.0,539.0,702.0,2.5459983,92.417,1.0,-0.785
3465,India,IND,2020,3068000.0,111.0,16.0,568.0,695.0,2.8036158,92.417,1.0,-1.391
3466,India,IND,2021,,59.0,4.0,405.0,468.0,2.4687414,92.636,1.0,-1.375
3467,India,IND,2022,,59.0,2.0,292.0,353.0,2.3830981,89.545,1.0,-1.435
3468,India,IND,2023,,60.0,80.0,217.0,357.0,2.3567944,93.889,1.0,-1.435
3469,India,IND,2024,,69.0,23.0,427.0,519.0,2.2712033,94.25,1.0,-1.435
3470,Indonesia,IDN,1989,285000.0,0.0,0.0,0.0,0.0,1.3891363,91.0,1.0,-1.802
3471,Indonesia,IDN,1990,283000.0,131.0,14.0,47.0,192.0,1.4104929,91.0,1.0,-1.802
3472,Indonesia,IDN,1991,278000.0,73.0,6.0,53.0,132.0,1.3240641,91.0,1.0,-1.802
3473,Indonesia,IDN,1992,283000.0,0.0,0.0,0.0,0.0,1.356876,91.0,1.0,-1.802
3474,Indonesia,IDN,1993,271000.0,0.0,0.0,0.0,0.0,1.2235578,91.0,1.0,-1.802
3475,Indonesia,IDN,1994,280000.0,0.0,0.0,0.0,0.0,1.2661556,91.0,1.0,-1.802
3476,Indonesia,IDN,1995,460500.0,11.0,0.0,0.0,11.0,1.2263099,91.0,1.0,-1.802
3477,Indonesia,IDN,1996,485200.0,0.0,0.0,0.0,0.0,1.2643925,91.0,1.0,-1.802
3478,Indonesia,IDN,1997,484000.0,0.0,171.0,190.0,361.0,1.4977417,91.0,1.0,-1.802
3479,Indonesia,IDN,1998,499000.0,60.0,0.0,0.0,60.0,1.0191169,91.0,1.0,-0.938
3480,Indonesia,IDN,1999,499000.0,150.0,1342.0,106.0,1598.0,0.8108127,90.0,2.0,0.13
3481,Indonesia,IDN,2000,492000.0,132.0,648.0,133.0,913.0,0.68448377,91.0,2.0,0.228
3482,Indonesia,IDN,2001,492000.0,72.0,482.0,327.0,881.0,0.57279265,93.0,2.0,0.228
3483,Indonesia,IDN,2002,492000.0,255.0,106.0,370.0,731.0,0.7001202,93.0,2.0,0.217
3484,Indonesia,IDN,2003,497000.0,205.0,57.0,792.0,1054.0,0.90928507,92.0,2.0,0.217
3485,Indonesia,IDN,2004,582000.0,86.0,20.0,955.0,1061.0,0.9457146,92.0,2.0,0.217
3486,Indonesia,IDN,2005,582000.0,3.0,136.0,74.0,213.0,0.75078934,92.0,2.0,0.217
3487,Indonesia,IDN,2006,582000.0,0.0,0.0,0.0,0.0,0.65870273,92.133,2.0,0.217
3488,Indonesia,IDN,2007,582000.0,0.0,0.0,0.0,0.0,0.71236193,92.633,2.0,0.217
3489,Indonesia,IDN,2008,582000.0,0.0,0.0,0.0,0.0,0.57894576,93.067,2.0,0.217
3490,Indonesia,IDN,2009,582000.0,0.0,0.0,0.0,0.0,0.5711339,93.2,2.0,0.398
3491,Indonesia,IDN,2010,582000.0,0.0,0.0,0.0,0.0,0.6175871,94.188,2.0,0.501
3492,Indonesia,IDN,2011,676500.0,0.0,0.0,0.0,0.0,0.6537767,94.375,2.0,0.501
3493,Indonesia,IDN,2012,676500.0,0.0,0.0,0.0,0.0,0.7115495,94.312,2.0,0.501
3494,Indonesia,IDN,2013,676500.0,0.0,0.0,0.0,0.0,0.91876984,93.643,2.0,0.422
3495,Indonesia,IDN,2014,676500.0,0.0,0.0,0.0,0.0,0.7778552,93.643,2.0,0.422
3496,Indonesia,IDN,2015,675500.0,0.0,0.0,0.0,0.0,0.88226676,95.167,2.0,0.377
3497,Indonesia,IDN,2016,675500.0,0.0,0.0,0.0,0.0,0.79222023,95.25,2.0,0.377
3498,Indonesia,IDN,2017,676000.0,0.0,0.0,0.0,0.0,0.8651914,94.583,2.0,0.438
3499,Indonesia,IDN,2018,675500.0,19.0,1.0,8.0,28.0,0.71892816,94.0,2.0,0.438
3500,Indonesia,IDN,2019,676000.0,3.0,5.0,26.0,34.0,0.7285637,94.111,2.0,0.438
3501,Indonesia,IDN,2020,676000.0,3.0,1.0,27.0,31.0,0.88627774,95.25,2.0,-0.088
3502,Indonesia,IDN,2021,,5.0,1.0,45.0,51.0,0.7415258,93.429,2.0,-0.088
3503,Indonesia,IDN,2022,,25.0,0.0,21.0,46.0,0.7680126,94.0,2.0,-0.553
3504,Indonesia,IDN,2023,,38.0,2.0,47.0,87.0,0.8211081,94.0,2.0,-0.727
3505,Indonesia,IDN,2024,,7.0,8.0,42.0,57.0,0.77921677,94.25,1.0,-0.855
3506,Iran,IRN,1989,604000.0,0.0,0.0,0.0,0.0,4.5579805,91.667,1.0,-1.236
3507,Iran,IRN,1990,440000.0,0.0,18.0,13.0,31.0,2.9426503,91.667,1.0,-0.379
3508,Iran,IRN,1991,465000.0,0.0,0.0,44.0,44.0,2.169708,91.667,1.0,-0.379
3509,Iran,IRN,1992,528000.0,0.0,0.0,59.0,59.0,1.7893053,91.667,1.0,-0.379
3510,Iran,IRN,1993,528000.0,91.0,27.0,55.0,173.0,1.7003613,91.667,1.0,-0.379
3511,Iran,IRN,1994,528000.0,0.0,0.0,0.0,0.0,2.07301,91.667,1.0,-0.379
3512,Iran,IRN,1995,763000.0,0.0,0.0,0.0,0.0,2.154166,91.667,1.0,-0.379
3513,Iran,IRN,1996,863000.0,11.0,0.0,31.0,42.0,2.2448647,91.667,1.0,-0.379
3514,Iran,IRN,1997,868000.0,0.0,1.0,36.0,37.0,2.498875,91.667,1.0,0.255
3515,Iran,IRN,1998,820000.0,0.0,0.0,0.0,0.0,2.6290793,91.667,1.0,0.714
3516,Iran,IRN,1999,785600.0,0.0,0.0,16.0,16.0,2.4045517,91.667,1.0,0.714
3517,Iran,IRN,2000,753000.0,0.0,19.0,18.0,37.0,2.2950423,91.667,1.0,-0.133
3518,Iran,IRN,2001,553000.0,0.0,70.0,42.0,112.0,2.4181793,91.667,1.0,-0.133
3519,Iran,IRN,2002,560000.0,0.0,0.0,0.0,0.0,2.1745763,91.667,1.0,-0.133
3520,Iran,IRN,2003,580000.0,0.0,0.0,0.0,0.0,2.4050403,91.667,1.0,-0.133
3521,Iran,IRN,2004,460000.0,0.0,0.0,0.0,0.0,2.8345578,91.667,1.0,-0.133
3522,Iran,IRN,2005,585000.0,26.0,0.0,27.0,53.0,3.0366545,91.667,1.0,-0.133
3523,Iran,IRN,2006,585000.0,0.0,9.0,43.0,52.0,3.315194,91.667,1.0,-0.3
3524,Iran,IRN,2007,563000.0,1.0,0.0,85.0,86.0,2.6539829,91.667,1.0,-0.3
3525,Iran,IRN,2008,563000.0,0.0,42.0,72.0,114.0,2.683342,91.667,1.0,-0.3
3526,Iran,IRN,2009,563000.0,75.0,27.0,106.0,208.0,3.0477057,91.667,1.0,-0.33
3527,Iran,IRN,2010,563000.0,26.0,40.0,15.0,81.0,2.7865481,91.667,1.0,-0.646
3528,Iran,IRN,2011,563000.0,2.0,0.0,112.0,114.0,2.3816345,91.667,1.0,-0.646
3529,Iran,IRN,2012,563000.0,0.0,0.0,0.0,0.0,2.6866083,91.667,1.0,-0.646
3530,Iran,IRN,2013,563000.0,0.0,0.0,0.0,0.0,2.1807718,89.429,1.0,-0.667
3531,Iran,IRN,2014,563000.0,0.0,0.0,0.0,0.0,2.1165571,89.429,1.0,-0.667
3532,Iran,IRN,2015,563000.0,0.0,0.0,0.0,0.0,2.5570908,89.0,1.0,-0.308
3533,Iran,IRN,2016,563000.0,0.0,0.0,22.0,22.0,2.7964356,89.429,1.0,-0.308
3534,Iran,IRN,2017,563000.0,18.0,0.0,9.0,27.0,2.8443384,88.571,1.0,-0.376
3535,Iran,IRN,2018,650000.0,1.0,5.0,54.0,60.0,2.3562949,89.143,1.0,-0.376
3536,Iran,IRN,2019,650000.0,252.0,0.0,34.0,286.0,2.1469474,89.429,1.0,-0.376
3537,Iran,IRN,2020,650000.0,181.0,0.0,35.0,216.0,2.1770103,88.0,1.0,-0.751
3538,Iran,IRN,2021,,26.0,0.0,22.0,48.0,2.2239428,84.333,1.0,-1.05
3539,Iran,IRN,2022,,211.0,0.0,0.0,211.0,2.1106215,86.4,0.0,-1.246
3540,Iran,IRN,2023,,0.0,0.0,34.0,34.0,2.3517919,88.6,0.0,-1.099
3541,Iran,IRN,2024,,100.0,5.0,112.0,217.0,2.0104318,84.0,1.0,-0.441
3542,Iraq,IRQ,1989,1000000.0,0.0,50.0,0.0,50.0,,92.6,0.0,-0.574
3543,Iraq,IRQ,1990,1390000.0,23.0,94.0,0.0,117.0,,94.8,0.0,-0.709
3544,Iraq,IRQ,1991,475000.0,4729.0,8444.0,11323.0,24496.0,,82.647,0.0,-1.881
3545,Iraq,IRQ,1992,407000.0,177.0,544.0,122.0,843.0,,80.0,0.0,-1.881
3546,Iraq,IRQ,1993,407000.0,136.0,191.0,38.0,365.0,,80.0,0.0,-1.881
3547,Iraq,IRQ,1994,425000.0,67.0,720.0,206.0,993.0,,80.0,0.0,-1.881
3548,Iraq,IRQ,1995,407300.0,117.0,542.0,746.0,1405.0,,80.0,1.0,-1.881
3549,Iraq,IRQ,1996,432500.0,111.0,152.0,589.0,852.0,,80.0,1.0,-1.881
3550,Iraq,IRQ,1997,442900.0,0.0,77.0,1531.0,1608.0,,80.0,1.0,-1.881
3551,Iraq,IRQ,1998,479000.0,43.0,0.0,49.0,92.0,,80.0,1.0,-1.881
3552,Iraq,IRQ,1999,479000.0,38.0,1.0,272.0,311.0,,80.0,1.0,-1.881
3553,Iraq,IRQ,2000,479000.0,0.0,0.0,188.0,188.0,,80.0,0.0,-1.63
3554,Iraq,IRQ,2001,467000.0,0.0,6.0,30.0,36.0,,80.0,0.0,-1.63
3555,Iraq,IRQ,2002,432000.0,0.0,0.0,111.0,111.0,,80.0,0.0,-1.63
3556,Iraq,IRQ,2003,432000.0,448.0,6691.0,854.0,7993.0,,65.807,0.0,-1.411
3557,Iraq,IRQ,2004,179000.0,326.0,2747.0,1281.0,4354.0,1.675578,67.0,0.0,-1.491
3558,Iraq,IRQ,2005,227000.0,1077.0,835.0,1599.0,3511.0,2.2425802,64.423,1.0,-1.491
3559,Iraq,IRQ,2006,495000.0,742.0,791.0,3045.0,4578.0,1.8975718,64.423,1.0,-1.491
3560,Iraq,IRQ,2007,362000.0,1751.0,1154.0,1584.0,4489.0,2.239928,64.692,1.0,-1.491
3561,Iraq,IRQ,2008,577000.0,629.0,1316.0,807.0,2752.0,2.36776,64.692,1.0,-1.491
3562,Iraq,IRQ,2009,659395.0,707.0,633.0,376.0,1716.0,2.8991401,68.0,1.0,-1.491
3563,Iraq,IRQ,2010,802400.0,651.0,527.0,678.0,1856.0,2.7093523,66.923,1.0,-1.331
3564,Iraq,IRQ,2011,802400.0,411.0,488.0,571.0,1470.0,2.3034403,67.615,1.0,-1.638
3565,Iraq,IRQ,2012,802400.0,824.0,226.0,357.0,1407.0,1.8995683,68.692,1.0,-1.638
3566,Iraq,IRQ,2013,177600.0,1416.0,1747.0,834.0,3997.0,3.315831,71.1,1.0,-2.269
3567,Iraq,IRQ,2014,209000.0,3376.0,2029.0,11032.0,16437.0,2.950614,60.6,1.0,-2.269
3568,Iraq,IRQ,2015,209000.0,1937.0,672.0,8692.0,11301.0,5.4129252,61.5,1.0,-1.682
3569,Iraq,IRQ,2016,209000.0,4489.0,502.0,7047.0,12038.0,3.5501347,64.6,1.0,-1.058
3570,Iraq,IRQ,2017,209000.0,5479.0,506.0,5432.0,11417.0,3.9089847,66.6,1.0,-1.505
3571,Iraq,IRQ,2018,336000.0,213.0,78.0,1156.0,1447.0,2.7517247,81.25,1.0,-1.505
3572,Iraq,IRQ,2019,341000.0,184.0,35.0,740.0,959.0,3.237195,78.375,1.0,-1.689
3573,Iraq,IRQ,2020,459000.0,100.0,66.0,776.0,942.0,3.1121788,79.75,1.0,-1.689
3574,Iraq,IRQ,2021,,220.0,25.0,772.0,1017.0,2.2611117,85.0,1.0,-0.914
3575,Iraq,IRQ,2022,,48.0,8.0,948.0,1004.0,1.6400113,83.0,1.0,-0.914
3576,Iraq,IRQ,2023,,35.0,16.0,447.0,498.0,2.2626948,79.667,1.0,-0.914
3577,Iraq,IRQ,2024,,26.0,3.0,375.0,404.0,2.3571405,88.333,1.0,-0.914
3578,Ireland,IRL,1989,13000.0,0.0,0.0,0.0,0.0,1.105476,96.786,3.0,2.017
3579,Ireland,IRL,1990,13000.0,0.0,0.0,0.0,0.0,1.2035033,96.786,3.0,2.017
3580,Ireland,IRL,1991,13000.0,0.0,0.0,0.0,0.0,1.2539353,96.786,3.0,2.017
3581,Ireland,IRL,1992,13000.0,0.0,0.0,0.0,0.0,1.2041185,96.786,3.0,2.017
3582,Ireland,IRL,1993,13000.0,0.0,0.0,0.0,0.0,1.1392251,96.786,3.0,2.017
3583,Ireland,IRL,1994,17000.0,0.0,0.0,0.0,0.0,1.1087326,96.786,3.0,2.017
3584,Ireland,IRL,1995,12900.0,0.0,0.0,0.0,0.0,1.015363,96.786,3.0,2.017
3585,Ireland,IRL,1996,12700.0,0.0,0.0,0.0,0.0,0.9908963,96.786,3.0,2.017
3586,Ireland,IRL,1997,12700.0,0.0,0.0,0.0,0.0,0.9236215,96.786,3.0,2.017
3587,Ireland,IRL,1998,11500.0,0.0,0.0,0.0,0.0,0.8230676,96.786,3.0,2.017
3588,Ireland,IRL,1999,11500.0,0.0,0.0,0.0,0.0,0.7500766,96.786,3.0,2.017
3589,Ireland,IRL,2000,11500.0,0.0,0.0,0.0,0.0,0.6949611,96.786,3.0,2.017
3590,Ireland,IRL,2001,10500.0,0.0,0.0,0.0,0.0,0.70276505,96.786,3.0,2.017
3591,Ireland,IRL,2002,10500.0,0.0,0.0,0.0,0.0,0.63383335,96.786,3.0,2.017
3592,Ireland,IRL,2003,10400.0,0.0,0.0,0.0,0.0,0.58745605,96.786,3.0,2.017
3593,Ireland,IRL,2004,10000.0,0.0,0.0,0.0,0.0,0.5678998,96.786,3.0,2.017
3594,Ireland,IRL,2005,10000.0,0.0,0.0,0.0,0.0,0.5406127,96.786,3.0,2.017
3595,Ireland,IRL,2006,10000.0,0.0,0.0,0.0,0.0,0.5131512,96.786,3.0,2.017
3596,Ireland,IRL,2007,10000.0,0.0,0.0,0.0,0.0,0.5087548,96.786,3.0,2.017
3597,Ireland,IRL,2008,10000.0,0.0,0.0,0.0,0.0,0.5769878,96.786,3.0,2.017
3598,Ireland,IRL,2009,10460.0,0.0,0.0,0.0,0.0,0.601169,96.786,3.0,2.017
3599,Ireland,IRL,2010,10460.0,0.0,0.0,0.0,0.0,0.5745742,96.786,3.0,2.017
3600,Ireland,IRL,2011,8900.0,0.0,0.0,0.0,0.0,0.5395082,96.786,3.0,2.017
3601,Ireland,IRL,2012,9350.0,0.0,0.0,0.0,0.0,0.50928915,96.786,3.0,2.017
3602,Ireland,IRL,2013,9350.0,0.0,0.0,0.0,0.0,0.49161342,96.786,3.0,2.017
3603,Ireland,IRL,2014,9100.0,0.0,0.0,0.0,0.0,0.4476684,96.786,3.0,2.017
3604,Ireland,IRL,2015,9100.0,0.0,0.0,0.0,0.0,0.3298546,96.786,3.0,2.017
3605,Ireland,IRL,2016,9100.0,0.0,0.0,0.0,0.0,0.3279076,96.786,3.0,2.017
3606,Ireland,IRL,2017,9000.0,0.0,0.0,0.0,0.0,0.29612073,96.786,3.0,2.017
3607,Ireland,IRL,2018,8650.0,0.0,0.0,0.0,0.0,0.28011227,97.0,3.0,2.518
3608,Ireland,IRL,2019,9000.0,0.0,0.0,0.0,0.0,0.27329352,96.25,3.0,2.518
3609,Ireland,IRL,2020,9000.0,0.0,0.0,0.0,0.0,0.26268476,96.667,3.0,2.518
3610,Ireland,IRL,2021,,0.0,0.0,0.0,0.0,0.2386377,95.556,3.0,2.518
3611,Ireland,IRL,2022,,0.0,0.0,0.0,0.0,0.21250239,95.556,3.0,2.518
3612,Ireland,IRL,2023,,0.0,0.0,0.0,0.0,0.2303747,95.556,3.0,2.518
3613,Ireland,IRL,2024,,0.0,0.0,0.0,0.0,0.23909633,99.2,3.0,2.518
3615,Israel,ISR,1989,191000.0,5.0,0.0,3.0,8.0,12.445733,97.143,3.0,2.147
3616,Israel,ISR,1990,190000.0,0.0,0.0,2.0,2.0,12.362686,97.143,3.0,2.147
3617,Israel,ISR,1991,190000.0,0.0,1.0,3.0,4.0,15.586983,97.143,3.0,2.147
3618,Israel,ISR,1992,181000.0,2.0,0.0,0.0,2.0,10.925077,97.143,3.0,2.147
3619,Israel,ISR,1993,181000.0,3.0,0.0,15.0,18.0,11.523244,97.143,3.0,2.147
3620,Israel,ISR,1994,185000.0,38.0,1.0,11.0,50.0,10.119966,97.143,3.0,2.147
3621,Israel,ISR,1995,178100.0,1.0,3.0,22.0,26.0,7.5279565,97.143,3.0,2.147
3622,Israel,ISR,1996,181100.0,44.0,0.0,7.0,51.0,7.379177,97.143,3.0,2.147
3623,Israel,ISR,1997,181050.0,0.0,0.0,0.0,0.0,7.1795216,97.143,3.0,2.147
3624,Israel,ISR,1998,181050.0,0.0,0.0,0.0,0.0,6.7135997,97.143,3.0,2.147
3625,Israel,ISR,1999,179550.0,0.0,0.0,0.0,0.0,6.3023133,97.143,3.0,2.147
3626,Israel,ISR,2000,180500.0,0.0,0.0,3.0,3.0,6.10002,97.143,3.0,2.147
3627,Israel,ISR,2001,171500.0,87.0,3.0,23.0,113.0,6.2999325,97.143,3.0,2.147
3628,Israel,ISR,2002,169500.0,214.0,0.0,76.0,290.0,6.367959,97.143,3.0,2.147
3629,Israel,ISR,2003,175000.0,106.0,4.0,31.0,141.0,6.2528663,97.143,3.0,2.147
3630,Israel,ISR,2004,176000.0,33.0,6.0,16.0,55.0,6.139407,97.143,3.0,2.147
3631,Israel,ISR,2005,176000.0,29.0,5.0,8.0,42.0,6.05116,97.143,3.0,2.147
3632,Israel,ISR,2006,185000.0,46.0,0.0,29.0,75.0,5.8558726,97.143,3.0,2.147
3633,Israel,ISR,2007,185000.0,1.0,1.0,15.0,17.0,6.1623297,97.143,3.0,2.147
3634,Israel,ISR,2008,185000.0,2.0,0.0,16.0,18.0,6.2395115,97.143,3.0,2.147
3635,Israel,ISR,2009,184550.0,0.0,0.0,7.0,7.0,5.976649,97.143,3.0,2.147
3636,Israel,ISR,2010,184550.0,0.0,0.0,2.0,2.0,5.7890754,97.143,3.0,1.943
3637,Israel,ISR,2011,184550.0,1.0,0.0,0.0,1.0,5.632364,97.143,3.0,1.943
3638,Israel,ISR,2012,184500.0,0.0,0.0,0.0,0.0,5.5102205,97.143,3.0,1.943
3639,Israel,ISR,2013,184500.0,0.0,0.0,0.0,0.0,5.443734,96.462,3.0,1.848
3640,Israel,ISR,2014,184500.0,6.0,2.0,43.0,51.0,5.6305747,96.462,3.0,1.848
3641,Israel,ISR,2015,184500.0,0.0,0.0,0.0,0.0,5.4229746,96.462,3.0,1.696
3642,Israel,ISR,2016,184500.0,0.0,0.0,0.0,0.0,5.4174876,96.462,3.0,1.696
3643,Israel,ISR,2017,178000.0,0.0,0.0,0.0,0.0,5.4268274,96.462,3.0,1.595
3644,Israel,ISR,2018,177500.0,0.0,1.0,1.0,2.0,5.288197,95.222,3.0,1.595
3645,Israel,ISR,2019,178000.0,0.0,0.0,0.0,0.0,5.0721273,94.125,3.0,2.126
3646,Israel,ISR,2020,178000.0,0.0,0.0,0.0,0.0,5.276264,94.286,3.0,1.891
3647,Israel,ISR,2021,,11.0,0.0,6.0,17.0,4.934946,96.667,3.0,1.891
3648,Israel,ISR,2022,,0.0,0.0,0.0,0.0,4.4330125,95.667,3.0,1.891
3649,Israel,ISR,2023,,673.0,169.0,453.0,1295.0,5.3848,93.008,2.0,1.591
3650,Israel,ISR,2024,,34.0,0.0,26.0,60.0,8.776717,93.667,2.0,1.591
3651,Italy,ITA,1989,506000.0,0.0,0.0,0.0,0.0,2.0264273,92.773,3.0,1.031
3652,Italy,ITA,1990,493000.0,0.0,0.0,0.0,0.0,1.8807985,92.773,3.0,1.031
3653,Italy,ITA,1991,473000.0,0.0,0.0,0.0,0.0,1.8588526,92.773,3.0,1.18
3654,Italy,ITA,1992,471000.0,0.0,0.0,0.0,0.0,1.751977,92.773,3.0,1.18
3655,Italy,ITA,1993,450000.0,0.0,0.0,0.0,0.0,1.7867681,92.773,3.0,1.288
3656,Italy,ITA,1994,436000.0,0.0,0.0,0.0,0.0,1.7137427,92.773,3.0,1.288
3657,Italy,ITA,1995,585000.0,0.0,0.0,0.0,0.0,1.4596372,92.773,3.0,1.288
3658,Italy,ITA,1996,580900.0,0.0,0.0,0.0,0.0,1.5814278,92.773,3.0,1.288
3659,Italy,ITA,1997,580900.0,0.0,0.0,0.0,0.0,1.6189351,92.773,3.0,1.288
3660,Italy,ITA,1998,554100.0,0.0,0.0,0.0,0.0,1.6362128,92.773,3.0,1.288
3661,Italy,ITA,1999,521200.0,0.0,0.0,0.0,0.0,1.6752256,92.773,3.0,1.288
3662,Italy,ITA,2000,503100.0,0.0,0.0,0.0,0.0,1.7333974,92.773,3.0,1.288
3663,Italy,ITA,2001,482600.0,0.0,0.0,0.0,0.0,1.6668744,92.773,3.0,1.288
3664,Italy,ITA,2002,471100.0,0.0,0.0,0.0,0.0,1.6939425,92.773,3.0,1.288
3665,Italy,ITA,2003,454300.0,0.0,0.0,0.0,0.0,1.6983995,92.773,3.0,1.288
3666,Italy,ITA,2004,445000.0,0.0,0.0,0.0,0.0,1.6722894,92.773,3.0,1.288
3667,Italy,ITA,2005,445000.0,0.0,0.0,0.0,0.0,1.5951613,92.773,3.0,1.288
3668,Italy,ITA,2006,440000.0,0.0,0.0,0.0,0.0,1.5143431,92.773,3.0,1.288
3669,Italy,ITA,2007,436000.0,0.0,0.0,0.0,0.0,1.4409182,92.773,3.0,1.288
3670,Italy,ITA,2008,436000.0,0.0,0.0,0.0,0.0,1.5300512,92.364,3.0,1.288
3671,Italy,ITA,2009,326939.0,0.0,0.0,0.0,0.0,1.5474892,92.818,3.0,1.288
3672,Italy,ITA,2010,359378.0,0.0,0.0,0.0,0.0,1.4943131,92.909,3.0,1.288
3673,Italy,ITA,2011,367550.0,0.0,0.0,0.0,0.0,1.4682922,92.909,3.0,1.288
3674,Italy,ITA,2012,359500.0,0.0,0.0,0.0,0.0,1.4194623,92.909,3.0,1.288
3675,Italy,ITA,2013,359500.0,0.0,0.0,0.0,0.0,1.3916775,90.7,3.0,1.288
3676,Italy,ITA,2014,356850.0,0.0,0.0,0.0,0.0,1.2763307,90.7,3.0,1.288
3677,Italy,ITA,2015,356850.0,0.0,0.0,0.0,0.0,1.2024732,91.2,3.0,1.288
3678,Italy,ITA,2016,356850.0,0.0,0.0,0.0,0.0,1.3277339,91.2,3.0,1.288
3679,Italy,ITA,2017,347000.0,0.0,0.0,0.0,0.0,1.3512235,90.556,3.0,1.288
3680,Italy,ITA,2018,341500.0,0.0,0.0,0.0,0.0,1.3544332,93.714,3.0,1.288
3681,Italy,ITA,2019,342000.0,0.0,0.0,0.0,0.0,1.3061167,95.0,3.0,1.288
3682,Italy,ITA,2020,338000.0,0.0,0.0,0.0,0.0,1.7298496,95.0,3.0,1.288
3683,Italy,ITA,2021,,0.0,0.0,0.0,0.0,1.6628637,92.857,3.0,1.288
3684,Italy,ITA,2022,,0.0,0.0,0.0,0.0,1.6516424,93.857,3.0,1.288
3685,Italy,ITA,2023,,0.0,0.0,0.0,0.0,1.6064605,79.0,3.0,1.288
3686,Italy,ITA,2024,,0.0,0.0,0.0,0.0,1.6092457,87.333,3.0,1.288
3687,Jamaica,JAM,1989,3000.0,0.0,0.0,0.0,0.0,0.92926294,95.4,2.0,0.0
3688,Jamaica,JAM,1990,3000.0,0.0,0.0,0.0,0.0,0.8407851,95.4,2.0,1.08
3689,Jamaica,JAM,1991,3000.0,0.0,0.0,0.0,0.0,0.75852454,95.4,2.0,1.08
3690,Jamaica,JAM,1992,3000.0,0.0,0.0,0.0,0.0,1.1078383,95.4,2.0,1.08
3691,Jamaica,JAM,1993,3000.0,0.0,0.0,0.0,0.0,0.82190645,95.4,2.0,1.08
3692,Jamaica,JAM,1994,3000.0,0.0,0.0,0.0,0.0,0.6299206,95.4,2.0,1.08
3693,Jamaica,JAM,1995,3500.0,0.0,0.0,0.0,0.0,0.5387092,95.4,2.0,1.08
3694,Jamaica,JAM,1996,3500.0,0.0,0.0,0.0,0.0,0.56765664,95.4,2.0,1.08
3695,Jamaica,JAM,1997,3470.0,0.0,0.0,0.0,0.0,0.6550548,95.4,2.0,1.08
3696,Jamaica,JAM,1998,3470.0,0.0,0.0,0.0,0.0,0.54494786,95.4,2.0,1.08
3697,Jamaica,JAM,1999,3020.0,0.0,0.0,0.0,0.0,0.51105154,95.4,2.0,1.08
3698,Jamaica,JAM,2000,3000.0,0.0,0.0,0.0,0.0,0.48631975,94.6,2.0,1.08
3699,Jamaica,JAM,2001,3000.0,0.0,107.0,9.0,116.0,0.50435895,94.6,2.0,1.08
3700,Jamaica,JAM,2002,3000.0,0.0,0.0,0.0,0.0,0.58543104,94.6,2.0,1.08
3701,Jamaica,JAM,2003,3000.0,0.0,0.0,0.0,0.0,0.58159626,94.6,2.0,1.08
3702,Jamaica,JAM,2004,2000.0,0.0,0.0,0.0,0.0,0.53597,94.6,2.0,1.08
3703,Jamaica,JAM,2005,3000.0,0.0,0.0,0.0,0.0,0.5276637,94.6,2.0,1.08
3704,Jamaica,JAM,2006,3000.0,0.0,0.0,0.0,0.0,0.6089223,94.6,2.0,1.08
3705,Jamaica,JAM,2007,3000.0,0.0,0.0,0.0,0.0,0.6524579,94.6,2.0,1.08
3706,Jamaica,JAM,2008,3000.0,0.0,0.0,0.0,0.0,0.9533543,94.6,2.0,1.08
3707,Jamaica,JAM,2009,2830.0,0.0,0.0,0.0,0.0,0.9472274,94.6,2.0,1.08
3708,Jamaica,JAM,2010,2830.0,0.0,0.0,0.0,0.0,0.8741795,95.1,2.0,1.08
3709,Jamaica,JAM,2011,2830.0,0.0,0.0,0.0,0.0,0.9251658,95.1,2.0,1.08
3710,Jamaica,JAM,2012,2830.0,0.0,0.0,0.0,0.0,0.92953604,95.1,2.0,1.08
3711,Jamaica,JAM,2013,2830.0,0.0,0.0,0.0,0.0,0.898968,95.1,2.0,1.355
3712,Jamaica,JAM,2014,3450.0,0.0,0.0,0.0,0.0,0.8727842,95.1,2.0,1.355
3713,Jamaica,JAM,2015,3450.0,0.0,0.0,0.0,0.0,0.87235343,95.1,2.0,1.355
3714,Jamaica,JAM,2016,3950.0,0.0,0.0,0.0,0.0,0.9548313,95.1,2.0,1.355
3715,Jamaica,JAM,2017,4000.0,0.0,0.0,0.0,0.0,0.9734331,95.1,2.0,1.121
3716,Jamaica,JAM,2018,5950.0,0.0,0.0,0.0,0.0,1.3328468,95.1,2.0,1.121
3717,Jamaica,JAM,2019,6000.0,0.0,0.0,0.0,0.0,1.6815258,95.1,3.0,1.336
3718,Jamaica,JAM,2020,6000.0,0.0,0.0,0.0,0.0,1.7064707,95.1,2.0,2.03
3719,Jamaica,JAM,2021,,0.0,0.0,0.0,0.0,1.4667687,95.1,2.0,1.924
3720,Jamaica,JAM,2022,,0.0,0.0,0.0,0.0,1.2899995,95.1,2.0,1.981
3721,Jamaica,JAM,2023,,0.0,0.0,0.0,0.0,1.1859959,95.1,2.0,1.981
3722,Jamaica,JAM,2024,,0.0,0.0,0.0,0.0,1.2738574,95.1,3.0,2.192
3723,Japan,JPN,1989,247000.0,0.0,0.0,0.0,0.0,0.940781,97.588,3.0,1.959
3724,Japan,JPN,1990,250000.0,0.0,0.0,0.0,0.0,0.9417918,97.588,3.0,1.959
3725,Japan,JPN,1991,250000.0,0.0,0.0,0.0,0.0,0.9408219,97.588,3.0,1.959
3726,Japan,JPN,1992,242000.0,0.0,0.0,0.0,0.0,0.9483124,97.588,3.0,1.959
3727,Japan,JPN,1993,242000.0,0.0,0.0,0.0,0.0,0.9506638,97.588,3.0,1.959
3728,Japan,JPN,1994,233000.0,0.0,0.0,0.0,0.0,0.90593135,97.588,3.0,1.959
3729,Japan,JPN,1995,251500.0,0.0,0.0,0.0,0.0,0.9009303,97.588,3.0,1.959
3730,Japan,JPN,1996,247500.0,0.0,0.0,0.0,0.0,0.89464897,97.588,3.0,1.959
3731,Japan,JPN,1997,247600.0,0.0,0.0,0.0,0.0,0.9045152,97.588,3.0,1.959
3732,Japan,JPN,1998,254600.0,0.0,0.0,0.0,0.0,0.92351335,97.588,3.0,1.959
3733,Japan,JPN,1999,254600.0,0.0,0.0,0.0,0.0,0.93017983,97.588,3.0,1.959
3734,Japan,JPN,2000,248700.0,0.0,0.0,0.0,0.0,0.9159856,97.588,3.0,1.959
3735,Japan,JPN,2001,252100.0,0.0,0.0,0.0,0.0,0.9316729,97.588,3.0,1.959
3736,Japan,JPN,2002,252100.0,0.0,0.0,0.0,0.0,0.9403575,97.588,3.0,1.959
3737,Japan,JPN,2003,252100.0,0.0,0.0,0.0,0.0,0.94004667,97.588,3.0,1.959
3738,Japan,JPN,2004,251000.0,0.0,0.0,0.0,0.0,0.92660403,97.588,3.0,1.959
3739,Japan,JPN,2005,272000.0,0.0,0.0,0.0,0.0,0.9169168,97.588,3.0,1.959
3740,Japan,JPN,2006,252000.0,0.0,0.0,0.0,0.0,0.9029884,97.588,3.0,1.959
3741,Japan,JPN,2007,242000.0,0.0,0.0,0.0,0.0,0.8849874,97.588,3.0,1.959
3742,Japan,JPN,2008,242000.0,0.0,0.0,0.0,0.0,0.90785503,97.588,3.0,1.959
3743,Japan,JPN,2009,260382.0,0.0,0.0,0.0,0.0,0.97296953,97.588,3.0,1.959
3744,Japan,JPN,2010,260382.0,0.0,0.0,0.0,0.0,0.9490326,97.588,3.0,1.959
3745,Japan,JPN,2011,260086.0,0.0,0.0,0.0,0.0,0.97482353,97.588,3.0,1.959
3746,Japan,JPN,2012,259800.0,0.0,0.0,0.0,0.0,0.95676184,97.588,3.0,1.959
3747,Japan,JPN,2013,259800.0,0.0,0.0,0.0,0.0,0.94053847,97.588,3.0,1.68
3748,Japan,JPN,2014,259800.0,0.0,0.0,0.0,0.0,0.9578009,97.588,3.0,1.68
3749,Japan,JPN,2015,259800.0,0.0,0.0,0.0,0.0,0.9472835,97.588,3.0,1.68
3750,Japan,JPN,2016,260890.0,0.0,0.0,0.0,0.0,0.92951673,97.588,3.0,1.68
3751,Japan,JPN,2017,261000.0,0.0,0.0,0.0,0.0,0.91322947,97.588,3.0,1.68
3752,Japan,JPN,2018,261150.0,0.0,0.0,0.0,0.0,0.9624974,97.588,3.0,1.68
3753,Japan,JPN,2019,261000.0,0.0,0.0,0.0,0.0,0.9922314,97.588,3.0,1.68
3754,Japan,JPN,2020,261000.0,0.0,0.0,0.0,0.0,1.0167613,97.588,3.0,1.631
3755,Japan,JPN,2021,,0.0,0.0,0.0,0.0,1.0638405,97.588,3.0,1.631
3756,Japan,JPN,2022,,0.0,0.0,0.0,0.0,1.009944,96.25,3.0,1.631
3757,Japan,JPN,2023,,0.0,0.0,0.0,0.0,1.1395464,96.25,3.0,1.631
3758,Japan,JPN,2024,,0.0,0.0,0.0,0.0,1.3713969,96.25,3.0,1.631
3760,Jordan,JOR,1989,190000.0,0.0,0.0,0.0,0.0,9.070781,96.8,0.0,-0.308
3761,Jordan,JOR,1990,100000.0,0.0,0.0,0.0,0.0,7.7510676,96.8,0.0,-0.308
3762,Jordan,JOR,1991,100000.0,0.0,0.0,0.0,0.0,9.973089,96.8,0.0,-0.308
3763,Jordan,JOR,1992,100000.0,1.0,0.0,0.0,1.0,6.9242487,96.8,0.0,-0.308
3764,Jordan,JOR,1993,100000.0,0.0,0.0,0.0,0.0,6.9771094,96.8,0.0,-0.308
3765,Jordan,JOR,1994,100000.0,0.0,0.0,0.0,0.0,6.5394573,97.833,0.0,-0.308
3766,Jordan,JOR,1995,128600.0,0.0,0.0,0.0,0.0,4.4542484,97.833,0.0,-0.308
3767,Jordan,JOR,1996,128700.0,0.0,0.0,0.0,0.0,6.0269175,97.833,0.0,-0.308
3768,Jordan,JOR,1997,134050.0,0.0,0.0,0.0,0.0,6.1315064,97.833,0.0,-0.308
3769,Jordan,JOR,1998,134050.0,0.0,0.0,0.0,0.0,6.274622,97.833,0.0,-0.308
3770,Jordan,JOR,1999,134000.0,0.0,0.0,0.0,0.0,6.282233,97.833,0.0,-0.308
3771,Jordan,JOR,2000,148900.0,0.0,0.0,0.0,0.0,6.2565565,97.833,0.0,-0.308
3772,Jordan,JOR,2001,110200.0,0.0,0.0,0.0,0.0,5.8930783,97.833,0.0,-0.308
3773,Jordan,JOR,2002,110200.0,0.0,0.0,0.0,0.0,5.4460144,97.833,0.0,-0.308
3774,Jordan,JOR,2003,110500.0,0.0,0.0,0.0,0.0,6.0010595,97.833,0.0,-0.308
3775,Jordan,JOR,2004,110000.0,0.0,0.0,0.0,0.0,5.1417212,97.833,0.0,-0.308
3776,Jordan,JOR,2005,111000.0,59.0,0.0,0.0,59.0,4.795323,97.833,0.0,-0.308
3777,Jordan,JOR,2006,111000.0,0.0,0.0,0.0,0.0,4.659324,97.833,0.0,-0.308
3778,Jordan,JOR,2007,111000.0,0.0,0.0,0.0,0.0,5.8512826,97.833,0.0,-0.308
3779,Jordan,JOR,2008,111000.0,0.0,0.0,0.0,0.0,5.9949713,97.833,0.0,-0.308
3780,Jordan,JOR,2009,110500.0,0.0,0.0,0.0,0.0,6.3913836,97.833,0.0,-0.308
3781,Jordan,JOR,2010,110500.0,0.0,0.0,0.0,0.0,5.7415,97.833,0.0,0.106
3782,Jordan,JOR,2011,110500.0,0.0,0.0,0.0,0.0,5.4016414,97.833,0.0,0.106
3783,Jordan,JOR,2012,115500.0,0.0,0.0,0.0,0.0,4.655721,97.833,0.0,0.106
3784,Jordan,JOR,2013,115500.0,0.0,0.0,0.0,0.0,4.19374,97.583,0.0,0.248
3785,Jordan,JOR,2014,115500.0,0.0,0.0,0.0,0.0,4.2034526,97.583,0.0,0.248
3786,Jordan,JOR,2015,115500.0,1.0,0.0,0.0,1.0,4.185163,97.583,0.0,0.248
3787,Jordan,JOR,2016,115500.0,3.0,3.0,31.0,37.0,4.4355063,97.583,0.0,0.248
3788,Jordan,JOR,2017,116000.0,0.0,0.0,0.0,0.0,4.684354,97.778,0.0,0.248
3789,Jordan,JOR,2018,101500.0,0.0,0.0,0.0,0.0,4.560091,97.667,0.0,0.248
3790,Jordan,JOR,2019,116000.0,0.0,0.0,0.0,0.0,4.5662374,98.5,0.0,0.248
3791,Jordan,JOR,2020,116000.0,0.0,0.0,0.0,0.0,4.7045712,98.625,0.0,0.248
3792,Jordan,JOR,2021,,0.0,0.0,0.0,0.0,4.7018213,98.625,0.0,0.937
3793,Jordan,JOR,2022,,0.0,0.0,0.0,0.0,4.798377,97.375,0.0,0.937
3794,Jordan,JOR,2023,,0.0,0.0,0.0,0.0,4.812246,98.286,0.0,0.609
3795,Jordan,JOR,2024,,0.0,0.0,3.0,3.0,4.800187,100.0,0.0,0.609
3796,Kazakhstan,KAZ,1989,,0.0,0.0,0.0,0.0,,100.0,0.0,-1.039
3797,Kazakhstan,KAZ,1990,,0.0,0.0,0.0,0.0,,,1.0,-0.973
3798,Kazakhstan,KAZ,1991,,0.0,0.0,0.0,0.0,,99.0,1.0,-0.973
3799,Kazakhstan,KAZ,1992,,0.0,0.0,0.0,0.0,,93.0,1.0,-0.813
3800,Kazakhstan,KAZ,1993,15000.0,0.0,0.0,0.0,0.0,1.0626203,93.0,1.0,-0.813
3801,Kazakhstan,KAZ,1994,18000.0,0.0,0.0,0.0,0.0,0.83873177,93.0,1.0,-0.813
3802,Kazakhstan,KAZ,1995,74500.0,0.0,0.0,0.0,0.0,1.0324216,93.0,1.0,-0.977
3803,Kazakhstan,KAZ,1996,74500.0,0.0,0.0,0.0,0.0,1.2019944,98.333,1.0,-0.977
3804,Kazakhstan,KAZ,1997,69600.0,0.0,0.0,0.0,0.0,1.112939,98.333,1.0,-0.977
3805,Kazakhstan,KAZ,1998,89600.0,0.0,0.0,0.0,0.0,1.1497383,98.333,1.0,-0.977
3806,Kazakhstan,KAZ,1999,100300.0,0.0,0.0,0.0,0.0,0.8196071,98.333,1.0,-1.16
3807,Kazakhstan,KAZ,2000,98500.0,0.0,0.0,0.0,0.0,0.784645,98.333,1.0,-0.541
3808,Kazakhstan,KAZ,2001,98500.0,0.0,0.0,0.0,0.0,0.99981743,98.333,1.0,-0.541
3809,Kazakhstan,KAZ,2002,94500.0,0.0,0.0,0.0,0.0,0.9983377,98.333,1.0,-0.541
3810,Kazakhstan,KAZ,2003,100300.0,0.0,0.0,0.0,0.0,1.0299275,98.333,1.0,-0.541
3811,Kazakhstan,KAZ,2004,99000.0,0.0,0.0,0.0,0.0,0.9882397,98.333,1.0,-0.541
3812,Kazakhstan,KAZ,2005,101000.0,0.0,0.0,0.0,0.0,1.0363213,98.333,1.0,-0.753
3813,Kazakhstan,KAZ,2006,81000.0,0.0,0.0,0.0,0.0,0.97899884,98.333,1.0,-0.663
3814,Kazakhstan,KAZ,2007,81000.0,0.0,0.0,0.0,0.0,1.2968768,98.333,1.0,-0.663
3815,Kazakhstan,KAZ,2008,81000.0,0.0,0.0,0.0,0.0,1.1546686,98.333,1.0,-0.663
3816,Kazakhstan,KAZ,2009,80500.0,0.0,0.0,0.0,0.0,1.1030332,98.333,1.0,-0.663
3817,Kazakhstan,KAZ,2010,80500.0,0.0,0.0,0.0,0.0,1.0144155,98.333,1.0,-0.663
3818,Kazakhstan,KAZ,2011,70500.0,0.0,0.0,0.0,0.0,0.9365136,98.333,1.0,-0.663
3819,Kazakhstan,KAZ,2012,70500.0,0.0,0.0,0.0,0.0,1.0469065,98.333,1.0,-0.663
3820,Kazakhstan,KAZ,2013,70500.0,0.0,0.0,0.0,0.0,1.0780846,99.333,1.0,-0.663
3821,Kazakhstan,KAZ,2014,70500.0,0.0,0.0,0.0,0.0,1.0416921,99.333,1.0,-0.663
3822,Kazakhstan,KAZ,2015,70500.0,0.0,0.0,0.0,0.0,1.1097215,99.333,1.0,-0.663
3823,Kazakhstan,KAZ,2016,70500.0,0.0,0.0,0.0,0.0,0.9335518,99.333,1.0,-0.663
3824,Kazakhstan,KAZ,2017,71000.0,0.0,0.0,0.0,0.0,0.83189493,98.222,1.0,-0.663
3825,Kazakhstan,KAZ,2018,71000.0,0.0,0.0,0.0,0.0,0.8356257,99.125,1.0,-0.663
3826,Kazakhstan,KAZ,2019,71000.0,0.0,0.0,0.0,0.0,1.0209163,97.857,1.0,-0.519
3827,Kazakhstan,KAZ,2020,71000.0,0.0,0.0,0.0,0.0,0.90718865,98.714,1.0,-0.519
3828,Kazakhstan,KAZ,2021,,0.0,0.0,0.0,0.0,0.8192817,98.833,1.0,-0.727
3829,Kazakhstan,KAZ,2022,,0.0,0.0,0.0,0.0,0.51743585,99.8,1.0,-0.634
3830,Kazakhstan,KAZ,2023,,0.0,0.0,0.0,0.0,0.4407757,100.0,1.0,-0.634
3831,Kazakhstan,KAZ,2024,,0.0,0.0,0.0,0.0,0.42842844,100.0,1.0,-0.634
3832,Kenya,KEN,1989,20000.0,0.0,0.0,60.0,60.0,2.7408516,90.833,1.0,-1.293
3833,Kenya,KEN,1990,20000.0,0.0,0.0,0.0,0.0,2.888215,90.833,1.0,-1.036
3834,Kenya,KEN,1991,20000.0,0.0,0.0,0.0,0.0,2.354258,90.833,1.0,-1.036
3835,Kenya,KEN,1992,24000.0,6.0,128.0,17.0,151.0,1.9007467,90.833,1.0,-1.036
3836,Kenya,KEN,1993,24000.0,0.0,36.0,243.0,279.0,1.8377416,90.833,1.0,-1.036
3837,Kenya,KEN,1994,22000.0,0.0,15.0,13.0,28.0,1.6412529,90.833,1.0,-1.036
3838,Kenya,KEN,1995,29200.0,0.0,44.0,0.0,44.0,1.6467161,90.833,1.0,-1.036
3839,Kenya,KEN,1996,29200.0,0.0,135.0,10.0,145.0,1.4179547,90.833,1.0,-1.036
3840,Kenya,KEN,1997,29200.0,4.0,49.0,132.0,185.0,1.3406385,90.833,1.0,-1.036
3841,Kenya,KEN,1998,29200.0,1.0,129.0,191.0,321.0,1.2201226,90.833,1.0,-1.036
3842,Kenya,KEN,1999,29200.0,0.0,90.0,118.0,208.0,1.1869742,90.833,1.0,-1.036
3843,Kenya,KEN,2000,27200.0,3.0,45.0,164.0,212.0,1.313742,90.833,1.0,-0.909
3844,Kenya,KEN,2001,29400.0,31.0,105.0,35.0,171.0,1.5047549,90.833,1.0,-0.909
3845,Kenya,KEN,2002,29400.0,13.0,0.0,0.0,13.0,1.6324079,90.833,1.0,0.501
3846,Kenya,KEN,2003,29100.0,0.0,0.0,0.0,0.0,1.6500999,90.769,2.0,0.501
3847,Kenya,KEN,2004,29000.0,0.0,10.0,0.0,10.0,1.6141942,90.769,2.0,0.501
3848,Kenya,KEN,2005,29000.0,0.0,32.0,144.0,176.0,1.690587,90.769,2.0,0.501
3849,Kenya,KEN,2006,,0.0,34.0,96.0,130.0,1.4551773,90.769,2.0,0.501
3850,Kenya,KEN,2007,29000.0,123.0,46.0,1.0,170.0,1.5479124,90.0,1.0,0.501
3851,Kenya,KEN,2008,29000.0,299.0,276.0,159.0,734.0,1.6158502,89.231,1.0,0.501
3852,Kenya,KEN,2009,29120.0,37.0,38.0,49.0,124.0,1.3650757,90.769,1.0,0.562
3853,Kenya,KEN,2010,29120.0,0.0,0.0,55.0,55.0,1.3699853,91.538,1.0,0.838
3854,Kenya,KEN,2011,29100.0,8.0,55.0,78.0,141.0,1.379743,90.769,1.0,0.838
3855,Kenya,KEN,2012,29100.0,34.0,102.0,143.0,279.0,1.4895773,90.769,1.0,0.838
3856,Kenya,KEN,2013,29100.0,75.0,80.0,58.0,213.0,1.3953965,89.364,2.0,0.731
3857,Kenya,KEN,2014,29100.0,140.0,94.0,76.0,310.0,1.1994334,89.545,2.0,0.708
3858,Kenya,KEN,2015,29100.0,167.0,147.0,60.0,374.0,1.2031693,90.182,2.0,0.708
3859,Kenya,KEN,2016,29100.0,28.0,22.0,57.0,107.0,1.2473098,90.5,2.0,0.708
3860,Kenya,KEN,2017,29000.0,76.0,9.0,64.0,149.0,1.237594,90.6,1.0,0.708
3861,Kenya,KEN,2018,29100.0,38.0,3.0,65.0,106.0,1.2073854,92.5,1.0,0.951
3862,Kenya,KEN,2019,29000.0,28.0,62.0,69.0,159.0,1.1125711,94.0,1.0,1.011
3863,Kenya,KEN,2020,24000.0,24.0,1.0,78.0,103.0,1.1084342,92.286,1.0,1.073
3864,Kenya,KEN,2021,,24.0,28.0,56.0,108.0,1.0772003,94.571,1.0,1.073
3865,Kenya,KEN,2022,,37.0,6.0,49.0,92.0,1.0102053,93.0,2.0,1.073
3866,Kenya,KEN,2023,,28.0,12.0,184.0,224.0,0.9753881,85.4,2.0,1.073
3867,Kenya,KEN,2024,,23.0,19.0,50.0,92.0,0.9995466,84.0,2.0,0.46
3873,Kiribati,KIR,1989,,0.0,0.0,0.0,0.0,,,,
3874,Kiribati,KIR,1990,,0.0,0.0,0.0,0.0,,,,
3875,Kiribati,KIR,1991,,0.0,0.0,0.0,0.0,,,,
3876,Kiribati,KIR,1992,,0.0,0.0,0.0,0.0,,,,
3877,Kiribati,KIR,1993,,0.0,0.0,0.0,0.0,,,,
3878,Kiribati,KIR,1994,,0.0,0.0,0.0,0.0,,,,
3879,Kiribati,KIR,1995,,0.0,0.0,0.0,0.0,,,,
3880,Kiribati,KIR,1996,,0.0,0.0,0.0,0.0,,,,
3881,Kiribati,KIR,1997,,0.0,0.0,0.0,0.0,,,,
3882,Kiribati,KIR,1998,,0.0,0.0,0.0,0.0,,,,
3883,Kiribati,KIR,1999,,0.0,0.0,0.0,0.0,,,,
3884,Kiribati,KIR,2000,,0.0,0.0,0.0,0.0,,,,
3885,Kiribati,KIR,2001,,0.0,0.0,0.0,0.0,,,,
3886,Kiribati,KIR,2002,,0.0,0.0,0.0,0.0,,,,
3887,Kiribati,KIR,2003,,0.0,0.0,0.0,0.0,,,,
3888,Kiribati,KIR,2004,,0.0,0.0,0.0,0.0,,,,
3889,Kiribati,KIR,2005,,0.0,0.0,0.0,0.0,,,,
3890,Kiribati,KIR,2006,,0.0,0.0,0.0,0.0,,,,
3891,Kiribati,KIR,2007,,0.0,0.0,0.0,0.0,,,,
3892,Kiribati,KIR,2008,,0.0,0.0,0.0,0.0,,,,
3893,Kiribati,KIR,2009,,0.0,0.0,0.0,0.0,,,,
3894,Kiribati,KIR,2010,,0.0,0.0,0.0,0.0,,,,
3895,Kiribati,KIR,2011,,0.0,0.0,0.0,0.0,,,,
3896,Kiribati,KIR,2012,,0.0,0.0,0.0,0.0,,,,
3897,Kiribati,KIR,2013,,0.0,0.0,0.0,0.0,,,,
3898,Kiribati,KIR,2014,,0.0,0.0,0.0,0.0,,,,
3899,Kiribati,KIR,2015,,0.0,0.0,0.0,0.0,,,,
3900,Kiribati,KIR,2016,,0.0,0.0,0.0,0.0,,,,
3901,Kiribati,KIR,2017,,0.0,0.0,0.0,0.0,,,,
3902,Kiribati,KIR,2018,,0.0,0.0,0.0,0.0,,,,
3903,Kiribati,KIR,2019,,0.0,0.0,0.0,0.0,,,,
3904,Kiribati,KIR,2020,,0.0,0.0,0.0,0.0,,,,
3905,Kiribati,KIR,2021,,0.0,0.0,0.0,0.0,,,,
3906,Kiribati,KIR,2022,,0.0,0.0,0.0,0.0,,,,
3907,Kiribati,KIR,2023,,0.0,0.0,0.0,0.0,,,,
3908,Kiribati,KIR,2024,,0.0,0.0,0.0,0.0,,,,
3946,Kuwait,KWT,1989,20000.0,0.0,0.0,0.0,0.0,8.539829,98.333,0.0,-0.298
3947,Kuwait,KWT,1990,7000.0,271.0,678.0,380.0,1329.0,48.517265,67.333,0.0,-0.631
3948,Kuwait,KWT,1991,10000.0,44.0,333.0,83.0,460.0,117.34983,67.333,0.0,-0.631
3949,Kuwait,KWT,1992,12000.0,0.0,0.0,0.0,0.0,31.786024,97.889,1.0,-0.298
3950,Kuwait,KWT,1993,12000.0,0.0,0.0,0.0,0.0,12.44022,97.889,1.0,-0.298
3951,Kuwait,KWT,1994,15000.0,0.0,0.0,0.0,0.0,13.259239,97.889,1.0,-0.298
3952,Kuwait,KWT,1995,21600.0,0.0,0.0,0.0,0.0,13.581581,97.889,1.0,-0.298
3953,Kuwait,KWT,1996,20800.0,1.0,0.0,0.0,1.0,10.292648,97.889,1.0,-0.298
3954,Kuwait,KWT,1997,20300.0,0.0,0.0,0.0,0.0,8.086475,97.889,1.0,-0.298
3955,Kuwait,KWT,1998,20300.0,0.0,0.0,0.0,0.0,8.79656,97.889,1.0,-0.298
3956,Kuwait,KWT,1999,20300.0,0.0,0.0,0.0,0.0,7.590224,97.889,1.0,-0.298
3957,Kuwait,KWT,2000,20300.0,0.0,0.0,0.0,0.0,7.1501484,97.889,1.0,-0.298
3958,Kuwait,KWT,2001,20500.0,0.0,0.0,0.0,0.0,7.700626,97.889,0.0,-0.298
3959,Kuwait,KWT,2002,22100.0,0.0,0.0,0.0,0.0,7.399194,97.889,1.0,-0.298
3960,Kuwait,KWT,2003,22100.0,0.0,0.0,0.0,0.0,6.543924,97.889,1.0,-0.298
3961,Kuwait,KWT,2004,21000.0,0.0,0.0,0.0,0.0,5.804461,97.889,1.0,-0.298
3962,Kuwait,KWT,2005,23000.0,0.0,0.0,0.0,0.0,4.3430257,97.889,1.0,-0.339
3963,Kuwait,KWT,2006,23000.0,0.0,0.0,0.0,0.0,3.5426457,97.889,1.0,-0.339
3964,Kuwait,KWT,2007,23000.0,0.0,0.0,0.0,0.0,3.5903268,97.889,1.0,-0.339
3965,Kuwait,KWT,2008,23000.0,0.0,0.0,0.0,0.0,3.0060728,97.889,1.0,-0.339
3966,Kuwait,KWT,2009,22600.0,0.0,0.0,0.0,0.0,3.971806,97.889,1.0,-0.339
3967,Kuwait,KWT,2010,22600.0,0.0,0.0,0.0,0.0,3.756148,97.889,1.0,-0.339
3968,Kuwait,KWT,2011,22600.0,0.0,0.0,0.0,0.0,3.5013974,97.889,1.0,-0.339
3969,Kuwait,KWT,2012,22600.0,0.0,0.0,0.0,0.0,3.4137416,97.889,1.0,-0.339
3970,Kuwait,KWT,2013,22600.0,0.0,0.0,0.0,0.0,3.2715316,97.889,1.0,-0.339
3971,Kuwait,KWT,2014,22600.0,0.0,0.0,0.0,0.0,3.5856183,97.889,1.0,-0.339
3972,Kuwait,KWT,2015,22600.0,26.0,0.0,0.0,26.0,5.007469,97.889,1.0,-0.339
3973,Kuwait,KWT,2016,22600.0,0.0,0.0,0.0,0.0,5.8935194,97.889,1.0,-0.339
3974,Kuwait,KWT,2017,25000.0,0.0,0.0,0.0,0.0,5.6074457,97.889,1.0,-0.2
3975,Kuwait,KWT,2018,24500.0,0.0,0.0,0.0,0.0,5.190855,97.889,1.0,-0.2
3976,Kuwait,KWT,2019,25000.0,0.0,0.0,0.0,0.0,5.323117,97.889,1.0,-0.036
3977,Kuwait,KWT,2020,25000.0,0.0,0.0,0.0,0.0,6.4721727,99.167,1.0,-0.036
3978,Kuwait,KWT,2021,,0.0,0.0,0.0,0.0,6.351581,97.667,1.0,0.383
3979,Kuwait,KWT,2022,,0.0,0.0,0.0,0.0,4.5107546,99.333,1.0,0.346
3980,Kuwait,KWT,2023,,0.0,0.0,0.0,0.0,4.7688584,98.333,1.0,0.346
3981,Kuwait,KWT,2024,,0.0,0.0,0.0,0.0,4.8409324,98.6,1.0,0.346
3982,Kyrgyzstan,KGZ,1989,,0.0,0.0,0.0,0.0,,100.0,0.0,-1.039
3983,Kyrgyzstan,KGZ,1990,,18.0,17.0,136.0,171.0,,,0.0,1.23
3984,Kyrgyzstan,KGZ,1991,,0.0,0.0,0.0,0.0,,97.083,0.0,0.75
3985,Kyrgyzstan,KGZ,1992,12000.0,0.0,0.0,0.0,0.0,1.6423074,97.083,1.0,0.671
3986,Kyrgyzstan,KGZ,1993,12000.0,0.0,0.0,0.0,0.0,1.5317944,97.083,1.0,0.671
3987,Kyrgyzstan,KGZ,1994,13000.0,0.0,0.0,0.0,0.0,2.586362,97.083,1.0,0.323
3988,Kyrgyzstan,KGZ,1995,7000.0,0.0,0.0,0.0,0.0,3.4586158,97.083,1.0,0.323
3989,Kyrgyzstan,KGZ,1996,12000.0,0.0,0.0,0.0,0.0,2.9882731,97.083,1.0,0.12
3990,Kyrgyzstan,KGZ,1997,14200.0,0.0,0.0,0.0,0.0,3.1122673,97.083,1.0,0.12
3991,Kyrgyzstan,KGZ,1998,14200.0,0.0,0.0,0.0,0.0,2.667562,97.083,1.0,0.12
3992,Kyrgyzstan,KGZ,1999,12200.0,3.0,0.0,0.0,3.0,2.6852064,97.083,1.0,0.12
3993,Kyrgyzstan,KGZ,2000,14000.0,0.0,0.0,174.0,174.0,2.878896,97.083,1.0,0.12
3994,Kyrgyzstan,KGZ,2001,14000.0,0.0,0.0,0.0,0.0,2.345037,97.083,1.0,-0.351
3995,Kyrgyzstan,KGZ,2002,15900.0,0.0,0.0,0.0,0.0,2.7266982,97.083,1.0,-0.351
3996,Kyrgyzstan,KGZ,2003,15900.0,0.0,0.0,0.0,0.0,2.8658698,97.083,1.0,-0.351
3997,Kyrgyzstan,KGZ,2004,17000.0,0.0,0.0,0.0,0.0,2.8485115,97.083,1.0,-0.351
3998,Kyrgyzstan,KGZ,2005,18000.0,0.0,0.0,0.0,0.0,3.0776923,97.083,1.0,-0.351
3999,Kyrgyzstan,KGZ,2006,21000.0,0.0,0.0,0.0,0.0,3.168898,97.083,1.0,-0.351
4000,Kyrgyzstan,KGZ,2007,21000.0,0.0,0.0,0.0,0.0,3.0575008,97.083,1.0,-0.351
4001,Kyrgyzstan,KGZ,2008,21000.0,0.0,0.0,0.0,0.0,2.9048724,97.083,1.0,-0.351
4002,Kyrgyzstan,KGZ,2009,20400.0,0.0,0.0,0.0,0.0,3.1761005,97.083,1.0,-0.261
4003,Kyrgyzstan,KGZ,2010,20400.0,5.0,6.0,33.0,44.0,3.8461745,90.0,1.0,-0.041
4004,Kyrgyzstan,KGZ,2011,20400.0,0.0,0.0,0.0,0.0,3.3988361,96.538,1.0,0.35
4005,Kyrgyzstan,KGZ,2012,20400.0,0.0,0.0,0.0,0.0,3.207259,96.538,1.0,0.35
4006,Kyrgyzstan,KGZ,2013,20400.0,0.0,0.0,0.0,0.0,3.1962042,97.125,1.0,0.51
4007,Kyrgyzstan,KGZ,2014,20400.0,0.0,0.0,0.0,0.0,3.3758926,97.125,1.0,0.51
4008,Kyrgyzstan,KGZ,2015,20400.0,0.0,0.0,0.0,0.0,3.4516528,96.727,1.0,0.554
4009,Kyrgyzstan,KGZ,2016,20400.0,0.0,0.0,0.0,0.0,3.3440177,96.818,1.0,0.634
4010,Kyrgyzstan,KGZ,2017,21000.0,0.0,0.0,0.0,0.0,3.1048906,98.4,1.0,0.821
4011,Kyrgyzstan,KGZ,2018,20900.0,0.0,0.0,0.0,0.0,3.0285451,98.4,1.0,0.912
4012,Kyrgyzstan,KGZ,2019,21000.0,0.0,0.0,0.0,0.0,2.7106862,98.556,1.0,0.341
4013,Kyrgyzstan,KGZ,2020,21000.0,0.0,0.0,0.0,0.0,3.1071837,93.832,1.0,0.12
4014,Kyrgyzstan,KGZ,2021,,30.0,6.0,3.0,39.0,2.8402731,99.111,1.0,0.62
4015,Kyrgyzstan,KGZ,2022,,4.0,14.0,37.0,55.0,2.90437,98.429,1.0,0.535
4016,Kyrgyzstan,KGZ,2023,,0.0,0.0,0.0,0.0,3.4549057,99.286,1.0,0.535
4017,Kyrgyzstan,KGZ,2024,,0.0,0.0,0.0,0.0,2.9662037,100.0,1.0,0.535
4018,Laos,LAO,1989,56000.0,0.0,0.0,30.0,30.0,,95.571,1.0,-1.488
4019,Laos,LAO,1990,55000.0,35.0,183.0,31.0,249.0,,95.571,1.0,-1.488
4020,Laos,LAO,1991,53000.0,0.0,0.0,0.0,0.0,,95.571,0.0,-1.488
4021,Laos,LAO,1992,37000.0,0.0,0.0,0.0,0.0,8.675312,95.571,0.0,-1.488
4022,Laos,LAO,1993,37000.0,0.0,0.0,0.0,0.0,8.107511,95.571,0.0,-1.488
4023,Laos,LAO,1994,45000.0,0.0,0.0,0.0,0.0,7.522004,95.571,0.0,-1.488
4024,Laos,LAO,1995,137000.0,0.0,0.0,0.0,0.0,5.8341956,95.571,0.0,-1.488
4025,Laos,LAO,1996,137000.0,0.0,0.0,0.0,0.0,4.186707,95.571,0.0,-1.488
4026,Laos,LAO,1997,129000.0,0.0,0.0,0.0,0.0,3.839007,95.571,0.0,-1.488
4027,Laos,LAO,1998,129100.0,0.0,0.0,0.0,0.0,2.5942173,95.571,0.0,-1.488
4028,Laos,LAO,1999,129100.0,0.0,0.0,0.0,0.0,1.0577426,95.571,0.0,-1.488
4029,Laos,LAO,2000,129100.0,0.0,0.0,0.0,0.0,0.79154325,95.571,0.0,-1.488
4030,Laos,LAO,2001,129100.0,0.0,0.0,0.0,0.0,0.7171152,95.571,0.0,-1.488
4031,Laos,LAO,2002,129100.0,0.0,0.0,0.0,0.0,0.5839349,95.571,0.0,-1.488
4032,Laos,LAO,2003,129100.0,0.0,0.0,0.0,0.0,0.49215695,95.571,0.0,-1.488
4033,Laos,LAO,2004,129000.0,0.0,0.0,0.0,0.0,0.4337253,95.571,0.0,-1.488
4034,Laos,LAO,2005,129000.0,0.0,0.0,0.0,0.0,0.3925086,95.571,0.0,-1.488
4035,Laos,LAO,2006,129000.0,73.0,0.0,0.0,73.0,0.34316275,95.571,0.0,-1.488
4036,Laos,LAO,2007,129000.0,0.0,0.0,0.0,0.0,0.31217378,95.571,0.0,-1.488
4037,Laos,LAO,2008,129000.0,0.0,0.0,0.0,0.0,0.2738209,95.571,0.0,-1.488
4038,Laos,LAO,2009,129100.0,0.0,0.0,0.0,0.0,0.21719477,95.571,0.0,-1.488
4039,Laos,LAO,2010,129100.0,0.0,0.0,0.0,0.0,0.20456712,95.571,0.0,-1.577
4040,Laos,LAO,2011,129100.0,0.0,0.0,0.0,0.0,0.21212655,95.571,0.0,-1.577
4041,Laos,LAO,2012,129100.0,0.0,0.0,0.0,0.0,0.19945507,95.571,0.0,-1.577
4042,Laos,LAO,2013,129100.0,0.0,0.0,0.0,0.0,0.18989518,95.571,0.0,-1.577
4043,Laos,LAO,2014,129100.0,0.0,0.0,0.0,0.0,,95.571,0.0,-1.577
4044,Laos,LAO,2015,129100.0,0.0,0.0,0.0,0.0,,95.571,0.0,-1.577
4045,Laos,LAO,2016,129100.0,0.0,0.0,0.0,0.0,,95.571,0.0,-1.577
4046,Laos,LAO,2017,129000.0,0.0,0.0,0.0,0.0,,98.6,0.0,-1.281
4047,Laos,LAO,2018,129100.0,0.0,0.0,0.0,0.0,,98.6,0.0,-0.933
4048,Laos,LAO,2019,129000.0,0.0,0.0,0.0,0.0,,97.0,0.0,-0.761
4049,Laos,LAO,2020,129000.0,0.0,0.0,0.0,0.0,,97.25,0.0,-0.339
4050,Laos,LAO,2021,,0.0,0.0,0.0,0.0,,96.25,0.0,-0.76
4051,Laos,LAO,2022,,0.0,0.0,0.0,0.0,,98.75,0.0,-1.088
4052,Laos,LAO,2023,,0.0,0.0,0.0,0.0,,97.0,0.0,-1.088
4053,Laos,LAO,2024,,0.0,0.0,0.0,0.0,,95.75,0.0,-0.769
4086,Latvia,LVA,1989,,0.0,0.0,0.0,0.0,,100.0,0.0,-1.039
4087,Latvia,LVA,1990,,0.0,0.0,0.0,0.0,,,2.0,0.571
4088,Latvia,LVA,1991,,1.0,2.0,0.0,3.0,,99.0,2.0,0.998
4089,Latvia,LVA,1992,5000.0,0.0,0.0,0.0,0.0,,99.0,2.0,1.198
4090,Latvia,LVA,1993,5000.0,0.0,0.0,0.0,0.0,0.7352954,99.0,2.0,1.198
4091,Latvia,LVA,1994,6000.0,0.0,0.0,0.0,0.0,0.8387572,99.0,2.0,1.198
4092,Latvia,LVA,1995,11300.0,0.0,0.0,0.0,0.0,0.8315371,95.455,2.0,1.198
4093,Latvia,LVA,1996,12300.0,0.0,0.0,0.0,0.0,0.65794384,95.455,2.0,1.198
4094,Latvia,LVA,1997,8100.0,0.0,0.0,0.0,0.0,0.59826833,95.455,2.0,1.198
4095,Latvia,LVA,1998,8680.0,0.0,0.0,0.0,0.0,0.6047795,95.455,2.0,1.198
4096,Latvia,LVA,1999,9450.0,0.0,0.0,0.0,0.0,0.7723688,95.455,2.0,1.198
4097,Latvia,LVA,2000,8500.0,0.0,0.0,0.0,0.0,0.90176696,95.455,2.0,1.49
4098,Latvia,LVA,2001,10000.0,0.0,0.0,0.0,0.0,1.0618032,95.455,2.0,1.49
4099,Latvia,LVA,2002,8700.0,0.0,0.0,0.0,0.0,1.5917994,95.455,2.0,1.49
4100,Latvia,LVA,2003,8100.0,0.0,0.0,0.0,0.0,1.6822033,95.455,2.0,1.49
4101,Latvia,LVA,2004,5000.0,0.0,0.0,0.0,0.0,1.6586902,95.455,2.0,1.83
4102,Latvia,LVA,2005,5000.0,0.0,0.0,0.0,0.0,1.6714209,95.455,2.0,1.83
4103,Latvia,LVA,2006,17000.0,0.0,0.0,0.0,0.0,1.7999599,94.818,2.0,1.83
4104,Latvia,LVA,2007,17000.0,0.0,0.0,0.0,0.0,1.6364994,94.636,2.0,1.909
4105,Latvia,LVA,2008,5000.0,0.0,0.0,0.0,0.0,1.7043587,95.273,2.0,1.909
4106,Latvia,LVA,2009,5745.0,0.0,0.0,0.0,0.0,1.4159349,95.0,3.0,1.909
4107,Latvia,LVA,2010,4600.0,0.0,0.0,0.0,0.0,1.1061172,98.182,3.0,1.975
4108,Latvia,LVA,2011,5350.0,0.0,0.0,0.0,0.0,1.1073762,98.0,3.0,1.975
4109,Latvia,LVA,2012,5310.0,0.0,0.0,0.0,0.0,0.9429347,98.364,3.0,2.073
4110,Latvia,LVA,2013,5310.0,0.0,0.0,0.0,0.0,0.97284627,97.889,2.0,2.081
4111,Latvia,LVA,2014,5310.0,0.0,0.0,0.0,0.0,0.9780389,97.778,3.0,2.081
4112,Latvia,LVA,2015,5310.0,0.0,0.0,0.0,0.0,1.0735224,97.444,3.0,2.185
4113,Latvia,LVA,2016,5310.0,0.0,0.0,0.0,0.0,1.5017446,96.333,2.0,2.093
4114,Latvia,LVA,2017,6000.0,0.0,0.0,0.0,0.0,1.6527574,95.25,3.0,1.98
4115,Latvia,LVA,2018,6900.0,0.0,0.0,0.0,0.0,2.13473,96.5,3.0,1.98
4116,Latvia,LVA,2019,6000.0,0.0,0.0,0.0,0.0,2.090168,95.857,3.0,1.905
4117,Latvia,LVA,2020,9000.0,0.0,0.0,0.0,0.0,2.2275953,95.429,3.0,1.905
4118,Latvia,LVA,2021,,0.0,0.0,0.0,0.0,2.1557798,95.857,3.0,2.884
4119,Latvia,LVA,2022,,0.0,0.0,0.0,0.0,2.2546194,95.857,3.0,3.43
4120,Latvia,LVA,2023,,0.0,0.0,0.0,0.0,2.9701695,94.833,3.0,3.43
4121,Latvia,LVA,2024,,0.0,0.0,0.0,0.0,3.2579913,93.0,3.0,3.43
4122,Lebanon,LBN,1989,18000.0,106.0,780.0,184.0,1070.0,,64.8,1.0,-1.081
4123,Lebanon,LBN,1990,36000.0,67.0,1204.0,617.0,1888.0,7.551952,64.8,1.0,-1.081
4124,Lebanon,LBN,1991,36000.0,3.0,13.0,24.0,40.0,5.1548886,64.8,1.0,-1.081
4125,Lebanon,LBN,1992,37000.0,35.0,2.0,82.0,119.0,7.9839983,57.2,1.0,-1.081
4126,Lebanon,LBN,1993,37000.0,35.0,38.0,75.0,148.0,6.011279,57.2,1.0,-1.081
4127,Lebanon,LBN,1994,50000.0,13.0,5.0,113.0,131.0,6.9977136,57.2,1.0,-1.081
4128,Lebanon,LBN,1995,62800.0,9.0,3.0,97.0,109.0,6.711928,57.2,1.0,-1.081
4129,Lebanon,LBN,1996,67400.0,137.0,2.0,54.0,193.0,5.6618524,57.2,1.0,-1.081
4130,Lebanon,LBN,1997,73600.0,15.0,2.0,71.0,88.0,4.3051543,57.2,1.0,-1.081
4131,Lebanon,LBN,1998,68100.0,8.0,4.0,73.0,85.0,4.0232525,57.2,1.0,-1.081
4132,Lebanon,LBN,1999,80900.0,11.0,4.0,56.0,71.0,4.770439,57.2,1.0,-1.081
4133,Lebanon,LBN,2000,76600.0,6.0,1.0,45.0,52.0,5.3921003,57.2,1.0,-1.081
4134,Lebanon,LBN,2001,84800.0,0.0,0.0,0.0,0.0,5.447896,61.857,1.0,-1.081
4135,Lebanon,LBN,2002,84800.0,0.0,0.0,0.0,0.0,4.753301,61.857,1.0,-1.081
4136,Lebanon,LBN,2003,85100.0,0.0,0.0,0.0,0.0,4.675691,61.857,1.0,-1.081
4137,Lebanon,LBN,2004,85000.0,0.0,0.0,0.0,0.0,4.5111923,61.857,1.0,-1.081
4138,Lebanon,LBN,2005,85000.0,0.0,0.0,0.0,0.0,4.477395,61.857,1.0,-1.081
4139,Lebanon,LBN,2006,76000.0,740.0,84.0,360.0,1184.0,4.581431,67.286,1.0,-1.081
4140,Lebanon,LBN,2007,76000.0,0.0,0.0,0.0,0.0,4.641005,67.5,1.0,-1.081
4141,Lebanon,LBN,2008,76000.0,0.0,1.0,37.0,38.0,4.016241,68.786,1.0,-1.081
4142,Lebanon,LBN,2009,79100.0,0.0,0.0,0.0,0.0,4.0288677,68.786,1.0,-1.005
4143,Lebanon,LBN,2010,79100.0,0.0,0.0,0.0,0.0,4.123947,69.714,1.0,-0.968
4144,Lebanon,LBN,2011,80000.0,3.0,1.0,0.0,4.0,4.073757,69.714,1.0,-0.968
4145,Lebanon,LBN,2012,80000.0,1.0,52.0,0.0,53.0,3.9921436,68.036,1.0,-0.968
4146,Lebanon,LBN,2013,80000.0,52.0,85.0,42.0,179.0,4.1290827,77.091,1.0,-0.968
4147,Lebanon,LBN,2014,80000.0,58.0,32.0,132.0,222.0,4.7199416,77.0,1.0,-0.968
4148,Lebanon,LBN,2015,80000.0,0.0,46.0,151.0,197.0,4.485171,78.2,1.0,-0.887
4149,Lebanon,LBN,2016,80000.0,5.0,0.0,30.0,35.0,5.0959806,78.2,1.0,-0.826
4150,Lebanon,LBN,2017,80000.0,5.0,35.0,257.0,297.0,4.6033974,78.5,1.0,-1.039
4151,Lebanon,LBN,2018,80000.0,0.0,0.0,0.0,0.0,5.055521,78.9,1.0,-1.041
4152,Lebanon,LBN,2019,80000.0,0.0,0.0,0.0,0.0,4.7393827,75.9,1.0,-1.157
4153,Lebanon,LBN,2020,80000.0,0.0,0.0,0.0,0.0,3.0266583,72.6,1.0,-1.159
4154,Lebanon,LBN,2021,,0.0,0.0,0.0,0.0,1.6090542,73.889,1.0,-1.159
4155,Lebanon,LBN,2022,,0.0,0.0,0.0,0.0,1.3950377,73.444,1.0,-1.257
4156,Lebanon,LBN,2023,,21.0,18.0,84.0,123.0,1.6240922,74.0,1.0,-1.613
4157,Lebanon,LBN,2024,,1026.0,2261.0,1048.0,4335.0,2.5882852,68.143,1.0,-1.514
4158,Lesotho,LSO,1989,2000.0,0.0,0.0,0.0,0.0,4.3077145,79.636,0.0,-0.582
4159,Lesotho,LSO,1990,2000.0,0.0,0.0,0.0,0.0,3.5504758,79.636,0.0,-0.582
4160,Lesotho,LSO,1991,2000.0,0.0,0.0,0.0,0.0,2.8888469,79.636,0.0,-0.582
4161,Lesotho,LSO,1992,2000.0,0.0,0.0,0.0,0.0,2.7064536,79.636,0.0,-0.582
4162,Lesotho,LSO,1993,2000.0,0.0,0.0,0.0,0.0,2.4754727,79.636,2.0,0.235
4163,Lesotho,LSO,1994,2000.0,0.0,0.0,0.0,0.0,2.7411225,79.636,1.0,0.235
4164,Lesotho,LSO,1995,2000.0,0.0,0.0,0.0,0.0,3.2418895,79.636,0.0,0.235
4165,Lesotho,LSO,1996,2000.0,0.0,0.0,0.0,0.0,2.8246737,79.636,0.0,0.235
4166,Lesotho,LSO,1997,2000.0,0.0,0.0,0.0,0.0,2.7121773,79.636,0.0,0.235
4167,Lesotho,LSO,1998,2000.0,41.0,10.0,27.0,78.0,2.8519285,79.636,1.0,0.235
4168,Lesotho,LSO,1999,2000.0,0.0,0.0,0.0,0.0,3.5624511,79.636,0.0,0.235
4169,Lesotho,LSO,2000,2000.0,0.0,0.0,0.0,0.0,3.284926,79.636,0.0,0.235
4170,Lesotho,LSO,2001,2000.0,0.0,0.0,0.0,0.0,2.744178,79.636,0.0,0.235
4171,Lesotho,LSO,2002,2000.0,0.0,0.0,0.0,0.0,2.516393,79.636,2.0,0.235
4172,Lesotho,LSO,2003,2000.0,0.0,0.0,0.0,0.0,2.369001,79.636,2.0,0.235
4173,Lesotho,LSO,2004,2000.0,0.0,0.0,0.0,0.0,2.1316628,79.636,2.0,0.235
4174,Lesotho,LSO,2005,2000.0,0.0,0.0,0.0,0.0,2.0492597,79.636,2.0,0.235
4175,Lesotho,LSO,2006,2000.0,0.0,0.0,0.0,0.0,2.074225,79.636,2.0,0.235
4176,Lesotho,LSO,2007,2000.0,0.0,0.0,0.0,0.0,2.3681545,79.636,2.0,0.235
4177,Lesotho,LSO,2008,2000.0,0.0,0.0,0.0,0.0,1.5479208,79.636,2.0,0.235
4178,Lesotho,LSO,2009,2000.0,0.0,0.0,0.0,0.0,2.7226818,79.636,2.0,0.235
4179,Lesotho,LSO,2010,2000.0,0.0,0.0,0.0,0.0,3.1625285,79.636,2.0,-0.115
4180,Lesotho,LSO,2011,2000.0,0.0,0.0,0.0,0.0,2.255523,79.636,2.0,-0.115
4181,Lesotho,LSO,2012,2000.0,0.0,0.0,0.0,0.0,2.1482399,79.636,2.0,-0.115
4182,Lesotho,LSO,2013,2000.0,0.0,0.0,0.0,0.0,2.026532,78.9,2.0,0.341
4183,Lesotho,LSO,2014,2000.0,0.0,0.0,0.0,0.0,1.9537961,78.9,2.0,0.341
4184,Lesotho,LSO,2015,2000.0,0.0,0.0,0.0,0.0,1.8657529,78.9,2.0,0.071
4185,Lesotho,LSO,2016,2000.0,0.0,0.0,0.0,0.0,1.9638885,78.9,2.0,0.071
4186,Lesotho,LSO,2017,2000.0,0.0,0.0,0.0,0.0,2.2708147,79.6,2.0,-0.042
4187,Lesotho,LSO,2018,2000.0,0.0,0.0,0.0,0.0,1.9993829,83.3,2.0,0.073
4188,Lesotho,LSO,2019,2000.0,0.0,0.0,0.0,0.0,1.8754042,95.2,2.0,0.418
4189,Lesotho,LSO,2020,2000.0,0.0,0.0,0.0,0.0,1.881468,86.3,2.0,0.689
4190,Lesotho,LSO,2021,,0.0,0.0,0.0,0.0,1.535566,96.0,2.0,0.642
4191,Lesotho,LSO,2022,,0.0,0.0,0.0,0.0,1.4729016,96.222,2.0,0.642
4192,Lesotho,LSO,2023,,0.0,0.0,0.0,0.0,1.6252797,93.25,2.0,0.053
4193,Lesotho,LSO,2024,,0.0,0.0,0.0,0.0,1.5674502,91.875,2.0,0.053
4194,Liberia,LBR,1989,7000.0,0.0,3.0,24.0,27.0,,83.0,1.0,-1.793
4195,Liberia,LBR,1990,8000.0,3388.0,62.0,279.0,3729.0,,33.8,,-1.934
4196,Liberia,LBR,1991,5000.0,268.0,0.0,306.0,574.0,7.183908,33.8,0.0,-1.934
4197,Liberia,LBR,1992,2000.0,404.0,0.0,43.0,447.0,10.134229,33.8,0.0,-1.934
4198,Liberia,LBR,1993,,2560.0,5.0,99.0,2664.0,18.98379,42.8,0.0,-1.934
4199,Liberia,LBR,1994,,3721.0,286.0,148.0,4155.0,29.727686,42.8,0.0,-1.934
4200,Liberia,LBR,1995,21000.0,2282.0,3.0,0.0,2285.0,,42.8,0.0,-1.934
4201,Liberia,LBR,1996,22000.0,1104.0,1931.0,34.0,3069.0,,42.8,0.0,-1.786
4202,Liberia,LBR,1997,22000.0,0.0,0.0,0.0,0.0,,81.0,1.0,-2.343
4203,Liberia,LBR,1998,14000.0,0.0,0.0,0.0,0.0,,81.0,1.0,-2.343
4204,Liberia,LBR,1999,5300.0,70.0,0.0,0.0,70.0,,77.0,1.0,-2.343
4205,Liberia,LBR,2000,15000.0,44.0,0.0,57.0,101.0,,77.0,1.0,-2.343
4206,Liberia,LBR,2001,15000.0,129.0,276.0,56.0,461.0,,72.6,1.0,-2.343
4207,Liberia,LBR,2002,15000.0,1812.0,107.0,340.0,2259.0,,72.6,1.0,-2.343
4208,Liberia,LBR,2003,15000.0,1960.0,1156.0,165.0,3281.0,,52.4,0.0,-2.343
4209,Liberia,LBR,2004,,0.0,0.0,0.0,0.0,0.5044593,77.0,0.0,-1.449
4210,Liberia,LBR,2005,15000.0,0.0,0.0,0.0,0.0,0.68506354,85.636,0.0,-0.863
4211,Liberia,LBR,2006,2000.0,0.0,0.0,0.0,0.0,0.35171324,85.636,2.0,-0.836
4212,Liberia,LBR,2007,2000.0,0.0,0.0,0.0,0.0,0.21443453,86.909,2.0,-0.836
4213,Liberia,LBR,2008,2000.0,0.0,0.0,0.0,0.0,0.29206443,86.909,2.0,-0.836
4214,Liberia,LBR,2009,2040.0,0.0,0.0,0.0,0.0,0.38184136,89.273,2.0,-0.836
4215,Liberia,LBR,2010,2040.0,0.0,0.0,0.0,0.0,0.4568667,91.417,2.0,-0.836
4216,Liberia,LBR,2011,2050.0,0.0,0.0,0.0,0.0,0.53591883,91.417,2.0,-0.836
4217,Liberia,LBR,2012,2050.0,0.0,0.0,0.0,0.0,0.56743926,91.417,2.0,-0.836
4218,Liberia,LBR,2013,2050.0,0.0,0.0,0.0,0.0,0.49643564,92.167,2.0,-0.455
4219,Liberia,LBR,2014,2050.0,0.0,0.0,0.0,0.0,0.4702589,92.167,2.0,-0.455
4220,Liberia,LBR,2015,2050.0,0.0,0.0,0.0,0.0,0.47862226,92.167,2.0,-0.455
4221,Liberia,LBR,2016,2050.0,0.0,0.0,0.0,0.0,0.45184276,92.167,2.0,-0.455
4222,Liberia,LBR,2017,2000.0,0.0,0.0,0.0,0.0,0.4015507,91.4,2.0,0.226
4223,Liberia,LBR,2018,2100.0,0.0,0.0,0.0,0.0,0.40530023,89.333,2.0,-0.218
4224,Liberia,LBR,2019,2000.0,0.0,0.0,0.0,0.0,0.41886362,86.833,2.0,-0.311
4225,Liberia,LBR,2020,2000.0,0.0,0.0,0.0,0.0,0.4247942,87.167,2.0,-0.031
4226,Liberia,LBR,2021,,0.0,0.0,0.0,0.0,0.8470504,91.5,2.0,-0.031
4227,Liberia,LBR,2022,,0.0,0.0,0.0,0.0,1.3134876,91.0,2.0,-0.031
4228,Liberia,LBR,2023,,0.0,0.0,0.0,0.0,1.4241003,92.25,2.0,-0.031
4229,Liberia,LBR,2024,,0.0,0.0,0.0,0.0,0.7112069,92.75,2.0,-0.031
4230,Libya,LBY,1989,86000.0,0.0,0.0,0.0,0.0,,93.8,0.0,-1.566
4231,Libya,LBY,1990,86000.0,0.0,0.0,0.0,0.0,,93.8,0.0,-1.566
4232,Libya,LBY,1991,86000.0,0.0,0.0,0.0,0.0,,93.8,0.0,-1.566
4233,Libya,LBY,1992,85000.0,0.0,0.0,0.0,0.0,,93.8,0.0,-1.566
4234,Libya,LBY,1993,85000.0,0.0,0.0,0.0,0.0,,93.0,0.0,-1.566
4235,Libya,LBY,1994,80000.0,0.0,0.0,0.0,0.0,,93.0,0.0,-1.566
4236,Libya,LBY,1995,80500.0,0.0,0.0,24.0,24.0,,93.0,0.0,-1.566
4237,Libya,LBY,1996,65500.0,0.0,0.0,0.0,0.0,,93.0,0.0,-1.566
4238,Libya,LBY,1997,65500.0,0.0,0.0,0.0,0.0,4.078027,93.0,0.0,-1.566
4239,Libya,LBY,1998,65500.0,0.0,0.0,0.0,0.0,5.2974415,93.0,0.0,-1.566
4240,Libya,LBY,1999,65500.0,0.0,0.0,0.0,0.0,3.7838604,93.0,0.0,-1.566
4241,Libya,LBY,2000,76500.0,0.0,0.0,0.0,0.0,3.1468637,93.0,0.0,-1.566
4242,Libya,LBY,2001,76500.0,0.0,0.0,0.0,0.0,2.413508,93.0,0.0,-1.566
4243,Libya,LBY,2002,76500.0,0.0,0.0,0.0,0.0,2.0692387,93.0,0.0,-1.566
4244,Libya,LBY,2003,76500.0,0.0,0.0,0.0,0.0,2.072048,93.0,0.0,-1.566
4245,Libya,LBY,2004,76000.0,0.0,0.0,0.0,0.0,2.0710745,93.0,0.0,-1.566
4246,Libya,LBY,2005,76000.0,0.0,0.0,0.0,0.0,1.5281112,93.0,0.0,-1.566
4247,Libya,LBY,2006,76000.0,0.0,0.0,0.0,0.0,1.1203355,93.222,0.0,-1.566
4248,Libya,LBY,2007,76000.0,0.0,0.0,0.0,0.0,0.94667745,93.111,0.0,-1.566
4249,Libya,LBY,2008,76000.0,0.0,0.0,0.0,0.0,1.4898511,93.222,0.0,-1.566
4250,Libya,LBY,2009,76000.0,0.0,0.0,0.0,0.0,,93.222,0.0,-1.566
4251,Libya,LBY,2010,,0.0,0.0,0.0,0.0,,93.222,0.0,-1.566
4252,Libya,LBY,2011,,242.0,1816.0,1859.0,3917.0,,65.981,0.0,-1.802
4253,Libya,LBY,2012,7000.0,0.0,138.0,239.0,377.0,3.745604,71.608,1.0,-0.932
4254,Libya,LBY,2013,7000.0,0.0,7.0,27.0,34.0,7.639331,59.875,2.0,-1.402
4255,Libya,LBY,2014,0.0,129.0,970.0,340.0,1439.0,15.479576,51.439,0.0,-1.824
4256,Libya,LBY,2015,,275.0,302.0,996.0,1573.0,,45.5,0.0,-2.147
4257,Libya,LBY,2016,,37.0,211.0,2077.0,2325.0,,47.125,0.0,-2.147
4258,Libya,LBY,2017,,62.0,216.0,813.0,1091.0,,46.25,0.0,-1.82
4259,Libya,LBY,2018,,81.0,145.0,438.0,664.0,,45.75,0.0,-2.658
4260,Libya,LBY,2019,,288.0,898.0,599.0,1785.0,,41.875,0.0,-2.658
4261,Libya,LBY,2020,0.0,135.0,37.0,501.0,673.0,,43.875,0.0,-2.658
4262,Libya,LBY,2021,,0.0,0.0,0.0,0.0,,40.857,0.0,-2.658
4263,Libya,LBY,2022,,0.0,0.0,0.0,0.0,4.3466606,40.429,0.0,-2.371
4264,Libya,LBY,2023,,0.0,0.0,0.0,0.0,5.287051,43.667,0.0,-2.371
4265,Libya,LBY,2024,,0.0,0.0,2.0,2.0,,43.5,0.0,-2.371
4266,Liechtenstein,LIE,1989,,0.0,0.0,0.0,0.0,,,,
4267,Liechtenstein,LIE,1990,,0.0,0.0,0.0,0.0,,,,
4268,Liechtenstein,LIE,1991,,0.0,0.0,0.0,0.0,,,,
4269,Liechtenstein,LIE,1992,,0.0,0.0,0.0,0.0,,,,
4270,Liechtenstein,LIE,1993,,0.0,0.0,0.0,0.0,,,,
4271,Liechtenstein,LIE,1994,,0.0,0.0,0.0,0.0,,,,
4272,Liechtenstein,LIE,1995,,0.0,0.0,0.0,0.0,,,,
4273,Liechtenstein,LIE,1996,,0.0,0.0,0.0,0.0,,,,
4274,Liechtenstein,LIE,1997,,0.0,0.0,0.0,0.0,,,,
4275,Liechtenstein,LIE,1998,,0.0,0.0,0.0,0.0,,,,
4276,Liechtenstein,LIE,1999,,0.0,0.0,0.0,0.0,,,,
4277,Liechtenstein,LIE,2000,,0.0,0.0,0.0,0.0,,,,
4278,Liechtenstein,LIE,2001,,0.0,0.0,0.0,0.0,,,,
4279,Liechtenstein,LIE,2002,,0.0,0.0,0.0,0.0,,,,
4280,Liechtenstein,LIE,2003,,0.0,0.0,0.0,0.0,,,,
4281,Liechtenstein,LIE,2004,,0.0,0.0,0.0,0.0,,,,
4282,Liechtenstein,LIE,2005,,0.0,0.0,0.0,0.0,,,,
4283,Liechtenstein,LIE,2006,,0.0,0.0,0.0,0.0,,,,
4284,Liechtenstein,LIE,2007,,0.0,0.0,0.0,0.0,,,,
4285,Liechtenstein,LIE,2008,,0.0,0.0,0.0,0.0,,,,
4286,Liechtenstein,LIE,2009,,0.0,0.0,0.0,0.0,,,,
4287,Liechtenstein,LIE,2010,,0.0,0.0,0.0,0.0,,,,
4288,Liechtenstein,LIE,2011,,0.0,0.0,0.0,0.0,,,,
4289,Liechtenstein,LIE,2012,,0.0,0.0,0.0,0.0,,,,
4290,Liechtenstein,LIE,2013,,0.0,0.0,0.0,0.0,,,,
4291,Liechtenstein,LIE,2014,,0.0,0.0,0.0,0.0,,,,
4292,Liechtenstein,LIE,2015,,0.0,0.0,0.0,0.0,,,,
4293,Liechtenstein,LIE,2016,,0.0,0.0,0.0,0.0,,,,
4294,Liechtenstein,LIE,2017,,0.0,0.0,0.0,0.0,,,,
4295,Liechtenstein,LIE,2018,,0.0,0.0,0.0,0.0,,,,
4296,Liechtenstein,LIE,2019,,0.0,0.0,0.0,0.0,,,,
4297,Liechtenstein,LIE,2020,,0.0,0.0,0.0,0.0,,,,
4298,Liechtenstein,LIE,2021,,0.0,0.0,0.0,0.0,,,,
4299,Liechtenstein,LIE,2022,,0.0,0.0,0.0,0.0,,,,
4300,Liechtenstein,LIE,2023,,0.0,0.0,0.0,0.0,,,,
4301,Liechtenstein,LIE,2024,,0.0,0.0,0.0,0.0,,,,
4302,Lithuania,LTU,1989,,0.0,0.0,0.0,0.0,,100.0,0.0,-1.039
4303,Lithuania,LTU,1990,,0.0,0.0,0.0,0.0,,,2.0,1.153
4304,Lithuania,LTU,1991,,14.0,1.0,0.0,15.0,,97.217,2.0,1.153
4305,Lithuania,LTU,1992,10000.0,0.0,0.0,0.0,0.0,,99.6,2.0,1.153
4306,Lithuania,LTU,1993,10000.0,0.0,0.0,0.0,0.0,0.8122606,99.734,3.0,1.153
4307,Lithuania,LTU,1994,10000.0,0.0,0.0,0.0,0.0,0.4933776,100.0,3.0,1.153
4308,Lithuania,LTU,1995,8900.0,0.0,0.0,0.0,0.0,0.4514802,100.0,3.0,1.153
4309,Lithuania,LTU,1996,9900.0,0.0,0.0,0.0,0.0,0.5012839,100.0,3.0,1.153
4310,Lithuania,LTU,1997,10050.0,0.0,0.0,0.0,0.0,0.7435846,100.0,3.0,1.153
4311,Lithuania,LTU,1998,15030.0,0.0,0.0,0.0,0.0,1.2239405,100.0,3.0,1.153
4312,Lithuania,LTU,1999,16030.0,0.0,0.0,0.0,0.0,0.9657707,100.0,3.0,1.153
4313,Lithuania,LTU,2000,16600.0,0.0,0.0,0.0,0.0,1.2154903,100.0,3.0,1.153
4314,Lithuania,LTU,2001,17200.0,0.0,0.0,0.0,0.0,1.3610258,100.0,3.0,1.308
4315,Lithuania,LTU,2002,27300.0,0.0,0.0,0.0,0.0,1.2709385,100.0,3.0,1.308
4316,Lithuania,LTU,2003,27300.0,0.0,0.0,0.0,0.0,1.1208338,100.0,3.0,1.308
4317,Lithuania,LTU,2004,28000.0,0.0,0.0,0.0,0.0,1.1910406,100.0,3.0,1.274
4318,Lithuania,LTU,2005,29000.0,0.0,0.0,0.0,0.0,1.1631185,100.0,3.0,1.274
4319,Lithuania,LTU,2006,24000.0,0.0,0.0,0.0,0.0,1.1677918,100.0,3.0,1.274
4320,Lithuania,LTU,2007,24000.0,0.0,0.0,0.0,0.0,1.1127313,100.0,3.0,1.274
4321,Lithuania,LTU,2008,24000.0,0.0,0.0,0.0,0.0,1.1308112,100.0,3.0,1.274
4322,Lithuania,LTU,2009,25240.0,0.0,0.0,0.0,0.0,1.0797352,100.0,3.0,1.274
4323,Lithuania,LTU,2010,25240.0,0.0,0.0,0.0,0.0,0.8904239,100.0,3.0,1.533
4324,Lithuania,LTU,2011,23350.0,0.0,0.0,0.0,0.0,0.7970825,100.0,3.0,1.533
4325,Lithuania,LTU,2012,23350.0,0.0,0.0,0.0,0.0,0.7691734,100.0,3.0,1.533
4326,Lithuania,LTU,2013,21950.0,0.0,0.0,0.0,0.0,0.76652825,100.0,3.0,1.715
4327,Lithuania,LTU,2014,27400.0,0.0,0.0,0.0,0.0,0.8837317,100.0,3.0,1.715
4328,Lithuania,LTU,2015,28330.0,0.0,0.0,0.0,0.0,1.1348609,100.0,3.0,1.715
4329,Lithuania,LTU,2016,29650.0,0.0,0.0,0.0,0.0,1.4801383,100.0,2.0,1.589
4330,Lithuania,LTU,2017,34000.0,0.0,0.0,0.0,0.0,1.7121412,100.0,2.0,1.589
4331,Lithuania,LTU,2018,39550.0,0.0,0.0,0.0,0.0,1.9478794,100.0,2.0,1.589
4332,Lithuania,LTU,2019,37000.0,0.0,0.0,0.0,0.0,1.9841902,100.0,2.0,1.589
4333,Lithuania,LTU,2020,37000.0,0.0,0.0,0.0,0.0,2.0491555,100.0,2.0,1.589
4334,Lithuania,LTU,2021,,0.0,0.0,0.0,0.0,1.949553,100.0,2.0,1.293
4335,Lithuania,LTU,2022,,0.0,0.0,0.0,0.0,2.444576,100.0,2.0,1.293
4336,Lithuania,LTU,2023,,0.0,0.0,0.0,0.0,2.7130005,100.0,2.0,1.293
4337,Lithuania,LTU,2024,,0.0,0.0,0.0,0.0,3.1181748,100.0,2.0,1.293
4401,Luxembourg,LUX,1989,1000.0,0.0,0.0,0.0,0.0,0.78845835,100.0,3.0,3.091
4402,Luxembourg,LUX,1990,1000.0,0.0,0.0,0.0,0.0,0.78834474,100.0,3.0,3.091
4403,Luxembourg,LUX,1991,1000.0,0.0,0.0,0.0,0.0,0.81138515,100.0,3.0,3.091
4404,Luxembourg,LUX,1992,1000.0,0.0,0.0,0.0,0.0,0.8271984,100.0,3.0,3.091
4405,Luxembourg,LUX,1993,1000.0,0.0,0.0,0.0,0.0,0.70715445,100.0,3.0,3.091
4406,Luxembourg,LUX,1994,1000.0,0.0,0.0,0.0,0.0,0.7415615,100.0,3.0,3.091
4407,Luxembourg,LUX,1995,1400.0,0.0,0.0,0.0,0.0,0.6163123,100.0,3.0,3.091
4408,Luxembourg,LUX,1996,1400.0,0.0,0.0,0.0,0.0,0.6117953,100.0,3.0,3.091
4409,Luxembourg,LUX,1997,1360.0,0.0,0.0,0.0,0.0,0.61916405,100.0,3.0,3.091
4410,Luxembourg,LUX,1998,1360.0,0.0,0.0,0.0,0.0,0.6417964,100.0,3.0,3.091
4411,Luxembourg,LUX,1999,1400.0,0.0,0.0,0.0,0.0,0.58038086,100.0,3.0,3.091
4412,Luxembourg,LUX,2000,1400.0,0.0,0.0,0.0,0.0,0.54632926,100.0,3.0,3.091
4413,Luxembourg,LUX,2001,1500.0,0.0,0.0,0.0,0.0,0.67721146,100.0,3.0,3.091
4414,Luxembourg,LUX,2002,1500.0,0.0,0.0,0.0,0.0,0.5887874,100.0,3.0,3.091
4415,Luxembourg,LUX,2003,1500.0,0.0,0.0,0.0,0.0,0.60626554,100.0,3.0,3.091
4416,Luxembourg,LUX,2004,1512.0,0.0,0.0,0.0,0.0,0.60573095,100.0,3.0,3.091
4417,Luxembourg,LUX,2005,1512.0,0.0,0.0,0.0,0.0,0.58477616,100.0,3.0,3.091
4418,Luxembourg,LUX,2006,1512.0,0.0,0.0,0.0,0.0,0.5207877,100.0,3.0,3.091
4419,Luxembourg,LUX,2007,1512.0,0.0,0.0,0.0,0.0,0.50162405,100.0,3.0,3.091
4420,Luxembourg,LUX,2008,1612.0,0.0,0.0,0.0,0.0,0.36491278,100.0,3.0,3.091
4421,Luxembourg,LUX,2009,1512.0,0.0,0.0,0.0,0.0,0.37131175,100.0,3.0,3.091
4422,Luxembourg,LUX,2010,1512.0,0.0,0.0,0.0,0.0,0.4410095,100.0,3.0,3.091
4423,Luxembourg,LUX,2011,1510.0,0.0,0.0,0.0,0.0,0.3767756,100.0,3.0,3.091
4424,Luxembourg,LUX,2012,1510.0,0.0,0.0,0.0,0.0,0.35893726,100.0,3.0,3.091
4425,Luxembourg,LUX,2013,1510.0,0.0,0.0,0.0,0.0,0.35849237,100.0,3.0,3.091
4426,Luxembourg,LUX,2014,1510.0,0.0,0.0,0.0,0.0,0.36685684,100.0,3.0,3.091
4427,Luxembourg,LUX,2015,1500.0,0.0,0.0,0.0,0.0,0.41557154,100.0,3.0,3.091
4428,Luxembourg,LUX,2016,1500.0,0.0,0.0,0.0,0.0,0.37894914,100.0,3.0,3.091
4429,Luxembourg,LUX,2017,2000.0,0.0,0.0,0.0,0.0,0.49511093,100.0,3.0,3.091
4430,Luxembourg,LUX,2018,1900.0,0.0,0.0,0.0,0.0,0.50065565,100.0,3.0,3.091
4431,Luxembourg,LUX,2019,1000.0,0.0,0.0,0.0,0.0,0.54619837,100.0,3.0,3.091
4432,Luxembourg,LUX,2020,1000.0,0.0,0.0,0.0,0.0,0.5780771,100.0,3.0,3.091
4433,Luxembourg,LUX,2021,,0.0,0.0,0.0,0.0,0.47124922,100.0,3.0,3.091
4434,Luxembourg,LUX,2022,,0.0,0.0,0.0,0.0,0.6253258,100.0,3.0,3.091
4435,Luxembourg,LUX,2023,,0.0,0.0,0.0,0.0,0.7731794,100.0,3.0,3.091
4436,Luxembourg,LUX,2024,,0.0,0.0,0.0,0.0,0.9626792,100.0,3.0,3.091
4438,Madagascar,MDG,1989,21000.0,0.0,0.0,0.0,0.0,1.2108653,75.286,1.0,-0.699
4439,Madagascar,MDG,1990,21000.0,0.0,0.0,0.0,0.0,1.231511,75.286,1.0,-0.699
4440,Madagascar,MDG,1991,21000.0,0.0,0.0,0.0,0.0,1.296349,75.286,1.0,-0.699
4441,Madagascar,MDG,1992,21000.0,0.0,0.0,0.0,0.0,0.76992184,73.286,1.0,-0.526
4442,Madagascar,MDG,1993,21000.0,0.0,0.0,0.0,0.0,1.122324,76.429,1.0,-0.526
4443,Madagascar,MDG,1994,21000.0,0.0,0.0,0.0,0.0,0.92647344,76.429,2.0,-0.526
4444,Madagascar,MDG,1995,28500.0,0.0,0.0,0.0,0.0,0.859888,76.429,2.0,-0.526
4445,Madagascar,MDG,1996,28500.0,0.0,0.0,0.0,0.0,1.2376344,76.429,2.0,-0.526
4446,Madagascar,MDG,1997,28500.0,0.0,0.0,0.0,0.0,1.4819124,76.429,2.0,-0.755
4447,Madagascar,MDG,1998,28500.0,0.0,0.0,0.0,0.0,1.3489275,76.429,2.0,-0.755
4448,Madagascar,MDG,1999,28500.0,0.0,0.0,0.0,0.0,1.2102292,76.429,2.0,-0.755
4449,Madagascar,MDG,2000,28500.0,0.0,0.0,0.0,0.0,1.2175139,76.429,2.0,-0.434
4450,Madagascar,MDG,2001,21600.0,0.0,0.0,0.0,0.0,1.4358475,76.429,1.0,-0.434
4451,Madagascar,MDG,2002,21600.0,8.0,17.0,54.0,79.0,1.3131616,68.0,1.0,-0.113
4452,Madagascar,MDG,2003,21600.0,0.0,0.0,0.0,0.0,1.3247573,81.25,1.0,0.269
4453,Madagascar,MDG,2004,21000.0,0.0,0.0,0.0,0.0,1.2482266,81.25,1.0,0.269
4454,Madagascar,MDG,2005,22000.0,0.0,0.0,0.0,0.0,1.0719416,81.25,1.0,0.269
4455,Madagascar,MDG,2006,,0.0,0.0,0.0,0.0,0.97743124,81.25,1.0,0.269
4456,Madagascar,MDG,2007,22000.0,0.0,0.0,0.0,0.0,0.9611815,81.25,1.0,0.269
4457,Madagascar,MDG,2008,22000.0,0.0,0.0,0.0,0.0,0.96289206,81.25,1.0,0.269
4458,Madagascar,MDG,2009,21600.0,31.0,82.0,0.0,113.0,0.73813295,78.375,0.0,-1.354
4459,Madagascar,MDG,2010,21600.0,0.0,0.0,0.0,0.0,0.5702147,77.25,0.0,-1.244
4460,Madagascar,MDG,2011,21600.0,0.0,0.0,0.0,0.0,0.623191,74.875,0.0,-1.244
4461,Madagascar,MDG,2012,21600.0,0.0,0.0,0.0,0.0,0.592765,74.875,0.0,-1.244
4462,Madagascar,MDG,2013,21600.0,0.0,0.0,0.0,0.0,0.57855994,71.857,0.0,-1.705
4463,Madagascar,MDG,2014,21600.0,0.0,0.0,0.0,0.0,0.55639124,75.571,1.0,-1.562
4464,Madagascar,MDG,2015,21600.0,0.0,0.0,0.0,0.0,0.52046925,75.571,1.0,-1.471
4465,Madagascar,MDG,2016,21600.0,0.0,0.0,0.0,0.0,0.50138706,75.571,1.0,-1.471
4466,Madagascar,MDG,2017,22000.0,0.0,0.0,0.0,0.0,0.5062223,75.571,1.0,-1.471
4467,Madagascar,MDG,2018,21500.0,0.0,0.0,0.0,0.0,0.53210217,81.5,1.0,-1.471
4468,Madagascar,MDG,2019,22000.0,0.0,0.0,0.0,0.0,0.54534304,81.5,1.0,-0.541
4469,Madagascar,MDG,2020,22000.0,0.0,0.0,0.0,0.0,0.6731539,81.5,2.0,-0.541
4470,Madagascar,MDG,2021,,0.0,0.0,0.0,0.0,0.6788648,81.5,1.0,-0.541
4471,Madagascar,MDG,2022,,0.0,0.0,0.0,0.0,0.6531512,81.5,1.0,-0.541
4472,Madagascar,MDG,2023,,0.0,0.0,0.0,0.0,0.647758,81.5,1.0,-0.541
4473,Madagascar,MDG,2024,,0.0,0.0,0.0,0.0,0.70864815,82.4,1.0,-0.541
4474,Malawi,MWI,1989,7000.0,0.0,0.0,0.0,0.0,0.6131376,90.2,1.0,-0.67
4475,Malawi,MWI,1990,7000.0,0.0,0.0,0.0,0.0,0.5758115,90.2,1.0,-0.67
4476,Malawi,MWI,1991,8000.0,0.0,0.0,0.0,0.0,0.44059142,90.2,1.0,-0.67
4477,Malawi,MWI,1992,10000.0,0.0,0.0,0.0,0.0,0.57440627,98.812,1.0,-0.67
4478,Malawi,MWI,1993,10000.0,0.0,0.0,0.0,0.0,0.5088953,98.812,1.0,-0.67
4479,Malawi,MWI,1994,10000.0,0.0,0.0,0.0,0.0,0.582363,98.812,1.0,-0.505
4480,Malawi,MWI,1995,9500.0,0.0,0.0,0.0,0.0,0.32378998,98.812,2.0,-0.261
4481,Malawi,MWI,1996,10800.0,0.0,0.0,0.0,0.0,0.36184713,98.812,2.0,-0.261
4482,Malawi,MWI,1997,6000.0,0.0,0.0,0.0,0.0,0.4061144,98.812,2.0,-0.407
4483,Malawi,MWI,1998,6000.0,0.0,0.0,0.0,0.0,0.33864167,98.812,2.0,-0.407
4484,Malawi,MWI,1999,6000.0,0.0,0.0,0.0,0.0,0.3321703,98.812,2.0,-0.407
4485,Malawi,MWI,2000,6000.0,0.0,0.0,0.0,0.0,0.27549502,98.812,1.0,-0.407
4486,Malawi,MWI,2001,6800.0,0.0,0.0,0.0,0.0,0.30354065,98.812,1.0,-0.415
4487,Malawi,MWI,2002,6800.0,0.0,0.0,0.0,0.0,0.3010113,98.812,1.0,-0.415
4488,Malawi,MWI,2003,6800.0,0.0,0.0,0.0,0.0,0.29033569,98.812,1.0,-0.415
4489,Malawi,MWI,2004,6000.0,0.0,0.0,0.0,0.0,0.44877002,98.812,1.0,-0.415
4490,Malawi,MWI,2005,7000.0,0.0,0.0,0.0,0.0,0.74237365,98.812,1.0,-0.415
4491,Malawi,MWI,2006,7000.0,0.0,0.0,0.0,0.0,0.5523092,98.812,1.0,-0.415
4492,Malawi,MWI,2007,7000.0,0.0,0.0,0.0,0.0,0.53831816,98.812,1.0,-0.415
4493,Malawi,MWI,2008,7000.0,0.0,0.0,0.0,0.0,0.5934944,98.812,1.0,-0.415
4494,Malawi,MWI,2009,5300.0,0.0,0.0,0.0,0.0,0.6745045,98.812,1.0,-0.469
4495,Malawi,MWI,2010,5300.0,0.0,0.0,0.0,0.0,0.51008546,98.812,2.0,-0.646
4496,Malawi,MWI,2011,6800.0,0.0,0.0,0.0,0.0,0.4685578,98.812,2.0,-0.646
4497,Malawi,MWI,2012,6800.0,0.0,0.0,0.0,0.0,0.5437716,98.812,2.0,-0.646
4498,Malawi,MWI,2013,6800.0,0.0,0.0,0.0,0.0,0.80979055,98.846,2.0,-0.242
4499,Malawi,MWI,2014,6800.0,0.0,0.0,0.0,0.0,0.58077127,98.846,2.0,-0.242
4500,Malawi,MWI,2015,6800.0,0.0,0.0,0.0,0.0,0.45082527,98.846,2.0,0.358
4501,Malawi,MWI,2016,14900.0,0.0,0.0,0.0,0.0,0.45204765,98.333,2.0,0.567
4502,Malawi,MWI,2017,15000.0,0.0,0.0,0.0,0.0,0.53010017,100.0,2.0,0.356
4503,Malawi,MWI,2018,14700.0,0.0,0.0,0.0,0.0,0.5895015,100.0,2.0,0.356
4504,Malawi,MWI,2019,15000.0,0.0,0.0,0.0,0.0,0.7607815,99.8,1.0,-0.005
4505,Malawi,MWI,2020,15000.0,0.0,0.0,0.0,0.0,0.8342812,99.6,2.0,1.097
4506,Malawi,MWI,2021,,0.0,0.0,0.0,0.0,0.73031515,99.7,2.0,1.2
4507,Malawi,MWI,2022,,0.0,0.0,0.0,0.0,0.93323493,98.444,2.0,1.2
4508,Malawi,MWI,2023,,0.0,0.0,0.0,0.0,1.1653578,99.375,2.0,1.077
4509,Malawi,MWI,2024,,0.0,0.0,0.0,0.0,1.0249604,75.333,2.0,1.077
4510,Malaysia,MYS,1989,115000.0,0.0,0.0,0.0,0.0,2.6237016,97.5,1.0,-0.882
4511,Malaysia,MYS,1990,130000.0,0.0,0.0,0.0,0.0,2.5554035,97.833,1.0,-0.882
4512,Malaysia,MYS,1991,128000.0,0.0,0.0,0.0,0.0,3.1992838,97.833,1.0,-0.882
4513,Malaysia,MYS,1992,128000.0,0.0,0.0,0.0,0.0,2.9864218,97.833,1.0,-0.882
4514,Malaysia,MYS,1993,115000.0,0.0,0.0,0.0,0.0,2.8752453,97.833,1.0,-0.882
4515,Malaysia,MYS,1994,115000.0,0.0,0.0,0.0,0.0,2.8471153,97.833,1.0,-0.882
4516,Malaysia,MYS,1995,140300.0,0.0,0.0,0.0,0.0,2.7513452,97.833,1.0,-0.882
4517,Malaysia,MYS,1996,140300.0,0.0,0.0,0.0,0.0,2.4005644,97.833,1.0,-0.882
4518,Malaysia,MYS,1997,131600.0,0.0,0.0,0.0,0.0,2.0855587,97.833,1.0,-0.882
4519,Malaysia,MYS,1998,130100.0,0.0,0.0,0.0,0.0,1.6053355,97.833,1.0,-0.882
4520,Malaysia,MYS,1999,125100.0,0.0,0.0,0.0,0.0,2.1014814,97.833,1.0,-0.882
4521,Malaysia,MYS,2000,116100.0,0.0,0.0,0.0,0.0,1.6346756,97.833,1.0,-1.019
4522,Malaysia,MYS,2001,120600.0,0.0,0.0,0.0,0.0,2.0849228,97.833,1.0,-1.019
4523,Malaysia,MYS,2002,120100.0,0.0,0.0,0.0,0.0,2.2191315,97.833,1.0,-1.019
4524,Malaysia,MYS,2003,124100.0,0.0,0.0,0.0,0.0,2.614807,97.833,1.0,-1.019
4525,Malaysia,MYS,2004,130000.0,0.0,0.0,0.0,0.0,2.263062,97.833,1.0,-1.019
4526,Malaysia,MYS,2005,135000.0,0.0,0.0,0.0,0.0,2.1739292,97.833,1.0,-0.515
4527,Malaysia,MYS,2006,134000.0,0.0,0.0,0.0,0.0,2.0075972,97.833,1.0,-0.515
4528,Malaysia,MYS,2007,134000.0,0.0,0.0,0.0,0.0,1.9585024,97.833,1.0,-0.515
4529,Malaysia,MYS,2008,134000.0,0.0,0.0,0.0,0.0,1.8248436,97.833,1.0,-0.515
4530,Malaysia,MYS,2009,133600.0,0.0,0.0,0.0,0.0,1.8714869,97.833,1.0,-0.515
4531,Malaysia,MYS,2010,133600.0,0.0,0.0,0.0,0.0,1.49021,97.75,1.0,-0.515
4532,Malaysia,MYS,2011,133600.0,0.0,0.0,0.0,0.0,1.5528532,97.75,1.0,-0.515
4533,Malaysia,MYS,2012,133600.0,0.0,0.0,0.0,0.0,1.4133307,97.75,1.0,-0.515
4534,Malaysia,MYS,2013,133600.0,2.0,32.0,36.0,70.0,1.4992958,97.75,1.0,-0.281
4535,Malaysia,MYS,2014,133600.0,0.0,0.0,0.0,0.0,1.455113,97.75,1.0,-0.281
4536,Malaysia,MYS,2015,133600.0,0.0,0.0,0.0,0.0,1.5038984,97.75,1.0,-0.281
4537,Malaysia,MYS,2016,133600.0,0.0,0.0,0.0,0.0,1.3843348,97.75,1.0,-0.281
4538,Malaysia,MYS,2017,136000.0,0.0,0.0,2.0,2.0,1.1003346,97.286,1.0,-0.281
4539,Malaysia,MYS,2018,136000.0,0.0,0.0,0.0,0.0,0.96010417,97.286,1.0,0.262
4540,Malaysia,MYS,2019,136000.0,0.0,0.0,0.0,0.0,0.8934133,97.286,1.0,0.475
4541,Malaysia,MYS,2020,136000.0,0.0,0.0,0.0,0.0,0.9996539,97.286,1.0,-0.395
4542,Malaysia,MYS,2021,,0.0,0.0,0.0,0.0,0.982647,97.286,1.0,-0.395
4543,Malaysia,MYS,2022,,0.0,0.0,0.0,0.0,0.9020254,97.286,1.0,-0.395
4544,Malaysia,MYS,2023,,0.0,0.0,0.0,0.0,0.98146677,97.286,2.0,-0.395
4545,Malaysia,MYS,2024,,0.0,0.0,0.0,0.0,0.98755676,98.5,2.0,-0.395
4546,Maldives,MDV,1989,,0.0,0.0,0.0,0.0,,98.0,1.0,-1.089
4547,Maldives,MDV,1990,,0.0,0.0,0.0,0.0,,98.0,1.0,-1.089
4548,Maldives,MDV,1991,,0.0,0.0,0.0,0.0,,98.0,1.0,-1.089
4549,Maldives,MDV,1992,,0.0,0.0,0.0,0.0,,98.0,1.0,-1.089
4550,Maldives,MDV,1993,,0.0,0.0,0.0,0.0,,98.0,1.0,-1.089
4551,Maldives,MDV,1994,,0.0,0.0,0.0,0.0,,98.0,1.0,-1.089
4552,Maldives,MDV,1995,,0.0,0.0,0.0,0.0,,98.0,1.0,-1.089
4553,Maldives,MDV,1996,,0.0,0.0,0.0,0.0,,98.0,1.0,-1.089
4554,Maldives,MDV,1997,,0.0,0.0,0.0,0.0,,98.0,1.0,-1.089
4555,Maldives,MDV,1998,5000.0,0.0,0.0,0.0,0.0,,98.0,1.0,-1.089
4556,Maldives,MDV,1999,5000.0,0.0,0.0,0.0,0.0,,98.0,1.0,-1.089
4557,Maldives,MDV,2000,5000.0,0.0,0.0,0.0,0.0,,98.0,1.0,-1.408
4558,Maldives,MDV,2001,,0.0,0.0,0.0,0.0,,98.0,1.0,-1.408
4559,Maldives,MDV,2002,,0.0,0.0,0.0,0.0,,98.0,1.0,-1.408
4560,Maldives,MDV,2003,,0.0,0.0,0.0,0.0,,98.0,1.0,-1.408
4561,Maldives,MDV,2004,,0.0,0.0,0.0,0.0,,98.0,0.0,-1.408
4562,Maldives,MDV,2005,,0.0,0.0,0.0,0.0,,98.0,1.0,-1.408
4563,Maldives,MDV,2006,,1.0,0.0,0.0,1.0,,98.0,1.0,-1.408
4564,Maldives,MDV,2007,,0.0,0.0,0.0,0.0,,98.0,1.0,-1.408
4565,Maldives,MDV,2008,,3.0,0.0,0.0,3.0,,98.0,1.0,-1.076
4566,Maldives,MDV,2009,,0.0,0.0,0.0,0.0,,98.0,2.0,-0.418
4567,Maldives,MDV,2010,,0.0,0.0,0.0,0.0,,98.0,2.0,-0.353
4568,Maldives,MDV,2011,,0.0,0.0,0.0,0.0,,98.0,2.0,-0.353
4569,Maldives,MDV,2012,,0.0,0.0,0.0,0.0,,98.0,2.0,-1.011
4570,Maldives,MDV,2013,,0.0,0.0,0.0,0.0,,97.7,1.0,-0.684
4571,Maldives,MDV,2014,,0.0,0.0,0.0,0.0,,97.7,1.0,-0.841
4572,Maldives,MDV,2015,,0.0,0.0,0.0,0.0,,97.7,1.0,-1.436
4573,Maldives,MDV,2016,,0.0,0.0,0.0,0.0,,97.7,1.0,-1.436
4574,Maldives,MDV,2017,,0.0,0.0,0.0,0.0,,96.571,1.0,-1.436
4575,Maldives,MDV,2018,,0.0,0.0,0.0,0.0,,95.143,1.0,-0.958
4576,Maldives,MDV,2019,,0.0,0.0,0.0,0.0,,96.857,2.0,-0.075
4577,Maldives,MDV,2020,,0.0,0.0,0.0,0.0,,96.286,2.0,-0.075
4578,Maldives,MDV,2021,,0.0,0.0,0.0,0.0,,95.5,2.0,-0.075
4579,Maldives,MDV,2022,,0.0,0.0,0.0,0.0,,95.667,2.0,-0.075
4580,Maldives,MDV,2023,,0.0,0.0,0.0,0.0,,95.5,2.0,-0.075
4581,Maldives,MDV,2024,,0.0,0.0,0.0,0.0,,94.8,2.0,-0.075
4582,Mali,MLI,1989,8000.0,0.0,0.0,0.0,0.0,2.1120112,76.929,1.0,-0.487
4583,Mali,MLI,1990,13000.0,125.0,0.0,457.0,582.0,1.9564941,76.929,1.0,-0.421
4584,Mali,MLI,1991,13000.0,185.0,0.0,50.0,235.0,,76.929,0.0,-0.256
4585,Mali,MLI,1992,12000.0,77.0,0.0,0.0,77.0,,76.929,1.0,-0.376
4586,Mali,MLI,1993,12000.0,0.0,0.0,0.0,0.0,1.5637934,76.929,2.0,-0.376
4587,Mali,MLI,1994,12000.0,596.0,30.0,83.0,709.0,1.4380262,76.929,2.0,-0.376
4588,Mali,MLI,1995,15200.0,0.0,0.0,0.0,0.0,1.4970171,76.929,2.0,-0.376
4589,Mali,MLI,1996,15200.0,0.0,0.0,0.0,0.0,1.4284106,76.929,2.0,-0.376
4590,Mali,MLI,1997,15150.0,0.0,0.0,22.0,22.0,1.4968523,76.929,2.0,-0.832
4591,Mali,MLI,1998,15150.0,0.0,0.0,0.0,0.0,1.4046323,76.929,2.0,-0.832
4592,Mali,MLI,1999,15200.0,0.0,59.0,0.0,59.0,1.4922899,76.929,2.0,-0.832
4593,Mali,MLI,2000,15200.0,0.0,0.0,0.0,0.0,1.4786497,76.929,2.0,-0.832
4594,Mali,MLI,2001,15200.0,0.0,0.0,0.0,0.0,1.2951722,76.929,2.0,-0.832
4595,Mali,MLI,2002,15200.0,0.0,0.0,0.0,0.0,1.2688504,76.929,2.0,-0.832
4596,Mali,MLI,2003,12200.0,0.0,0.0,0.0,0.0,1.4193331,76.929,2.0,-0.832
4597,Mali,MLI,2004,11000.0,0.0,0.0,0.0,0.0,1.4219989,76.929,2.0,-0.832
4598,Mali,MLI,2005,12000.0,0.0,12.0,0.0,12.0,1.384312,76.929,2.0,-0.832
4599,Mali,MLI,2006,12000.0,0.0,0.0,0.0,0.0,1.3914154,78.5,2.0,-0.832
4600,Mali,MLI,2007,12000.0,12.0,0.0,27.0,39.0,1.355034,78.5,2.0,-0.832
4601,Mali,MLI,2008,12000.0,10.0,1.0,101.0,112.0,1.4657149,78.5,2.0,-0.832
4602,Mali,MLI,2009,12150.0,1.0,0.0,126.0,127.0,1.4186642,78.5,2.0,-0.832
4603,Mali,MLI,2010,12150.0,2.0,0.0,20.0,22.0,1.3745668,76.357,2.0,-0.832
4604,Mali,MLI,2011,12150.0,1.0,0.0,0.0,1.0,1.2410333,73.929,2.0,-0.697
4605,Mali,MLI,2012,7800.0,1.0,63.0,266.0,330.0,1.1964058,66.143,1.0,-0.697
4606,Mali,MLI,2013,11800.0,52.0,30.0,777.0,859.0,1.1613791,75.0,1.0,-0.608
4607,Mali,MLI,2014,13800.0,0.0,56.0,224.0,280.0,1.5159339,76.417,2.0,-0.608
4608,Mali,MLI,2015,15800.0,7.0,6.0,201.0,214.0,2.3601744,76.417,2.0,-0.608
4609,Mali,MLI,2016,17800.0,5.0,27.0,131.0,163.0,2.5861309,75.833,2.0,-0.608
4610,Mali,MLI,2017,18000.0,55.0,25.0,454.0,534.0,3.028601,73.444,2.0,-0.706
4611,Mali,MLI,2018,21000.0,584.0,108.0,587.0,1279.0,2.8235955,75.722,1.0,-0.709
4612,Mali,MLI,2019,21000.0,527.0,9.0,621.0,1157.0,2.7527165,80.0,1.0,-0.744
4613,Mali,MLI,2020,41000.0,552.0,318.0,641.0,1511.0,3.3995583,80.0,0.0,-0.687
4614,Mali,MLI,2021,,250.0,29.0,989.0,1268.0,3.3817754,70.0,0.0,-0.687
4615,Mali,MLI,2022,,1793.0,328.0,1517.0,3638.0,3.090917,72.5,0.0,-0.723
4616,Mali,MLI,2023,,738.0,248.0,1079.0,2065.0,3.7736416,83.333,0.0,-0.244
4617,Mali,MLI,2024,,759.0,131.0,986.0,1876.0,4.198147,82.0,0.0,-0.612
4618,Malta,MLT,1989,2000.0,0.0,0.0,0.0,0.0,1.1081848,100.0,2.0,2.0
4619,Malta,MLT,1990,2000.0,0.0,0.0,0.0,0.0,0.914918,100.0,2.0,2.0
4620,Malta,MLT,1991,2000.0,0.0,0.0,0.0,0.0,0.8711199,100.0,2.0,2.0
4621,Malta,MLT,1992,2000.0,0.0,0.0,0.0,0.0,0.9731834,100.0,2.0,2.0
4622,Malta,MLT,1993,2000.0,0.0,0.0,0.0,0.0,1.0019611,100.0,2.0,2.0
4623,Malta,MLT,1994,2000.0,0.0,0.0,0.0,0.0,1.024059,100.0,2.0,2.0
4624,Malta,MLT,1995,1900.0,0.0,0.0,0.0,0.0,0.83962995,100.0,2.0,2.0
4625,Malta,MLT,1996,2000.0,0.0,0.0,0.0,0.0,0.87105715,100.0,2.0,2.0
4626,Malta,MLT,1997,1950.0,0.0,0.0,0.0,0.0,0.82234925,100.0,2.0,2.0
4627,Malta,MLT,1998,1900.0,0.0,0.0,0.0,0.0,0.72520727,100.0,2.0,2.0
4628,Malta,MLT,1999,1900.0,0.0,0.0,0.0,0.0,0.68064004,100.0,2.0,2.0
4629,Malta,MLT,2000,2100.0,0.0,0.0,0.0,0.0,0.62807816,100.0,2.0,2.0
4630,Malta,MLT,2001,2100.0,0.0,0.0,0.0,0.0,0.66619,100.0,2.0,2.0
4631,Malta,MLT,2002,2100.0,0.0,0.0,0.0,0.0,0.63756067,100.0,2.0,2.0
4632,Malta,MLT,2003,2100.0,0.0,0.0,0.0,0.0,0.62982476,100.0,2.0,2.0
4633,Malta,MLT,2004,2000.0,0.0,0.0,0.0,0.0,0.663925,100.0,2.0,2.0
4634,Malta,MLT,2005,2000.0,0.0,0.0,0.0,0.0,0.8225266,100.0,2.0,2.0
4635,Malta,MLT,2006,2000.0,0.0,0.0,0.0,0.0,0.655774,100.0,2.0,2.0
4636,Malta,MLT,2007,2000.0,0.0,0.0,0.0,0.0,0.61898315,100.0,2.0,2.0
4637,Malta,MLT,2008,2000.0,0.0,0.0,0.0,0.0,0.6133547,100.0,2.0,2.0
4638,Malta,MLT,2009,2121.0,0.0,0.0,0.0,0.0,0.6767239,100.0,2.0,2.0
4639,Malta,MLT,2010,2127.0,0.0,0.0,0.0,0.0,0.6462127,100.0,2.0,2.0
4640,Malta,MLT,2011,2120.0,0.0,0.0,0.0,0.0,0.5717057,100.0,2.0,2.0
4641,Malta,MLT,2012,2130.0,0.0,0.0,0.0,0.0,0.5194757,100.0,2.0,2.0
4642,Malta,MLT,2013,2130.0,0.0,0.0,0.0,0.0,0.49834037,100.0,2.0,1.634
4643,Malta,MLT,2014,2130.0,0.0,0.0,0.0,0.0,0.4760263,100.0,2.0,1.358
4644,Malta,MLT,2015,2130.0,0.0,0.0,0.0,0.0,0.45693287,100.0,2.0,1.358
4645,Malta,MLT,2016,2130.0,0.0,0.0,0.0,0.0,0.4966601,100.0,2.0,1.109
4646,Malta,MLT,2017,2000.0,0.0,0.0,0.0,0.0,0.45670265,100.0,2.0,1.109
4647,Malta,MLT,2018,1750.0,0.0,0.0,0.0,0.0,0.4141766,100.0,2.0,1.109
4648,Malta,MLT,2019,2000.0,0.0,0.0,0.0,0.0,0.49125817,100.0,2.0,1.109
4649,Malta,MLT,2020,2000.0,0.0,0.0,0.0,0.0,0.52767426,100.0,2.0,1.109
4650,Malta,MLT,2021,,0.0,0.0,0.0,0.0,0.44608516,100.0,2.0,1.365
4651,Malta,MLT,2022,,0.0,0.0,0.0,0.0,0.41183499,100.0,2.0,1.365
4652,Malta,MLT,2023,,0.0,0.0,0.0,0.0,0.50486624,100.0,2.0,1.365
4653,Malta,MLT,2024,,0.0,0.0,0.0,0.0,0.45112336,100.0,2.0,1.365
4654,Marshall Islands,MHL,1989,,0.0,0.0,0.0,0.0,,,,
4655,Marshall Islands,MHL,1990,,0.0,0.0,0.0,0.0,,,,
4656,Marshall Islands,MHL,1991,,0.0,0.0,0.0,0.0,,,,
4657,Marshall Islands,MHL,1992,,0.0,0.0,0.0,0.0,,,,
4658,Marshall Islands,MHL,1993,,0.0,0.0,0.0,0.0,,,,
4659,Marshall Islands,MHL,1994,,0.0,0.0,0.0,0.0,,,,
4660,Marshall Islands,MHL,1995,,0.0,0.0,0.0,0.0,,,,
4661,Marshall Islands,MHL,1996,,0.0,0.0,0.0,0.0,,,,
4662,Marshall Islands,MHL,1997,,0.0,0.0,0.0,0.0,,,,
4663,Marshall Islands,MHL,1998,,0.0,0.0,0.0,0.0,,,,
4664,Marshall Islands,MHL,1999,,0.0,0.0,0.0,0.0,,,,
4665,Marshall Islands,MHL,2000,,0.0,0.0,0.0,0.0,,,,
4666,Marshall Islands,MHL,2001,,0.0,0.0,0.0,0.0,,,,
4667,Marshall Islands,MHL,2002,,0.0,0.0,0.0,0.0,,,,
4668,Marshall Islands,MHL,2003,,0.0,0.0,0.0,0.0,,,,
4669,Marshall Islands,MHL,2004,,0.0,0.0,0.0,0.0,,,,
4670,Marshall Islands,MHL,2005,,0.0,0.0,0.0,0.0,,,,
4671,Marshall Islands,MHL,2006,,0.0,0.0,0.0,0.0,,,,
4672,Marshall Islands,MHL,2007,,0.0,0.0,0.0,0.0,,,,
4673,Marshall Islands,MHL,2008,,0.0,0.0,0.0,0.0,,,,
4674,Marshall Islands,MHL,2009,,0.0,0.0,0.0,0.0,,,,
4675,Marshall Islands,MHL,2010,,0.0,0.0,0.0,0.0,,,,
4676,Marshall Islands,MHL,2011,,0.0,0.0,0.0,0.0,,,,
4677,Marshall Islands,MHL,2012,,0.0,0.0,0.0,0.0,,,,
4678,Marshall Islands,MHL,2013,,0.0,0.0,0.0,0.0,,,,
4679,Marshall Islands,MHL,2014,,0.0,0.0,0.0,0.0,,,,
4680,Marshall Islands,MHL,2015,,0.0,0.0,0.0,0.0,,,,
4681,Marshall Islands,MHL,2016,,0.0,0.0,0.0,0.0,,,,
4682,Marshall Islands,MHL,2017,,0.0,0.0,0.0,0.0,,,,
4683,Marshall Islands,MHL,2018,,0.0,0.0,0.0,0.0,,,,
4684,Marshall Islands,MHL,2019,,0.0,0.0,0.0,0.0,,,,
4685,Marshall Islands,MHL,2020,,0.0,0.0,0.0,0.0,,,,
4686,Marshall Islands,MHL,2021,,0.0,0.0,0.0,0.0,,,,
4687,Marshall Islands,MHL,2022,,0.0,0.0,0.0,0.0,,,,
4688,Marshall Islands,MHL,2023,,0.0,0.0,0.0,0.0,,,,
4689,Marshall Islands,MHL,2024,,0.0,0.0,0.0,0.0,,,,
4691,Mauritania,MRT,1989,16000.0,19.0,2.0,100.0,121.0,3.9611368,81.0,0.0,0.473
4692,Mauritania,MRT,1990,17000.0,27.0,0.0,0.0,27.0,3.8279266,81.0,0.0,0.473
4693,Mauritania,MRT,1991,17000.0,0.0,0.0,0.0,0.0,3.6005125,81.0,0.0,0.473
4694,Mauritania,MRT,1992,16000.0,0.0,0.0,0.0,0.0,2.6890664,81.0,1.0,0.473
4695,Mauritania,MRT,1993,16000.0,0.0,0.0,0.0,0.0,2.412423,81.0,1.0,0.473
4696,Mauritania,MRT,1994,11000.0,0.0,20.0,0.0,20.0,2.240862,81.0,1.0,0.473
4697,Mauritania,MRT,1995,20700.0,0.0,0.0,0.0,0.0,2.2601547,81.0,1.0,0.473
4698,Mauritania,MRT,1996,20700.0,0.0,0.0,0.0,0.0,2.626341,81.0,1.0,0.473
4699,Mauritania,MRT,1997,20650.0,0.0,0.0,0.0,0.0,2.9672601,81.0,1.0,0.473
4700,Mauritania,MRT,1998,20650.0,0.0,0.0,0.0,0.0,1.8624411,81.0,1.0,0.473
4701,Mauritania,MRT,1999,20650.0,0.0,0.0,0.0,0.0,2.2736378,81.0,1.0,0.473
4702,Mauritania,MRT,2000,20700.0,0.0,0.0,0.0,0.0,2.9280055,81.0,1.0,0.594
4703,Mauritania,MRT,2001,20600.0,0.0,0.0,0.0,0.0,4.0023847,81.0,1.0,0.594
4704,Mauritania,MRT,2002,20700.0,0.0,0.0,0.0,0.0,2.7393835,81.0,1.0,0.852
4705,Mauritania,MRT,2003,20700.0,0.0,0.0,0.0,0.0,3.995276,81.0,1.0,0.496
4706,Mauritania,MRT,2004,20000.0,0.0,0.0,0.0,0.0,3.83812,81.0,1.0,0.496
4707,Mauritania,MRT,2005,21000.0,0.0,0.0,0.0,0.0,3.0515556,81.0,0.0,0.496
4708,Mauritania,MRT,2006,21000.0,0.0,0.0,0.0,0.0,2.6936471,81.0,0.0,0.759
4709,Mauritania,MRT,2007,21000.0,4.0,0.0,0.0,4.0,,81.0,1.0,0.759
4710,Mauritania,MRT,2008,21000.0,0.0,0.0,0.0,0.0,3.059334,90.125,0.0,0.989
4711,Mauritania,MRT,2009,20870.0,1.0,0.0,0.0,1.0,3.1353242,90.125,1.0,0.789
4712,Mauritania,MRT,2010,20870.0,0.0,0.0,7.0,7.0,,90.125,1.0,0.789
4713,Mauritania,MRT,2011,20850.0,0.0,0.0,0.0,0.0,,90.125,1.0,0.789
4714,Mauritania,MRT,2012,20850.0,0.0,0.0,0.0,0.0,2.1149747,90.688,1.0,0.789
4715,Mauritania,MRT,2013,20850.0,0.0,0.0,0.0,0.0,1.9965973,89.75,1.0,-1.316
4716,Mauritania,MRT,2014,20850.0,0.0,0.0,0.0,0.0,2.1970952,89.75,1.0,-1.316
4717,Mauritania,MRT,2015,20850.0,0.0,0.0,0.0,0.0,2.1555724,89.75,1.0,-1.413
4718,Mauritania,MRT,2016,20850.0,0.0,0.0,0.0,0.0,2.1454878,83.25,1.0,-1.413
4719,Mauritania,MRT,2017,21000.0,0.0,0.0,0.0,0.0,2.1210985,86.25,1.0,-0.997
4720,Mauritania,MRT,2018,20850.0,0.0,0.0,0.0,0.0,2.1312823,90.0,1.0,-0.792
4721,Mauritania,MRT,2019,21000.0,0.0,0.0,0.0,0.0,1.996333,91.571,1.0,-0.227
4722,Mauritania,MRT,2020,21000.0,0.0,0.0,0.0,0.0,2.389269,88.75,1.0,-0.338
4723,Mauritania,MRT,2021,,0.0,0.0,0.0,0.0,2.293995,88.75,1.0,-0.886
4724,Mauritania,MRT,2022,,0.0,0.0,0.0,0.0,2.0590386,88.429,1.0,-0.886
4725,Mauritania,MRT,2023,,0.0,0.0,0.0,0.0,2.2604804,87.857,1.0,-0.359
4726,Mauritania,MRT,2024,,3.0,0.0,0.0,3.0,2.155047,87.857,1.0,-0.865
4727,Mauritius,MUS,1989,1000.0,0.0,0.0,0.0,0.0,0.29001623,90.6,3.0,1.567
4728,Mauritius,MUS,1990,1000.0,0.0,0.0,0.0,0.0,0.34609532,90.6,3.0,1.567
4729,Mauritius,MUS,1991,1000.0,0.0,0.0,0.0,0.0,0.3674218,90.6,3.0,1.567
4730,Mauritius,MUS,1992,1000.0,0.0,0.0,0.0,0.0,0.35442406,90.6,3.0,1.567
4731,Mauritius,MUS,1993,1000.0,0.0,0.0,0.0,0.0,0.3302542,90.6,3.0,1.567
4732,Mauritius,MUS,1994,1000.0,0.0,0.0,0.0,0.0,0.33314556,90.6,3.0,1.567
4733,Mauritius,MUS,1995,1800.0,0.0,0.0,0.0,0.0,0.3328256,90.6,3.0,1.567
4734,Mauritius,MUS,1996,1800.0,0.0,0.0,0.0,0.0,0.29339018,90.6,3.0,1.567
4735,Mauritius,MUS,1997,1800.0,0.0,0.0,0.0,0.0,0.2340789,90.6,3.0,1.567
4736,Mauritius,MUS,1998,1800.0,0.0,0.0,0.0,0.0,0.20281482,90.6,3.0,1.567
4737,Mauritius,MUS,1999,1800.0,0.0,0.0,0.0,0.0,0.20813528,90.6,3.0,1.567
4738,Mauritius,MUS,2000,1800.0,0.0,0.0,0.0,0.0,0.20071882,90.6,3.0,1.567
4739,Mauritius,MUS,2001,1600.0,0.0,0.0,0.0,0.0,0.19458039,90.6,3.0,1.567
4740,Mauritius,MUS,2002,2000.0,0.0,0.0,0.0,0.0,0.19627003,90.6,3.0,1.567
4741,Mauritius,MUS,2003,2000.0,0.0,0.0,0.0,0.0,0.18710278,90.6,3.0,1.567
4742,Mauritius,MUS,2004,,0.0,0.0,0.0,0.0,0.16621685,90.6,3.0,1.567
4743,Mauritius,MUS,2005,2000.0,0.0,0.0,0.0,0.0,0.16067405,90.6,3.0,1.567
4744,Mauritius,MUS,2006,,0.0,0.0,0.0,0.0,0.1538565,90.6,3.0,1.567
4745,Mauritius,MUS,2007,2000.0,0.0,0.0,0.0,0.0,0.14272505,90.6,3.0,1.567
4746,Mauritius,MUS,2008,2000.0,0.0,0.0,0.0,0.0,0.15595207,90.6,3.0,1.567
4747,Mauritius,MUS,2009,2000.0,0.0,0.0,0.0,0.0,0.16777718,90.6,3.0,1.567
4748,Mauritius,MUS,2010,2000.0,0.0,0.0,0.0,0.0,0.1486896,90.6,3.0,1.567
4749,Mauritius,MUS,2011,2500.0,0.0,0.0,0.0,0.0,0.15203525,90.6,3.0,1.567
4750,Mauritius,MUS,2012,2500.0,0.0,0.0,0.0,0.0,0.1427944,90.6,3.0,1.567
4751,Mauritius,MUS,2013,2500.0,0.0,0.0,0.0,0.0,0.18873324,90.6,3.0,1.171
4752,Mauritius,MUS,2014,2500.0,0.0,0.0,0.0,0.0,0.15101749,90.6,2.0,0.666
4753,Mauritius,MUS,2015,2550.0,0.0,0.0,0.0,0.0,0.14230192,90.6,2.0,0.587
4754,Mauritius,MUS,2016,2550.0,0.0,0.0,0.0,0.0,0.17470177,90.6,2.0,0.587
4755,Mauritius,MUS,2017,3000.0,0.0,0.0,0.0,0.0,0.1653763,89.625,2.0,0.41
4756,Mauritius,MUS,2018,3000.0,0.0,0.0,0.0,0.0,0.1563853,89.625,2.0,0.41
4757,Mauritius,MUS,2019,3000.0,0.0,0.0,0.0,0.0,0.14879674,85.667,2.0,0.41
4758,Mauritius,MUS,2020,3000.0,0.0,0.0,0.0,0.0,0.16161536,85.833,2.0,-0.919
4759,Mauritius,MUS,2021,,0.0,0.0,0.0,0.0,0.17137711,84.167,2.0,-1.174
4760,Mauritius,MUS,2022,,0.0,0.0,0.0,0.0,0.1386987,84.0,1.0,-0.902
4761,Mauritius,MUS,2023,,0.0,0.0,0.0,0.0,0.14048907,83.6,1.0,-0.467
4762,Mauritius,MUS,2024,,0.0,0.0,0.0,0.0,0.14959086,83.6,1.0,0.13
4764,Mexico,MEX,1989,154000.0,0.0,0.0,2.0,2.0,0.5172558,96.0,1.0,-0.588
4765,Mexico,MEX,1990,175000.0,0.0,0.0,0.0,0.0,0.43308103,96.0,1.0,-0.233
4766,Mexico,MEX,1991,175000.0,0.0,0.0,0.0,0.0,0.4354023,96.0,1.0,-0.233
4767,Mexico,MEX,1992,175000.0,0.0,0.0,0.0,0.0,0.46945465,96.0,1.0,-0.233
4768,Mexico,MEX,1993,175000.0,0.0,27.0,0.0,27.0,0.4004413,96.0,1.0,-0.233
4769,Mexico,MEX,1994,175000.0,3.0,39.0,103.0,145.0,0.47601148,94.6,1.0,-0.049
4770,Mexico,MEX,1995,189000.0,0.0,0.0,1.0,1.0,0.41104454,95.0,1.0,-0.049
4771,Mexico,MEX,1996,190000.0,4.0,12.0,21.0,37.0,0.4356911,95.0,2.0,-0.049
4772,Mexico,MEX,1997,190000.0,45.0,0.0,0.0,45.0,0.41724387,95.8,2.0,0.114
4773,Mexico,MEX,1998,190000.0,0.0,0.0,0.0,0.0,0.4059876,95.8,2.0,0.114
4774,Mexico,MEX,1999,193770.0,0.0,0.0,0.0,0.0,0.42026377,95.8,2.0,0.114
4775,Mexico,MEX,2000,207800.0,0.0,0.0,0.0,0.0,0.40851814,90.8,2.0,0.257
4776,Mexico,MEX,2001,203800.0,0.0,0.0,0.0,0.0,0.40567923,89.154,2.0,0.251
4777,Mexico,MEX,2002,203800.0,0.0,26.0,0.0,26.0,0.39131635,89.154,2.0,0.251
4778,Mexico,MEX,2003,203800.0,0.0,0.0,0.0,0.0,0.38671434,89.154,2.0,0.251
4779,Mexico,MEX,2004,203000.0,1.0,213.0,2.0,216.0,0.3483266,89.154,2.0,0.251
4780,Mexico,MEX,2005,204000.0,0.0,198.0,6.0,204.0,0.34040463,89.154,2.0,0.251
4781,Mexico,MEX,2006,280000.0,1.0,661.0,7.0,669.0,0.2974834,89.538,2.0,0.251
4782,Mexico,MEX,2007,286000.0,1.0,1931.0,7.0,1939.0,0.38309243,89.385,2.0,0.066
4783,Mexico,MEX,2008,305000.0,8.0,3709.0,19.0,3736.0,0.37317675,89.077,2.0,0.066
4784,Mexico,MEX,2009,331750.0,30.0,5463.0,106.0,5599.0,0.4784888,86.385,2.0,0.066
4785,Mexico,MEX,2010,331750.0,87.0,6025.0,90.0,6202.0,0.4332299,85.714,2.0,0.066
4786,Mexico,MEX,2011,329750.0,278.0,4591.0,75.0,4944.0,0.447387,85.857,2.0,0.066
4787,Mexico,MEX,2012,329750.0,48.0,5720.0,160.0,5928.0,0.45550203,85.786,2.0,0.066
4788,Mexico,MEX,2013,325450.0,19.0,4373.0,56.0,4448.0,0.48764288,85.786,2.0,-0.022
4789,Mexico,MEX,2014,336050.0,34.0,3235.0,34.0,3303.0,0.49532104,87.727,2.0,-0.022
4790,Mexico,MEX,2015,336050.0,15.0,4422.0,47.0,4484.0,0.4507428,86.7,2.0,-0.022
4791,Mexico,MEX,2016,336050.0,6.0,4243.0,26.0,4275.0,0.48004627,86.7,2.0,-0.022
4792,Mexico,MEX,2017,336000.0,26.0,9638.0,52.0,9716.0,0.42484915,86.8,2.0,-0.281
4793,Mexico,MEX,2018,348000.0,13.0,11111.0,51.0,11175.0,0.46461156,87.5,2.0,-0.054
4794,Mexico,MEX,2019,328000.0,25.0,10262.0,129.0,10416.0,0.5093376,87.5,2.0,-0.074
4795,Mexico,MEX,2020,341000.0,101.0,13134.0,88.0,13323.0,0.7176906,86.5,2.0,-0.074
4796,Mexico,MEX,2021,,111.0,14665.0,244.0,15020.0,0.65940416,89.286,2.0,-0.36
4797,Mexico,MEX,2022,,155.0,12201.0,152.0,12508.0,0.6858193,91.167,2.0,-0.36
4798,Mexico,MEX,2023,,73.0,10702.0,55.0,10830.0,0.6603719,91.5,2.0,-0.36
4799,Mexico,MEX,2024,,160.0,10600.0,180.0,10940.0,0.89325756,87.4,2.0,-0.315
4836,Micronesia (country),FSM,2023,,,,,,,,,
4905,Moldova,MDA,1989,,0.0,0.0,0.0,0.0,,100.0,0.0,-1.039
4906,Moldova,MDA,1990,,0.0,0.0,0.0,0.0,,,1.0,-0.125
4907,Moldova,MDA,1991,,0.0,0.0,0.0,0.0,,96.25,1.0,-0.125
4908,Moldova,MDA,1992,9000.0,24.0,132.0,429.0,585.0,,79.75,1.0,-0.125
4909,Moldova,MDA,1993,13000.0,0.0,0.0,0.0,0.0,0.5300672,79.75,2.0,-0.125
4910,Moldova,MDA,1994,11000.0,0.0,0.0,0.0,0.0,0.77379405,77.909,2.0,-0.125
4911,Moldova,MDA,1995,15300.0,0.0,0.0,0.0,0.0,0.9259666,77.909,2.0,-0.125
4912,Moldova,MDA,1996,15300.0,0.0,0.0,0.0,0.0,0.90669364,77.909,2.0,-0.125
4913,Moldova,MDA,1997,14430.0,0.0,0.0,0.0,0.0,0.9027725,77.909,2.0,-0.125
4914,Moldova,MDA,1998,14450.0,0.0,0.0,0.0,0.0,0.6248552,77.909,2.0,-0.125
4915,Moldova,MDA,1999,14050.0,0.0,0.0,0.0,0.0,0.51129913,77.909,2.0,0.373
4916,Moldova,MDA,2000,12900.0,0.0,0.0,0.0,0.0,0.39514196,77.909,2.0,0.373
4917,Moldova,MDA,2001,11600.0,0.0,0.0,0.0,0.0,0.4025923,77.909,2.0,0.013
4918,Moldova,MDA,2002,10600.0,0.0,0.0,0.0,0.0,0.4198466,77.909,1.0,0.013
4919,Moldova,MDA,2003,10300.0,0.0,0.0,0.0,0.0,0.4163813,77.909,1.0,0.013
4920,Moldova,MDA,2004,9000.0,0.0,0.0,0.0,0.0,0.36097905,77.909,2.0,0.013
4921,Moldova,MDA,2005,10000.0,0.0,0.0,0.0,0.0,0.4002351,77.909,1.0,0.013
4922,Moldova,MDA,2006,8000.0,0.0,0.0,0.0,0.0,0.48263445,77.909,1.0,0.013
4923,Moldova,MDA,2007,9000.0,0.0,0.0,0.0,0.0,0.51619357,77.909,1.0,0.013
4924,Moldova,MDA,2008,8000.0,0.0,0.0,0.0,0.0,0.60853565,77.909,1.0,0.013
4925,Moldova,MDA,2009,7733.0,0.0,0.0,0.0,0.0,0.45788667,77.909,1.0,0.005
4926,Moldova,MDA,2010,7733.0,0.0,0.0,0.0,0.0,0.2628792,78.833,2.0,0.757
4927,Moldova,MDA,2011,7750.0,0.0,0.0,0.0,0.0,0.2729496,78.833,2.0,0.757
4928,Moldova,MDA,2012,7750.0,0.0,0.0,0.0,0.0,0.27407992,78.833,2.0,0.757
4929,Moldova,MDA,2013,7750.0,0.0,0.0,0.0,0.0,0.28126153,78.222,2.0,0.522
4930,Moldova,MDA,2014,7750.0,0.0,0.0,0.0,0.0,0.29318544,78.222,2.0,0.522
4931,Moldova,MDA,2015,7550.0,0.0,0.0,0.0,0.0,0.2956245,78.222,2.0,0.586
4932,Moldova,MDA,2016,7550.0,0.0,0.0,0.0,0.0,0.34419128,76.688,2.0,0.173
4933,Moldova,MDA,2017,7000.0,0.0,0.0,0.0,0.0,0.32453203,76.688,2.0,0.173
4934,Moldova,MDA,2018,6150.0,0.0,0.0,0.0,0.0,0.33232373,77.0,2.0,0.352
4935,Moldova,MDA,2019,6000.0,0.0,0.0,0.0,0.0,0.3621224,76.167,2.0,0.568
4936,Moldova,MDA,2020,6000.0,0.0,0.0,0.0,0.0,0.3854633,76.167,2.0,0.769
4937,Moldova,MDA,2021,,0.0,0.0,0.0,0.0,0.37057993,76.167,2.0,0.769
4938,Moldova,MDA,2022,,0.0,0.0,0.0,0.0,0.36005902,76.167,2.0,1.217
4939,Moldova,MDA,2023,,0.0,0.0,0.0,0.0,0.57061267,88.0,2.0,1.217
4940,Moldova,MDA,2024,,0.0,0.0,0.0,0.0,0.5977808,88.0,2.0,0.865
4941,Monaco,MCO,1989,,0.0,0.0,0.0,0.0,,,,
4942,Monaco,MCO,1990,,0.0,0.0,0.0,0.0,,,,
4943,Monaco,MCO,1991,,0.0,0.0,0.0,0.0,,,,
4944,Monaco,MCO,1992,,0.0,0.0,0.0,0.0,,,,
4945,Monaco,MCO,1993,,0.0,0.0,0.0,0.0,,,,
4946,Monaco,MCO,1994,,0.0,0.0,0.0,0.0,,,,
4947,Monaco,MCO,1995,,0.0,0.0,0.0,0.0,,,,
4948,Monaco,MCO,1996,,0.0,0.0,0.0,0.0,,,,
4949,Monaco,MCO,1997,,0.0,0.0,0.0,0.0,,,,
4950,Monaco,MCO,1998,,0.0,0.0,0.0,0.0,,,,
4951,Monaco,MCO,1999,,0.0,0.0,0.0,0.0,,,,
4952,Monaco,MCO,2000,,0.0,0.0,0.0,0.0,,,,
4953,Monaco,MCO,2001,,0.0,0.0,0.0,0.0,,,,
4954,Monaco,MCO,2002,,0.0,0.0,0.0,0.0,,,,
4955,Monaco,MCO,2003,,0.0,0.0,0.0,0.0,,,,
4956,Monaco,MCO,2004,,0.0,0.0,0.0,0.0,,,,
4957,Monaco,MCO,2005,,0.0,0.0,0.0,0.0,,,,
4958,Monaco,MCO,2006,,0.0,0.0,0.0,0.0,,,,
4959,Monaco,MCO,2007,,0.0,0.0,0.0,0.0,,,,
4960,Monaco,MCO,2008,,0.0,0.0,0.0,0.0,,,,
4961,Monaco,MCO,2009,,0.0,0.0,0.0,0.0,,,,
4962,Monaco,MCO,2010,,0.0,0.0,0.0,0.0,,,,
4963,Monaco,MCO,2011,,0.0,0.0,0.0,0.0,,,,
4964,Monaco,MCO,2012,,0.0,0.0,0.0,0.0,,,,
4965,Monaco,MCO,2013,,0.0,0.0,0.0,0.0,,,,
4966,Monaco,MCO,2014,,0.0,0.0,0.0,0.0,,,,
4967,Monaco,MCO,2015,,0.0,0.0,0.0,0.0,,,,
4968,Monaco,MCO,2016,,0.0,0.0,0.0,0.0,,,,
4969,Monaco,MCO,2017,,0.0,0.0,0.0,0.0,,,,
4970,Monaco,MCO,2018,,0.0,0.0,0.0,0.0,,,,
4971,Monaco,MCO,2019,,0.0,0.0,0.0,0.0,,,,
4972,Monaco,MCO,2020,,0.0,0.0,0.0,0.0,,,,
4973,Monaco,MCO,2021,,0.0,0.0,0.0,0.0,,,,
4974,Monaco,MCO,2022,,0.0,0.0,0.0,0.0,,,,
4975,Monaco,MCO,2023,,0.0,0.0,0.0,0.0,,,,
4976,Monaco,MCO,2024,,0.0,0.0,0.0,0.0,,,,
4977,Mongolia,MNG,1989,33000.0,0.0,0.0,0.0,0.0,6.251195,97.0,0.0,0.625
4978,Mongolia,MNG,1990,32000.0,0.0,0.0,0.0,0.0,4.2813854,97.0,1.0,0.86
4979,Mongolia,MNG,1991,31000.0,0.0,0.0,0.0,0.0,3.2315352,97.0,2.0,0.86
4980,Mongolia,MNG,1992,21000.0,0.0,0.0,0.0,0.0,1.9094372,98.667,2.0,1.455
4981,Mongolia,MNG,1993,18000.0,0.0,0.0,0.0,0.0,1.7123626,98.667,2.0,1.455
4982,Mongolia,MNG,1994,18000.0,0.0,0.0,0.0,0.0,1.6543556,98.667,2.0,1.455
4983,Mongolia,MNG,1995,31100.0,0.0,0.0,0.0,0.0,1.6205059,98.667,2.0,1.455
4984,Mongolia,MNG,1996,33500.0,0.0,0.0,0.0,0.0,1.7769475,98.667,2.0,1.455
4985,Mongolia,MNG,1997,14900.0,0.0,0.0,0.0,0.0,1.6387349,98.667,2.0,1.455
4986,Mongolia,MNG,1998,17000.0,0.0,0.0,0.0,0.0,1.9065377,98.667,2.0,1.455
4987,Mongolia,MNG,1999,16300.0,0.0,0.0,0.0,0.0,1.8350122,98.667,2.0,1.455
4988,Mongolia,MNG,2000,16300.0,0.0,0.0,0.0,0.0,2.0224805,98.667,2.0,1.002
4989,Mongolia,MNG,2001,16300.0,0.0,0.0,0.0,0.0,1.7816584,98.667,2.0,1.002
4990,Mongolia,MNG,2002,16300.0,0.0,0.0,0.0,0.0,1.7955672,98.667,2.0,1.002
4991,Mongolia,MNG,2003,15800.0,0.0,0.0,0.0,0.0,1.5096943,98.667,2.0,1.002
4992,Mongolia,MNG,2004,15000.0,0.0,0.0,0.0,0.0,1.38273,98.667,2.0,1.002
4993,Mongolia,MNG,2005,16000.0,0.0,0.0,0.0,0.0,1.0172858,98.667,2.0,1.002
4994,Mongolia,MNG,2006,16000.0,0.0,0.0,0.0,0.0,0.9616567,98.667,2.0,1.002
4995,Mongolia,MNG,2007,16000.0,0.0,0.0,0.0,0.0,1.0532722,98.667,2.0,1.002
4996,Mongolia,MNG,2008,17000.0,0.0,0.0,0.0,0.0,0.82330674,98.667,2.0,0.858
4997,Mongolia,MNG,2009,17200.0,0.0,0.0,0.0,0.0,0.6296982,98.667,2.0,1.008
4998,Mongolia,MNG,2010,17200.0,0.0,0.0,0.0,0.0,0.76299727,98.667,2.0,1.092
4999,Mongolia,MNG,2011,17200.0,0.0,0.0,0.0,0.0,0.83727026,98.5,2.0,1.092
5000,Mongolia,MNG,2012,17200.0,0.0,0.0,0.0,0.0,0.9243056,98.667,2.0,1.092
5001,Mongolia,MNG,2013,17500.0,0.0,0.0,0.0,0.0,0.82231146,98.667,2.0,0.768
5002,Mongolia,MNG,2014,17500.0,0.0,0.0,0.0,0.0,0.8597253,98.667,2.0,0.691
5003,Mongolia,MNG,2015,17500.0,0.0,0.0,0.0,0.0,0.87550783,98.667,2.0,0.785
5004,Mongolia,MNG,2016,17500.0,0.0,0.0,0.0,0.0,0.86391103,97.875,2.0,0.785
5005,Mongolia,MNG,2017,18000.0,0.0,0.0,0.0,0.0,0.76215386,97.875,2.0,0.785
5006,Mongolia,MNG,2018,17700.0,0.0,0.0,0.0,0.0,0.66895247,98.25,2.0,0.785
5007,Mongolia,MNG,2019,18000.0,0.0,0.0,0.0,0.0,0.6615381,97.857,2.0,0.756
5008,Mongolia,MNG,2020,18000.0,0.0,0.0,0.0,0.0,0.7099095,98.0,2.0,0.948
5009,Mongolia,MNG,2021,,0.0,0.0,0.0,0.0,0.61950505,98.0,2.0,0.948
5010,Mongolia,MNG,2022,,0.0,0.0,0.0,0.0,0.5139363,98.0,2.0,0.948
5011,Mongolia,MNG,2023,,0.0,0.0,0.0,0.0,0.54256576,98.0,2.0,0.948
5012,Mongolia,MNG,2024,,0.0,0.0,0.0,0.0,0.7423073,98.0,1.0,0.948
5013,Montenegro,MNE,1989,,0.0,0.0,0.0,0.0,,,,
5014,Montenegro,MNE,1990,,0.0,0.0,0.0,0.0,,,,
5015,Montenegro,MNE,1991,,0.0,0.0,0.0,0.0,,,,
5016,Montenegro,MNE,1992,,0.0,0.0,0.0,0.0,,,,
5017,Montenegro,MNE,1993,,0.0,0.0,0.0,0.0,,,,
5018,Montenegro,MNE,1994,,0.0,0.0,0.0,0.0,,,,
5019,Montenegro,MNE,1995,,0.0,0.0,0.0,0.0,,,,
5020,Montenegro,MNE,1996,,0.0,0.0,0.0,0.0,,,,
5021,Montenegro,MNE,1997,,0.0,0.0,0.0,0.0,,,,
5022,Montenegro,MNE,1998,,0.0,0.0,2.0,2.0,,,1.0,0.833
5023,Montenegro,MNE,1999,,8.0,0.0,1.0,9.0,,,1.0,0.833
5024,Montenegro,MNE,2000,,0.0,0.0,0.0,0.0,,,1.0,0.833
5025,Montenegro,MNE,2001,,0.0,0.0,0.0,0.0,,,1.0,0.833
5026,Montenegro,MNE,2002,,0.0,0.0,0.0,0.0,,,1.0,0.833
5027,Montenegro,MNE,2003,,0.0,0.0,0.0,0.0,,,1.0,0.833
5028,Montenegro,MNE,2004,,0.0,0.0,0.0,0.0,,,1.0,0.833
5029,Montenegro,MNE,2005,,0.0,0.0,0.0,0.0,2.6943634,,2.0,0.833
5030,Montenegro,MNE,2006,16000.0,0.0,0.0,0.0,0.0,2.2907133,99.767,1.0,0.833
5031,Montenegro,MNE,2007,15000.0,0.0,0.0,0.0,0.0,1.7440585,100.0,1.0,0.833
5032,Montenegro,MNE,2008,15000.0,0.0,0.0,0.0,0.0,1.8721825,100.0,1.0,0.833
5033,Montenegro,MNE,2009,13227.0,0.0,0.0,0.0,0.0,1.8437613,100.0,1.0,1.06
5034,Montenegro,MNE,2010,13084.0,0.0,0.0,0.0,0.0,1.8143477,100.0,1.0,1.06
5035,Montenegro,MNE,2011,12180.0,0.0,0.0,0.0,0.0,1.7489692,100.0,1.0,1.158
5036,Montenegro,MNE,2012,12180.0,0.0,0.0,0.0,0.0,1.6564617,100.0,2.0,1.158
5037,Montenegro,MNE,2013,12180.0,0.0,0.0,0.0,0.0,1.4522614,100.0,1.0,1.2
5038,Montenegro,MNE,2014,12180.0,0.0,0.0,0.0,0.0,1.4722724,100.0,1.0,1.2
5039,Montenegro,MNE,2015,12050.0,0.0,0.0,0.0,0.0,1.4037176,100.0,1.0,1.2
5040,Montenegro,MNE,2016,12050.0,0.0,0.0,0.0,0.0,1.4112806,100.0,1.0,1.2
5041,Montenegro,MNE,2017,12000.0,0.0,0.0,0.0,0.0,1.3627768,100.0,1.0,1.2
5042,Montenegro,MNE,2018,12350.0,0.0,0.0,0.0,0.0,1.3692949,100.0,1.0,1.141
5043,Montenegro,MNE,2019,12000.0,0.0,0.0,0.0,0.0,1.334412,100.0,1.0,1.141
5044,Montenegro,MNE,2020,12000.0,0.0,0.0,0.0,0.0,1.7380273,99.857,1.0,1.141
5045,Montenegro,MNE,2021,,0.0,0.0,0.0,0.0,1.5552802,100.0,2.0,1.354
5046,Montenegro,MNE,2022,,0.0,0.0,0.0,0.0,1.5730371,100.0,2.0,1.12
5047,Montenegro,MNE,2023,,0.0,0.0,0.0,0.0,1.5187514,99.167,2.0,1.341
5048,Montenegro,MNE,2024,,0.0,0.0,0.0,0.0,1.8325353,98.333,2.0,1.341
5050,Morocco,MAR,1989,195000.0,0.0,0.0,0.0,0.0,4.3929176,89.6,0.0,-1.141
5051,Morocco,MAR,1990,195000.0,0.0,0.0,0.0,0.0,4.1488247,93.533,0.0,-0.838
5052,Morocco,MAR,1991,195000.0,0.0,0.0,0.0,0.0,4.142843,93.533,0.0,-0.838
5053,Morocco,MAR,1992,195000.0,0.0,0.0,0.0,0.0,4.298048,93.533,0.0,-0.838
5054,Morocco,MAR,1993,195000.0,0.0,0.0,0.0,0.0,4.6555715,93.533,0.0,-0.273
5055,Morocco,MAR,1994,195000.0,0.0,0.0,0.0,0.0,4.4938197,93.533,0.0,-0.273
5056,Morocco,MAR,1995,237500.0,0.0,0.0,0.0,0.0,4.34741,93.533,0.0,-0.273
5057,Morocco,MAR,1996,236000.0,0.0,0.0,0.0,0.0,3.949093,93.533,0.0,-0.273
5058,Morocco,MAR,1997,238300.0,0.0,0.0,0.0,0.0,4.1926594,93.533,0.0,-0.273
5059,Morocco,MAR,1998,238300.0,0.0,0.0,0.0,0.0,3.4563344,93.533,0.0,-0.273
5060,Morocco,MAR,1999,238300.0,0.0,0.0,0.0,0.0,2.4207633,93.533,0.0,-0.273
5061,Morocco,MAR,2000,240500.0,0.0,0.0,0.0,0.0,2.6851723,93.533,0.0,-0.576
5062,Morocco,MAR,2001,246500.0,0.0,0.0,0.0,0.0,3.726136,93.533,0.0,-0.576
5063,Morocco,MAR,2002,246300.0,0.0,0.0,0.0,0.0,3.491788,93.533,0.0,-0.576
5064,Morocco,MAR,2003,246300.0,34.0,0.0,0.0,34.0,3.4942076,93.533,0.0,-0.576
5065,Morocco,MAR,2004,250000.0,0.0,0.0,0.0,0.0,3.2494676,93.533,0.0,-0.576
5066,Morocco,MAR,2005,251000.0,0.0,0.0,0.0,0.0,3.257997,93.533,0.0,-0.576
5067,Morocco,MAR,2006,246000.0,0.0,0.0,0.0,0.0,3.1097965,93.533,0.0,-0.576
5068,Morocco,MAR,2007,246000.0,0.0,0.0,0.0,0.0,3.0469537,93.533,0.0,-0.576
5069,Morocco,MAR,2008,246000.0,0.0,0.0,0.0,0.0,3.1835015,93.533,0.0,-0.576
5070,Morocco,MAR,2009,245800.0,0.0,0.0,0.0,0.0,3.288652,93.533,0.0,-0.576
5071,Morocco,MAR,2010,245800.0,0.0,0.0,0.0,0.0,3.3907962,93.8,0.0,-0.576
5072,Morocco,MAR,2011,245800.0,17.0,0.0,0.0,17.0,3.2974951,93.8,0.0,-0.429
5073,Morocco,MAR,2012,245800.0,0.0,0.0,0.0,0.0,3.4627502,93.933,0.0,-0.429
5074,Morocco,MAR,2013,245800.0,0.0,0.0,0.0,0.0,3.805783,93.273,0.0,-0.527
5075,Morocco,MAR,2014,245800.0,0.0,0.0,0.0,0.0,3.3984587,93.364,0.0,-0.527
5076,Morocco,MAR,2015,245800.0,0.0,0.0,0.0,0.0,2.959998,92.8,0.0,-0.527
5077,Morocco,MAR,2016,245800.0,0.0,0.0,0.0,0.0,2.9821184,93.25,0.0,-0.527
5078,Morocco,MAR,2017,246000.0,0.0,0.0,0.0,0.0,2.94589,93.25,0.0,-0.606
5079,Morocco,MAR,2018,245800.0,0.0,0.0,0.0,0.0,2.9028888,91.571,0.0,-0.606
5080,Morocco,MAR,2019,246000.0,0.0,0.0,0.0,0.0,2.8657985,91.833,0.0,-0.606
5081,Morocco,MAR,2020,246000.0,0.0,0.0,0.0,0.0,3.9796977,91.833,0.0,-0.606
5082,Morocco,MAR,2021,,0.0,0.0,0.0,0.0,3.749756,91.833,0.0,-0.606
5083,Morocco,MAR,2022,,0.0,0.0,0.0,0.0,3.8134127,92.6,0.0,-0.606
5084,Morocco,MAR,2023,,0.0,0.0,0.0,0.0,3.5926342,91.8,0.0,-0.606
5085,Morocco,MAR,2024,,0.0,0.0,0.0,0.0,3.515754,90.8,0.0,-0.606
5086,Mozambique,MOZ,1989,65000.0,412.0,11.0,1129.0,1552.0,3.373425,58.2,0.0,0.625
5087,Mozambique,MOZ,1990,65000.0,182.0,1110.0,467.0,1759.0,2.3890576,58.2,0.0,-1.01
5088,Mozambique,MOZ,1991,65000.0,563.0,5.0,1393.0,1961.0,1.8626796,58.2,0.0,-1.01
5089,Mozambique,MOZ,1992,50000.0,436.0,0.0,85.0,521.0,2.1297526,58.2,0.0,-1.01
5090,Mozambique,MOZ,1993,50000.0,0.0,0.0,0.0,0.0,2.059077,92.727,0.0,-1.01
5091,Mozambique,MOZ,1994,11000.0,0.0,0.0,0.0,0.0,2.4632201,92.727,1.0,-1.287
5092,Mozambique,MOZ,1995,12000.0,0.0,0.0,0.0,0.0,1.093042,92.727,1.0,-0.531
5093,Mozambique,MOZ,1996,11000.0,0.0,0.0,0.0,0.0,0.8942056,92.727,1.0,-0.531
5094,Mozambique,MOZ,1997,6100.0,0.0,0.0,0.0,0.0,0.8620759,92.727,1.0,-0.531
5095,Mozambique,MOZ,1998,6100.0,0.0,0.0,0.0,0.0,0.88747686,92.727,1.0,-0.531
5096,Mozambique,MOZ,1999,6100.0,0.0,0.0,0.0,0.0,0.8991911,92.727,1.0,-0.531
5097,Mozambique,MOZ,2000,6100.0,0.0,0.0,0.0,0.0,0.93347496,92.727,1.0,-0.531
5098,Mozambique,MOZ,2001,11000.0,0.0,0.0,0.0,0.0,0.8958891,92.727,1.0,-0.531
5099,Mozambique,MOZ,2002,11000.0,0.0,0.0,0.0,0.0,0.8992061,92.727,1.0,-0.531
5100,Mozambique,MOZ,2003,8200.0,0.0,0.0,0.0,0.0,0.90789366,92.727,1.0,-0.531
5101,Mozambique,MOZ,2004,11000.0,0.0,0.0,0.0,0.0,0.9780516,92.727,1.0,-0.531
5102,Mozambique,MOZ,2005,11000.0,0.0,0.0,0.0,0.0,0.7019001,92.727,1.0,-0.531
5103,Mozambique,MOZ,2006,11000.0,0.0,0.0,0.0,0.0,0.60399765,92.727,1.0,-0.531
5104,Mozambique,MOZ,2007,11000.0,0.0,0.0,0.0,0.0,0.6347457,92.727,1.0,-0.531
5105,Mozambique,MOZ,2008,11000.0,0.0,0.0,0.0,0.0,0.64788777,92.727,1.0,-0.408
5106,Mozambique,MOZ,2009,11200.0,0.0,0.0,0.0,0.0,0.6874065,92.727,1.0,-0.672
5107,Mozambique,MOZ,2010,11200.0,0.0,0.0,0.0,0.0,0.86918026,91.364,1.0,-0.562
5108,Mozambique,MOZ,2011,11200.0,0.0,0.0,0.0,0.0,0.8131124,91.364,1.0,-0.562
5109,Mozambique,MOZ,2012,11200.0,0.0,0.0,0.0,0.0,0.8335312,91.364,1.0,-0.562
5110,Mozambique,MOZ,2013,11200.0,3.0,5.0,34.0,42.0,0.9180799,89.4,1.0,-0.417
5111,Mozambique,MOZ,2014,11200.0,3.0,3.0,24.0,30.0,0.9664582,89.4,1.0,-0.417
5112,Mozambique,MOZ,2015,11200.0,0.0,0.0,0.0,0.0,0.82691,86.8,1.0,-0.288
5113,Mozambique,MOZ,2016,11200.0,3.0,16.0,36.0,55.0,0.9194132,86.8,1.0,-0.36
5114,Mozambique,MOZ,2017,11000.0,0.0,0.0,0.0,0.0,0.9845709,88.778,1.0,-0.399
5115,Mozambique,MOZ,2018,11200.0,119.0,28.0,23.0,170.0,1.3086072,85.5,1.0,-0.399
5116,Mozambique,MOZ,2019,11000.0,320.0,19.0,257.0,596.0,1.3880799,88.0,1.0,-0.359
5117,Mozambique,MOZ,2020,11000.0,808.0,81.0,738.0,1627.0,2.022726,87.625,1.0,-0.359
5118,Mozambique,MOZ,2021,,1087.0,202.0,629.0,1918.0,1.9114134,85.25,1.0,-0.283
5119,Mozambique,MOZ,2022,,340.0,44.0,326.0,710.0,2.208481,88.25,1.0,-0.252
5120,Mozambique,MOZ,2023,,64.0,3.0,193.0,260.0,1.9282309,91.222,1.0,-0.709
5121,Mozambique,MOZ,2024,,343.0,19.0,160.0,522.0,1.9933012,88.125,1.0,-0.858
5122,Myanmar,MMR,1989,200000.0,19.0,159.0,1320.0,1498.0,2.9591067,79.0,0.0,-2.387
5123,Myanmar,MMR,1990,230000.0,6.0,392.0,372.0,770.0,3.3958905,79.0,0.0,-2.387
5124,Myanmar,MMR,1991,286000.0,233.0,444.0,684.0,1361.0,3.1710048,79.0,0.0,-2.387
5125,Myanmar,MMR,1992,286000.0,185.0,511.0,1001.0,1697.0,3.3545182,77.0,0.0,-2.387
5126,Myanmar,MMR,1993,322000.0,0.0,11.0,119.0,130.0,3.5231087,77.0,0.0,-2.387
5127,Myanmar,MMR,1994,322000.0,81.0,88.0,590.0,759.0,3.5411212,77.0,0.0,-2.387
5128,Myanmar,MMR,1995,371300.0,132.0,1056.0,297.0,1485.0,3.6848326,79.0,0.0,-2.387
5129,Myanmar,MMR,1996,406300.0,294.0,102.0,185.0,581.0,3.4934278,79.0,0.0,-2.387
5130,Myanmar,MMR,1997,429050.0,466.0,216.0,99.0,781.0,2.3137224,79.0,0.0,-2.387
5131,Myanmar,MMR,1998,434850.0,437.0,89.0,56.0,582.0,2.539624,79.0,0.0,-2.387
5132,Myanmar,MMR,1999,429050.0,298.0,19.0,3.0,320.0,2.13895,79.0,0.0,-2.387
5133,Myanmar,MMR,2000,429100.0,457.0,143.0,140.0,740.0,2.3085122,79.0,0.0,-2.049
5134,Myanmar,MMR,2001,444300.0,111.0,97.0,120.0,328.0,1.9478583,72.333,0.0,-2.049
5135,Myanmar,MMR,2002,544300.0,268.0,103.0,149.0,520.0,1.4818714,72.333,0.0,-2.049
5136,Myanmar,MMR,2003,595000.0,195.0,10.0,28.0,233.0,2.0708148,72.333,0.0,-2.049
5137,Myanmar,MMR,2004,482250.0,119.0,0.0,22.0,141.0,1.9200696,72.333,0.0,-2.049
5138,Myanmar,MMR,2005,483000.0,134.0,98.0,143.0,375.0,1.6696539,72.333,0.0,-2.049
5139,Myanmar,MMR,2006,513000.0,195.0,27.0,212.0,434.0,,72.333,0.0,-2.049
5140,Myanmar,MMR,2007,513000.0,311.0,169.0,205.0,685.0,,73.25,0.0,-2.049
5141,Myanmar,MMR,2008,513000.0,55.0,11.0,26.0,92.0,,73.25,0.0,-2.049
5142,Myanmar,MMR,2009,513250.0,0.0,45.0,148.0,193.0,,71.667,0.0,-1.789
5143,Myanmar,MMR,2010,513250.0,30.0,39.0,106.0,175.0,,75.182,0.0,-1.083
5144,Myanmar,MMR,2011,513250.0,115.0,91.0,596.0,802.0,,77.0,1.0,-0.591
5145,Myanmar,MMR,2012,513250.0,113.0,40.0,788.0,941.0,4.124804,77.0,1.0,-0.448
5146,Myanmar,MMR,2013,513250.0,35.0,77.0,243.0,355.0,4.116335,77.727,1.0,-0.317
5147,Myanmar,MMR,2014,513250.0,46.0,60.0,124.0,230.0,3.7895343,77.727,1.0,-0.264
5148,Myanmar,MMR,2015,513250.0,51.0,5.0,603.0,659.0,4.3013606,77.273,1.0,-0.001
5149,Myanmar,MMR,2016,513250.0,62.0,21.0,91.0,174.0,4.0892973,78.0,1.0,0.271
5150,Myanmar,MMR,2017,513000.0,1883.0,368.0,130.0,2381.0,3.641949,83.7,1.0,0.506
5151,Myanmar,MMR,2018,513000.0,33.0,4.0,62.0,99.0,2.3597906,81.438,1.0,0.375
5152,Myanmar,MMR,2019,513000.0,59.0,104.0,395.0,558.0,2.18974,80.25,1.0,0.536
5153,Myanmar,MMR,2020,463000.0,141.0,1.0,26.0,168.0,3.123329,80.125,1.0,0.558
5154,Myanmar,MMR,2021,,824.0,199.0,715.0,1738.0,4.0709233,68.143,0.0,-1.603
5155,Myanmar,MMR,2022,,1234.0,288.0,1216.0,2738.0,4.1705894,67.429,0.0,-1.603
5156,Myanmar,MMR,2023,,1720.0,229.0,1086.0,3035.0,3.7537162,63.667,0.0,-1.603
5157,Myanmar,MMR,2024,,2392.0,152.0,315.0,2859.0,6.794525,52.4,0.0,-1.603
5158,Namibia,NAM,1989,,27.0,2.0,332.0,361.0,,,0.0,0.521
5159,Namibia,NAM,1990,,0.0,0.0,0.0,0.0,6.421003,97.917,2.0,1.126
5160,Namibia,NAM,1991,8000.0,0.0,0.0,0.0,0.0,5.615255,97.917,2.0,1.471
5161,Namibia,NAM,1992,8000.0,0.0,0.0,0.0,0.0,4.2504187,97.917,2.0,1.471
5162,Namibia,NAM,1993,8000.0,0.0,0.0,0.0,0.0,2.4645238,97.917,2.0,1.471
5163,Namibia,NAM,1994,8000.0,0.0,0.0,0.0,0.0,1.7512338,97.917,2.0,1.471
5164,Namibia,NAM,1995,8100.0,0.0,0.0,0.0,0.0,1.9478986,97.917,2.0,1.471
5165,Namibia,NAM,1996,8200.0,0.0,0.0,0.0,0.0,1.903604,97.917,2.0,1.471
5166,Namibia,NAM,1997,5900.0,0.0,0.0,0.0,0.0,2.3013551,97.917,2.0,1.471
5167,Namibia,NAM,1998,9100.0,0.0,0.0,0.0,0.0,2.3218372,97.917,2.0,1.471
5168,Namibia,NAM,1999,9100.0,0.0,0.0,1.0,1.0,3.1240332,97.917,2.0,1.471
5169,Namibia,NAM,2000,9100.0,6.0,0.0,55.0,61.0,2.7067327,97.917,2.0,1.471
5170,Namibia,NAM,2001,15000.0,0.0,0.0,0.0,0.0,3.008741,97.917,2.0,1.471
5171,Namibia,NAM,2002,15000.0,0.0,0.0,0.0,0.0,2.6178453,97.917,2.0,1.471
5172,Namibia,NAM,2003,15000.0,0.0,0.0,0.0,0.0,2.624913,97.917,2.0,1.471
5173,Namibia,NAM,2004,15000.0,0.0,0.0,0.0,0.0,2.5275898,97.917,2.0,1.471
5174,Namibia,NAM,2005,15000.0,0.0,0.0,0.0,0.0,2.6452053,97.917,2.0,1.471
5175,Namibia,NAM,2006,15000.0,0.0,0.0,0.0,0.0,2.5012493,97.917,2.0,1.471
5176,Namibia,NAM,2007,15000.0,0.0,0.0,0.0,0.0,2.6104245,97.917,2.0,1.471
5177,Namibia,NAM,2008,15000.0,0.0,0.0,0.0,0.0,3.1372614,97.917,2.0,1.471
5178,Namibia,NAM,2009,15200.0,0.0,0.0,0.0,0.0,3.374364,97.917,2.0,1.471
5179,Namibia,NAM,2010,15200.0,0.0,0.0,0.0,0.0,3.514744,97.917,2.0,1.513
5180,Namibia,NAM,2011,15200.0,0.0,0.0,0.0,0.0,3.5745888,97.917,2.0,1.513
5181,Namibia,NAM,2012,15200.0,0.0,0.0,0.0,0.0,3.1665425,97.917,2.0,1.513
5182,Namibia,NAM,2013,15200.0,0.0,0.0,0.0,0.0,3.2064161,97.25,2.0,1.513
5183,Namibia,NAM,2014,15200.0,0.0,0.0,0.0,0.0,4.325867,97.25,2.0,1.513
5184,Namibia,NAM,2015,15200.0,0.0,0.0,0.0,0.0,4.5280004,97.25,2.0,1.513
5185,Namibia,NAM,2016,15900.0,0.0,0.0,0.0,0.0,3.971045,97.25,2.0,1.513
5186,Namibia,NAM,2017,16000.0,0.0,0.0,0.0,0.0,3.5223887,96.25,2.0,1.513
5187,Namibia,NAM,2018,15900.0,0.0,0.0,0.0,0.0,3.3326924,96.0,2.0,2.456
5188,Namibia,NAM,2019,16000.0,0.0,0.0,0.0,0.0,3.2974262,96.333,2.0,2.456
5189,Namibia,NAM,2020,16000.0,0.0,0.0,0.0,0.0,3.4801524,95.5,2.0,2.204
5190,Namibia,NAM,2021,,0.0,0.0,0.0,0.0,3.2264092,94.8,2.0,2.432
5191,Namibia,NAM,2022,,0.0,0.0,0.0,0.0,2.9108996,94.8,2.0,2.432
5192,Namibia,NAM,2023,,0.0,0.0,0.0,0.0,2.746707,94.4,2.0,2.432
5193,Namibia,NAM,2024,,0.0,0.0,0.0,0.0,2.734902,94.8,2.0,2.735
5194,Nauru,NRU,1989,,0.0,0.0,0.0,0.0,,,,
5195,Nauru,NRU,1990,,0.0,0.0,0.0,0.0,,,,
5196,Nauru,NRU,1991,,0.0,0.0,0.0,0.0,,,,
5197,Nauru,NRU,1992,,0.0,0.0,0.0,0.0,,,,
5198,Nauru,NRU,1993,,0.0,0.0,0.0,0.0,,,,
5199,Nauru,NRU,1994,,0.0,0.0,0.0,0.0,,,,
5200,Nauru,NRU,1995,,0.0,0.0,0.0,0.0,,,,
5201,Nauru,NRU,1996,,0.0,0.0,0.0,0.0,,,,
5202,Nauru,NRU,1997,,0.0,0.0,0.0,0.0,,,,
5203,Nauru,NRU,1998,,0.0,0.0,0.0,0.0,,,,
5204,Nauru,NRU,1999,,0.0,0.0,0.0,0.0,,,,
5205,Nauru,NRU,2000,,0.0,0.0,0.0,0.0,,,,
5206,Nauru,NRU,2001,,0.0,0.0,0.0,0.0,,,,
5207,Nauru,NRU,2002,,0.0,0.0,0.0,0.0,,,,
5208,Nauru,NRU,2003,,0.0,0.0,0.0,0.0,,,,
5209,Nauru,NRU,2004,,0.0,0.0,0.0,0.0,,,,
5210,Nauru,NRU,2005,,0.0,0.0,0.0,0.0,,,,
5211,Nauru,NRU,2006,,0.0,0.0,0.0,0.0,,,,
5212,Nauru,NRU,2007,,0.0,0.0,0.0,0.0,,,,
5213,Nauru,NRU,2008,,0.0,0.0,0.0,0.0,,,,
5214,Nauru,NRU,2009,,0.0,0.0,0.0,0.0,,,,
5215,Nauru,NRU,2010,,0.0,0.0,0.0,0.0,,,,
5216,Nauru,NRU,2011,,0.0,0.0,0.0,0.0,,,,
5217,Nauru,NRU,2012,,0.0,0.0,0.0,0.0,,,,
5218,Nauru,NRU,2013,,0.0,0.0,0.0,0.0,,,,
5219,Nauru,NRU,2014,,0.0,0.0,0.0,0.0,,,,
5220,Nauru,NRU,2015,,0.0,0.0,0.0,0.0,,,,
5221,Nauru,NRU,2016,,0.0,0.0,0.0,0.0,,,,
5222,Nauru,NRU,2017,,0.0,0.0,0.0,0.0,,,,
5223,Nauru,NRU,2018,,0.0,0.0,0.0,0.0,,,,
5224,Nauru,NRU,2019,,0.0,0.0,0.0,0.0,,,,
5225,Nauru,NRU,2020,,0.0,0.0,0.0,0.0,,,,
5226,Nauru,NRU,2021,,0.0,0.0,0.0,0.0,,,,
5227,Nauru,NRU,2022,,0.0,0.0,0.0,0.0,,,,
5228,Nauru,NRU,2023,,0.0,0.0,0.0,0.0,,,,
5229,Nauru,NRU,2024,,0.0,0.0,0.0,0.0,,,,
5230,Nepal,NPL,1989,35000.0,0.0,0.0,0.0,0.0,0.90164554,94.8,0.0,-0.915
5231,Nepal,NPL,1990,35000.0,0.0,0.0,0.0,0.0,0.8776987,94.8,0.0,-0.169
5232,Nepal,NPL,1991,35000.0,2.0,0.0,0.0,2.0,0.86879486,96.8,1.0,0.111
5233,Nepal,NPL,1992,35000.0,0.0,0.0,0.0,0.0,0.85717255,96.8,1.0,0.111
5234,Nepal,NPL,1993,35000.0,0.0,0.0,0.0,0.0,0.83509016,96.8,1.0,0.338
5235,Nepal,NPL,1994,35000.0,0.0,0.0,0.0,0.0,0.7928646,96.8,1.0,0.338
5236,Nepal,NPL,1995,63000.0,0.0,0.0,0.0,0.0,0.7671512,94.6,1.0,0.338
5237,Nepal,NPL,1996,71000.0,27.0,42.0,2.0,71.0,0.7339315,94.6,1.0,0.338
5238,Nepal,NPL,1997,86000.0,0.0,30.0,10.0,40.0,0.71762794,76.0,1.0,0.338
5239,Nepal,NPL,1998,90000.0,106.0,218.0,32.0,356.0,0.75539345,76.154,1.0,0.338
5240,Nepal,NPL,1999,90000.0,139.0,41.0,115.0,295.0,0.771946,76.154,1.0,0.338
5241,Nepal,NPL,2000,90000.0,105.0,100.0,160.0,365.0,0.78398985,76.154,1.0,0.074
5242,Nepal,NPL,2001,86000.0,140.0,73.0,356.0,569.0,0.96076715,76.154,1.0,0.074
5243,Nepal,NPL,2002,91000.0,519.0,1800.0,2113.0,4432.0,1.2663307,76.154,0.0,-0.13
5244,Nepal,NPL,2003,103000.0,405.0,149.0,1178.0,1732.0,1.3928205,76.154,0.0,-0.13
5245,Nepal,NPL,2004,131000.0,577.0,302.0,1577.0,2456.0,1.5686812,76.154,0.0,-0.13
5246,Nepal,NPL,2005,131000.0,325.0,94.0,980.0,1399.0,1.6875321,76.154,0.0,0.571
5247,Nepal,NPL,2006,131000.0,131.0,14.0,421.0,566.0,1.5300326,80.615,0.0,0.571
5248,Nepal,NPL,2007,131000.0,0.0,3.0,27.0,30.0,1.3535817,87.462,0.0,0.823
5249,Nepal,NPL,2008,131000.0,0.0,0.0,0.0,0.0,1.399574,88.154,1.0,0.823
5250,Nepal,NPL,2009,157753.0,0.0,0.0,0.0,0.0,1.4393549,90.692,2.0,0.823
5251,Nepal,NPL,2010,157753.0,0.0,0.0,0.0,0.0,1.3678161,89.538,2.0,0.823
5252,Nepal,NPL,2011,157750.0,0.0,0.0,0.0,0.0,1.3506728,90.769,2.0,0.823
5253,Nepal,NPL,2012,157750.0,0.0,0.0,0.0,0.0,1.2437022,91.462,1.0,0.823
5254,Nepal,NPL,2013,157750.0,0.0,0.0,0.0,0.0,1.3407258,91.917,1.0,0.723
5255,Nepal,NPL,2014,157750.0,0.0,0.0,0.0,0.0,1.4337598,91.75,2.0,0.825
5256,Nepal,NPL,2015,158600.0,0.0,0.0,0.0,0.0,1.368131,87.583,2.0,0.766
5257,Nepal,NPL,2016,158600.0,0.0,0.0,0.0,0.0,1.4693747,91.167,2.0,0.745
5258,Nepal,NPL,2017,112000.0,0.0,0.0,0.0,0.0,1.4849771,92.125,2.0,0.745
5259,Nepal,NPL,2018,111600.0,0.0,0.0,0.0,0.0,1.3499821,92.5,2.0,0.642
5260,Nepal,NPL,2019,112000.0,0.0,0.0,0.0,0.0,1.2358114,95.1,2.0,0.621
5261,Nepal,NPL,2020,112000.0,0.0,0.0,0.0,0.0,1.3233844,95.0,2.0,0.621
5262,Nepal,NPL,2021,,0.0,0.0,0.0,0.0,1.2158159,95.8,2.0,0.652
5263,Nepal,NPL,2022,,0.0,0.0,0.0,0.0,1.1574384,95.6,2.0,0.652
5264,Nepal,NPL,2023,,0.0,0.0,0.0,0.0,1.0715463,96.556,2.0,0.76
5265,Nepal,NPL,2024,,0.0,0.0,0.0,0.0,0.9794525,95.75,2.0,0.697
5266,Netherlands,NLD,1989,106000.0,0.0,0.0,0.0,0.0,2.5174038,100.0,3.0,2.616
5267,Netherlands,NLD,1990,104000.0,2.0,0.0,0.0,2.0,2.36902,100.0,3.0,2.616
5268,Netherlands,NLD,1991,104000.0,0.0,0.0,0.0,0.0,2.2485316,100.0,3.0,2.616
5269,Netherlands,NLD,1992,90000.0,0.0,0.0,0.0,0.0,2.2130024,100.0,3.0,2.616
5270,Netherlands,NLD,1993,86000.0,0.0,0.0,0.0,0.0,2.0278294,100.0,3.0,2.616
5271,Netherlands,NLD,1994,77000.0,0.0,0.0,0.0,0.0,1.913061,100.0,3.0,2.616
5272,Netherlands,NLD,1995,78000.0,0.0,0.0,0.0,0.0,1.7687377,100.0,3.0,2.616
5273,Netherlands,NLD,1996,66700.0,0.0,0.0,0.0,0.0,1.7345498,100.0,3.0,2.616
5274,Netherlands,NLD,1997,60800.0,0.0,0.0,0.0,0.0,1.638181,100.0,3.0,2.616
5275,Netherlands,NLD,1998,60780.0,0.0,0.0,0.0,0.0,1.5585339,100.0,3.0,2.616
5276,Netherlands,NLD,1999,60000.0,0.0,0.0,0.0,0.0,1.5697513,100.0,3.0,2.616
5277,Netherlands,NLD,2000,57100.0,0.0,0.0,0.0,0.0,1.4334208,100.0,3.0,2.616
5278,Netherlands,NLD,2001,55600.0,0.0,0.0,0.0,0.0,1.4347508,100.0,3.0,2.616
5279,Netherlands,NLD,2002,52900.0,0.0,0.0,0.0,0.0,1.4215522,100.0,3.0,2.616
5280,Netherlands,NLD,2003,59900.0,0.0,0.0,0.0,0.0,1.4379463,100.0,3.0,2.616
5281,Netherlands,NLD,2004,53000.0,0.0,0.0,0.0,0.0,1.4206892,100.0,3.0,2.616
5282,Netherlands,NLD,2005,60000.0,0.0,0.0,0.0,0.0,1.3908324,100.0,3.0,2.616
5283,Netherlands,NLD,2006,46000.0,0.0,0.0,0.0,0.0,1.3865151,100.0,3.0,2.616
5284,Netherlands,NLD,2007,41000.0,0.0,0.0,0.0,0.0,1.3468748,100.0,3.0,2.616
5285,Netherlands,NLD,2008,47000.0,0.0,0.0,0.0,0.0,1.2971001,100.0,3.0,2.616
5286,Netherlands,NLD,2009,43279.0,0.0,0.0,0.0,0.0,1.3858099,100.0,3.0,2.616
5287,Netherlands,NLD,2010,43279.0,0.0,0.0,0.0,0.0,1.3175288,100.0,3.0,2.616
5288,Netherlands,NLD,2011,43300.0,0.0,0.0,0.0,0.0,1.2772613,100.0,3.0,2.616
5289,Netherlands,NLD,2012,43300.0,0.0,0.0,0.0,0.0,1.2255254,100.0,3.0,2.616
5290,Netherlands,NLD,2013,43300.0,0.0,0.0,0.0,0.0,1.1572088,100.0,3.0,2.131
5291,Netherlands,NLD,2014,41900.0,0.0,0.0,0.0,0.0,1.1476113,100.0,3.0,2.131
5292,Netherlands,NLD,2015,41310.0,0.0,0.0,0.0,0.0,1.1178603,100.0,3.0,2.131
5293,Netherlands,NLD,2016,41310.0,0.0,0.0,0.0,0.0,1.1444997,100.0,3.0,2.131
5294,Netherlands,NLD,2017,41000.0,0.0,0.0,0.0,0.0,1.1372144,100.0,3.0,2.131
5295,Netherlands,NLD,2018,41410.0,0.0,0.0,0.0,0.0,1.1961416,100.0,3.0,1.574
5296,Netherlands,NLD,2019,41000.0,0.0,0.0,0.0,0.0,1.2918084,100.0,3.0,2.211
5297,Netherlands,NLD,2020,41000.0,0.0,0.0,0.0,0.0,1.4060771,99.4,3.0,2.211
5298,Netherlands,NLD,2021,,0.0,0.0,0.0,0.0,1.3653749,99.0,3.0,2.211
5299,Netherlands,NLD,2022,,0.0,0.0,0.0,0.0,1.3041999,99.0,3.0,1.889
5300,Netherlands,NLD,2023,,0.0,0.0,0.0,0.0,1.4413652,99.0,3.0,1.889
5301,Netherlands,NLD,2024,,0.0,0.0,0.0,0.0,1.9164255,99.0,3.0,1.889
5304,New Zealand,NZL,1989,12000.0,0.0,0.0,0.0,0.0,2.1812894,99.833,3.0,2.897
5305,New Zealand,NZL,1990,11000.0,0.0,0.0,0.0,0.0,2.3111818,99.833,3.0,2.897
5306,New Zealand,NZL,1991,11000.0,0.0,0.0,0.0,0.0,2.278799,99.833,3.0,2.897
5307,New Zealand,NZL,1992,11000.0,0.0,0.0,0.0,0.0,2.0969203,99.833,3.0,2.897
5308,New Zealand,NZL,1993,11000.0,0.0,0.0,0.0,0.0,1.9357018,99.833,3.0,2.897
5309,New Zealand,NZL,1994,10000.0,0.0,0.0,0.0,0.0,1.8533684,99.833,3.0,2.897
5310,New Zealand,NZL,1995,10100.0,0.0,0.0,0.0,0.0,1.8424965,99.833,3.0,2.897
5311,New Zealand,NZL,1996,9870.0,0.0,0.0,0.0,0.0,1.7926623,99.833,3.0,2.897
5312,New Zealand,NZL,1997,9550.0,0.0,0.0,0.0,0.0,1.7194735,99.833,3.0,2.897
5313,New Zealand,NZL,1998,9550.0,0.0,0.0,0.0,0.0,1.7105722,99.833,3.0,2.897
5314,New Zealand,NZL,1999,9530.0,0.0,0.0,0.0,0.0,1.6484752,99.833,3.0,2.897
5315,New Zealand,NZL,2000,9200.0,0.0,0.0,0.0,0.0,1.5966166,99.833,3.0,2.897
5316,New Zealand,NZL,2001,9200.0,0.0,0.0,0.0,0.0,1.5003722,99.833,3.0,2.897
5317,New Zealand,NZL,2002,8700.0,0.0,0.0,0.0,0.0,1.4002752,99.833,3.0,2.897
5318,New Zealand,NZL,2003,8600.0,0.0,0.0,0.0,0.0,1.327582,99.833,3.0,2.897
5319,New Zealand,NZL,2004,8000.0,0.0,0.0,0.0,0.0,1.1767955,99.833,3.0,2.897
5320,New Zealand,NZL,2005,9000.0,0.0,0.0,0.0,0.0,1.139906,99.833,3.0,2.897
5321,New Zealand,NZL,2006,9000.0,0.0,0.0,0.0,0.0,1.2408279,99.833,3.0,2.897
5322,New Zealand,NZL,2007,9000.0,0.0,0.0,0.0,0.0,1.1820711,99.833,3.0,2.897
5323,New Zealand,NZL,2008,9000.0,0.0,0.0,0.0,0.0,1.1527644,99.833,3.0,2.897
5324,New Zealand,NZL,2009,9673.0,0.0,0.0,0.0,0.0,1.2198117,99.833,3.0,2.897
5325,New Zealand,NZL,2010,9673.0,0.0,0.0,0.0,0.0,1.2099191,99.833,3.0,2.897
5326,New Zealand,NZL,2011,8550.0,0.0,0.0,0.0,0.0,1.1623493,99.833,3.0,2.897
5327,New Zealand,NZL,2012,8550.0,0.0,0.0,0.0,0.0,1.1163722,99.833,3.0,2.897
5328,New Zealand,NZL,2013,8500.0,0.0,0.0,0.0,0.0,1.0439234,99.833,3.0,2.897
5329,New Zealand,NZL,2014,8500.0,0.0,0.0,0.0,0.0,0.9981467,99.833,3.0,2.897
5330,New Zealand,NZL,2015,8950.0,0.0,0.0,0.0,0.0,0.98795044,99.833,3.0,2.897
5331,New Zealand,NZL,2016,9000.0,0.0,0.0,0.0,0.0,1.0355284,99.833,3.0,2.897
5332,New Zealand,NZL,2017,9000.0,0.0,0.0,0.0,0.0,1.051953,99.833,3.0,2.897
5333,New Zealand,NZL,2018,9400.0,0.0,0.0,0.0,0.0,1.105434,99.833,3.0,2.897
5334,New Zealand,NZL,2019,9000.0,0.0,0.0,0.0,0.0,1.2932633,99.833,3.0,2.897
5335,New Zealand,NZL,2020,10000.0,0.0,0.0,0.0,0.0,1.3399501,99.833,3.0,2.897
5336,New Zealand,NZL,2021,,0.0,0.0,0.0,0.0,1.1647755,99.833,3.0,2.226
5337,New Zealand,NZL,2022,,0.0,0.0,0.0,0.0,1.1708986,99.833,3.0,2.226
5338,New Zealand,NZL,2023,,0.0,0.0,0.0,0.0,1.2206483,99.833,3.0,2.672
5339,New Zealand,NZL,2024,,0.0,0.0,0.0,0.0,1.194047,99.833,3.0,2.672
5340,Nicaragua,NIC,1989,65000.0,134.0,14.0,378.0,526.0,,70.0,1.0,-0.292
5341,Nicaragua,NIC,1990,28000.0,2.0,0.0,37.0,39.0,,90.0,2.0,0.416
5342,Nicaragua,NIC,1991,20000.0,0.0,0.0,0.0,0.0,4.002216,90.545,2.0,0.416
5343,Nicaragua,NIC,1992,15000.0,0.0,0.0,0.0,0.0,2.6327531,90.545,2.0,0.416
5344,Nicaragua,NIC,1993,15000.0,0.0,0.0,0.0,0.0,2.1023257,90.545,2.0,0.416
5345,Nicaragua,NIC,1994,14000.0,0.0,0.0,0.0,0.0,1.1895003,90.545,2.0,0.416
5346,Nicaragua,NIC,1995,12000.0,0.0,0.0,0.0,0.0,1.1028203,90.545,2.0,0.416
5347,Nicaragua,NIC,1996,17000.0,0.0,0.0,0.0,0.0,0.94970495,90.545,2.0,0.254
5348,Nicaragua,NIC,1997,17000.0,0.0,0.0,0.0,0.0,0.89466983,90.545,2.0,0.254
5349,Nicaragua,NIC,1998,17000.0,0.0,0.0,0.0,0.0,0.7353622,90.545,2.0,0.254
5350,Nicaragua,NIC,1999,16000.0,0.0,0.0,0.0,0.0,0.71949285,90.545,2.0,-0.22
5351,Nicaragua,NIC,2000,16000.0,0.0,0.0,0.0,0.0,0.7827515,90.545,2.0,-0.22
5352,Nicaragua,NIC,2001,16000.0,0.0,0.0,0.0,0.0,0.6835245,90.545,2.0,-0.22
5353,Nicaragua,NIC,2002,14000.0,0.0,0.0,0.0,0.0,0.8651656,90.545,2.0,-0.105
5354,Nicaragua,NIC,2003,14000.0,0.0,0.0,0.0,0.0,0.86073744,90.545,2.0,-0.105
5355,Nicaragua,NIC,2004,14000.0,0.0,0.0,0.0,0.0,0.7307933,90.545,2.0,-0.105
5356,Nicaragua,NIC,2005,14000.0,0.0,0.0,0.0,0.0,0.70040405,90.545,2.0,-0.105
5357,Nicaragua,NIC,2006,14000.0,0.0,0.0,0.0,0.0,0.551256,90.545,2.0,-0.208
5358,Nicaragua,NIC,2007,14000.0,0.0,0.0,0.0,0.0,0.53172624,92.818,1.0,-0.517
5359,Nicaragua,NIC,2008,12000.0,0.0,0.0,0.0,0.0,0.5020584,92.818,1.0,-0.755
5360,Nicaragua,NIC,2009,12000.0,0.0,0.0,0.0,0.0,0.502751,92.818,1.0,-0.755
5361,Nicaragua,NIC,2010,12000.0,0.0,0.0,0.0,0.0,0.50547266,92.818,1.0,-0.755
5362,Nicaragua,NIC,2011,12000.0,0.0,0.0,0.0,0.0,0.5264113,92.818,1.0,-0.755
5363,Nicaragua,NIC,2012,12000.0,0.0,0.0,0.0,0.0,0.66590357,92.818,1.0,-0.755
5364,Nicaragua,NIC,2013,12000.0,0.0,0.0,0.0,0.0,0.6786142,92.273,1.0,-0.755
5365,Nicaragua,NIC,2014,12000.0,0.0,0.0,0.0,0.0,0.685092,92.273,1.0,-0.755
5366,Nicaragua,NIC,2015,12000.0,0.0,0.0,0.0,0.0,0.7755374,92.273,1.0,-0.755
5367,Nicaragua,NIC,2016,12000.0,0.0,0.0,0.0,0.0,0.63987666,92.273,1.0,-0.534
5368,Nicaragua,NIC,2017,12000.0,0.0,0.0,0.0,0.0,0.6265101,92.1,1.0,-0.661
5369,Nicaragua,NIC,2018,12000.0,0.0,0.0,0.0,0.0,0.62717223,88.4,1.0,-2.047
5370,Nicaragua,NIC,2019,12000.0,0.0,0.0,0.0,0.0,0.60502005,88.3,1.0,-2.047
5371,Nicaragua,NIC,2020,12000.0,0.0,0.0,0.0,0.0,0.62997186,91.0,1.0,-1.753
5372,Nicaragua,NIC,2021,,0.0,0.0,0.0,0.0,0.5497594,92.0,1.0,-1.956
5373,Nicaragua,NIC,2022,,0.0,0.0,0.0,0.0,0.53711396,91.8,1.0,-2.937
5374,Nicaragua,NIC,2023,,0.0,0.0,0.0,0.0,0.554656,82.333,1.0,-3.273
5375,Nicaragua,NIC,2024,,0.0,0.0,0.0,0.0,0.54513127,82.625,1.0,-3.273
5376,Niger,NER,1989,4000.0,170.0,0.0,0.0,170.0,,83.0,1.0,0.73
5377,Niger,NER,1990,5000.0,200.0,0.0,0.0,200.0,,82.0,1.0,0.003
5378,Niger,NER,1991,5000.0,0.0,7.0,33.0,40.0,,82.0,1.0,0.003
5379,Niger,NER,1992,5000.0,1.0,0.0,28.0,29.0,,82.0,1.0,0.003
5380,Niger,NER,1993,5000.0,0.0,0.0,0.0,0.0,,82.0,2.0,0.003
5381,Niger,NER,1994,5000.0,1.0,0.0,49.0,50.0,1.232372,82.0,2.0,0.003
5382,Niger,NER,1995,10700.0,31.0,0.0,34.0,65.0,0.97097623,82.0,2.0,0.003
5383,Niger,NER,1996,10700.0,0.0,0.0,0.0,0.0,0.8614015,82.0,1.0,0.003
5384,Niger,NER,1997,10700.0,1.0,13.0,60.0,74.0,0.93259466,82.0,1.0,-0.299
5385,Niger,NER,1998,10700.0,147.0,0.0,0.0,147.0,1.0612245,82.0,1.0,-0.299
5386,Niger,NER,1999,10700.0,0.0,0.0,0.0,0.0,1.166908,82.0,1.0,-0.299
5387,Niger,NER,2000,10700.0,0.0,0.0,0.0,0.0,1.1646107,76.182,2.0,0.454
5388,Niger,NER,2001,10700.0,0.0,0.0,0.0,0.0,1.3201598,76.182,2.0,0.454
5389,Niger,NER,2002,10700.0,0.0,0.0,0.0,0.0,0.963348,76.182,2.0,0.454
5390,Niger,NER,2003,10700.0,0.0,0.0,0.0,0.0,0.93176365,76.182,2.0,0.454
5391,Niger,NER,2004,10000.0,0.0,0.0,4.0,4.0,1.0911872,76.182,2.0,0.454
5392,Niger,NER,2005,10000.0,0.0,0.0,0.0,0.0,0.71521175,76.182,2.0,0.454
5393,Niger,NER,2006,10000.0,0.0,0.0,0.0,0.0,,76.182,2.0,0.454
5394,Niger,NER,2007,10000.0,5.0,0.0,76.0,81.0,,76.182,2.0,0.454
5395,Niger,NER,2008,10000.0,1.0,8.0,38.0,47.0,0.7394464,76.182,2.0,0.454
5396,Niger,NER,2009,10700.0,0.0,0.0,0.0,0.0,0.73526233,76.182,1.0,0.397
5397,Niger,NER,2010,10700.0,0.0,0.0,0.0,0.0,0.8765032,75.909,0.0,1.025
5398,Niger,NER,2011,10700.0,0.0,0.0,3.0,3.0,0.976042,75.909,2.0,1.025
5399,Niger,NER,2012,10700.0,0.0,0.0,0.0,0.0,1.6239845,77.818,2.0,1.025
5400,Niger,NER,2013,10700.0,1.0,0.0,30.0,31.0,1.0452311,65.333,2.0,1.08
5401,Niger,NER,2014,10700.0,0.0,0.0,0.0,0.0,1.3385983,65.333,2.0,1.156
5402,Niger,NER,2015,10700.0,204.0,11.0,318.0,533.0,,65.333,2.0,1.002
5403,Niger,NER,2016,10700.0,25.0,0.0,275.0,300.0,1.5996462,65.333,2.0,1.002
5404,Niger,NER,2017,10000.0,28.0,0.0,215.0,243.0,1.8098428,63.444,2.0,1.041
5405,Niger,NER,2018,10300.0,82.0,28.0,76.0,186.0,1.7938088,78.333,2.0,1.215
5406,Niger,NER,2019,10000.0,196.0,1.0,279.0,476.0,1.917336,69.111,2.0,0.95
5407,Niger,NER,2020,10000.0,293.0,0.0,525.0,818.0,1.7336076,59.556,2.0,0.95
5408,Niger,NER,2021,,655.0,37.0,442.0,1134.0,1.357301,68.375,2.0,0.95
5409,Niger,NER,2022,,111.0,56.0,497.0,664.0,1.5729765,73.714,2.0,0.831
5410,Niger,NER,2023,,169.0,12.0,297.0,478.0,1.9761599,79.143,0.0,0.388
5411,Niger,NER,2024,,285.0,60.0,876.0,1221.0,2.241776,83.357,0.0,0.488
5412,Nigeria,NGA,1989,107000.0,0.0,0.0,0.0,0.0,0.57989466,81.875,0.0,-1.566
5413,Nigeria,NGA,1990,94000.0,80.0,0.0,0.0,80.0,0.8331153,81.875,0.0,-1.566
5414,Nigeria,NGA,1991,94000.0,0.0,180.0,200.0,380.0,0.7736913,81.875,0.0,-1.566
5415,Nigeria,NGA,1992,76000.0,0.0,942.0,0.0,942.0,0.56401074,81.875,0.0,-1.566
5416,Nigeria,NGA,1993,76000.0,0.0,1078.0,97.0,1175.0,0.9332183,81.875,0.0,-1.566
5417,Nigeria,NGA,1994,80000.0,56.0,30.0,0.0,86.0,0.7814523,81.875,0.0,-1.834
5418,Nigeria,NGA,1995,89100.0,0.0,0.0,0.0,0.0,0.48355874,81.875,0.0,-1.834
5419,Nigeria,NGA,1996,89100.0,0.0,80.0,0.0,80.0,0.40617782,81.875,0.0,-1.834
5420,Nigeria,NGA,1997,107000.0,0.0,212.0,350.0,562.0,0.43583578,81.875,0.0,-1.834
5421,Nigeria,NGA,1998,107000.0,42.0,277.0,4.0,323.0,0.54831237,81.875,0.0,-1.483
5422,Nigeria,NGA,1999,124000.0,2505.0,994.0,20.0,3519.0,0.8554156,81.875,1.0,-0.996
5423,Nigeria,NGA,2000,106500.0,31.0,2054.0,0.0,2085.0,0.54353166,81.875,1.0,-0.996
5424,Nigeria,NGA,2001,160500.0,367.0,1902.0,93.0,2362.0,0.7803159,81.875,1.0,-0.996
5425,Nigeria,NGA,2002,160500.0,118.0,439.0,28.0,585.0,0.9543381,81.875,1.0,-0.996
5426,Nigeria,NGA,2003,160500.0,133.0,202.0,91.0,426.0,0.57070756,81.875,1.0,-0.996
5427,Nigeria,NGA,2004,160000.0,61.0,909.0,1118.0,2088.0,0.49099675,81.875,1.0,-0.996
5428,Nigeria,NGA,2005,161000.0,0.0,160.0,2.0,162.0,0.39742297,81.875,1.0,-0.996
5429,Nigeria,NGA,2006,162000.0,2.0,87.0,111.0,200.0,0.34837544,81.875,1.0,-0.996
5430,Nigeria,NGA,2007,162000.0,0.0,100.0,0.0,100.0,0.37035483,81.875,1.0,-0.996
5431,Nigeria,NGA,2008,162000.0,146.0,233.0,0.0,379.0,0.48908415,81.875,1.0,-0.996
5432,Nigeria,NGA,2009,162000.0,3.0,180.0,255.0,438.0,0.5058556,81.875,1.0,-0.996
5433,Nigeria,NGA,2010,162000.0,92.0,130.0,666.0,888.0,0.5392311,81.0,1.0,-0.961
5434,Nigeria,NGA,2011,162000.0,187.0,932.0,702.0,1821.0,0.57922703,81.0,1.0,-0.961
5435,Nigeria,NGA,2012,162000.0,894.0,372.0,686.0,1952.0,0.50426495,79.5,2.0,-0.961
5436,Nigeria,NGA,2013,162000.0,850.0,553.0,1936.0,3339.0,0.4696953,82.083,2.0,-0.859
5437,Nigeria,NGA,2014,162000.0,5256.0,322.0,4709.0,10287.0,0.41471878,82.083,2.0,-0.859
5438,Nigeria,NGA,2015,200000.0,3789.0,1093.0,4211.0,9093.0,0.4176365,83.333,2.0,-0.893
5439,Nigeria,NGA,2016,200000.0,652.0,333.0,2863.0,3848.0,0.43294778,83.636,2.0,-0.893
5440,Nigeria,NGA,2017,215000.0,885.0,389.0,2206.0,3480.0,0.43067122,80.455,2.0,-0.893
5441,Nigeria,NGA,2018,223000.0,581.0,383.0,2161.0,3125.0,0.50694454,79.545,2.0,-0.893
5442,Nigeria,NGA,2019,223000.0,478.0,267.0,1550.0,2295.0,0.45917052,79.091,2.0,-0.893
5443,Nigeria,NGA,2020,223000.0,566.0,191.0,2152.0,2909.0,0.6320229,75.0,2.0,-0.893
5444,Nigeria,NGA,2021,,261.0,597.0,2235.0,3093.0,1.0127019,83.091,1.0,-0.89
5445,Nigeria,NGA,2022,,387.0,395.0,2032.0,2814.0,0.6501667,83.909,1.0,-0.89
5446,Nigeria,NGA,2023,,383.0,898.0,2623.0,3904.0,0.8426542,84.818,1.0,-0.348
5447,Nigeria,NGA,2024,,507.0,700.0,1854.0,3061.0,0.5554294,84.8,2.0,-0.792
5554,North Korea,PRK,1989,1040000.0,0.0,0.0,0.0,0.0,,97.778,0.0,-0.272
5555,North Korea,PRK,1990,1200000.0,0.0,0.0,0.0,0.0,,97.778,0.0,-0.272
5556,North Korea,PRK,1991,1200000.0,0.0,0.0,0.0,0.0,,97.778,0.0,-0.272
5557,North Korea,PRK,1992,1200000.0,0.0,0.0,0.0,0.0,,97.778,0.0,-0.272
5558,North Korea,PRK,1993,1100000.0,0.0,0.0,0.0,0.0,,97.778,0.0,-0.272
5559,North Korea,PRK,1994,1100000.0,0.0,0.0,0.0,0.0,,97.778,0.0,-0.272
5560,North Korea,PRK,1995,1243000.0,0.0,0.0,0.0,0.0,,97.778,0.0,-1.844
5561,North Korea,PRK,1996,1169000.0,0.0,0.0,0.0,0.0,,97.778,0.0,-1.844
5562,North Korea,PRK,1997,1244000.0,0.0,0.0,0.0,0.0,,97.778,0.0,-1.844
5563,North Korea,PRK,1998,1244000.0,0.0,0.0,0.0,0.0,,97.778,0.0,-1.844
5564,North Korea,PRK,1999,1244000.0,0.0,0.0,0.0,0.0,,97.778,0.0,-1.844
5565,North Korea,PRK,2000,1244000.0,0.0,0.0,0.0,0.0,,97.778,0.0,-1.844
5566,North Korea,PRK,2001,1271000.0,0.0,0.0,0.0,0.0,,97.778,0.0,-1.844
5567,North Korea,PRK,2002,1271000.0,0.0,0.0,0.0,0.0,,97.778,0.0,-1.844
5568,North Korea,PRK,2003,1271000.0,0.0,0.0,0.0,0.0,,97.778,0.0,-1.844
5569,North Korea,PRK,2004,1295000.0,0.0,0.0,0.0,0.0,,97.778,0.0,-1.844
5570,North Korea,PRK,2005,1295000.0,0.0,0.0,0.0,0.0,,97.778,0.0,-1.844
5571,North Korea,PRK,2006,1295000.0,0.0,0.0,0.0,0.0,,97.778,0.0,-1.844
5572,North Korea,PRK,2007,1295000.0,0.0,0.0,0.0,0.0,,97.778,0.0,-1.844
5573,North Korea,PRK,2008,1295000.0,0.0,0.0,0.0,0.0,,97.778,0.0,-1.844
5574,North Korea,PRK,2009,1379000.0,0.0,0.0,0.0,0.0,,97.778,0.0,-1.844
5575,North Korea,PRK,2010,1379000.0,0.0,0.0,0.0,0.0,,97.778,0.0,-1.844
5576,North Korea,PRK,2011,1379000.0,0.0,0.0,0.0,0.0,,97.778,0.0,-1.844
5577,North Korea,PRK,2012,1379000.0,0.0,0.0,0.0,0.0,,97.778,0.0,-1.844
5578,North Korea,PRK,2013,1379000.0,0.0,0.0,0.0,0.0,,97.778,0.0,-1.844
5579,North Korea,PRK,2014,1379000.0,0.0,0.0,0.0,0.0,,97.778,0.0,-1.844
5580,North Korea,PRK,2015,1379000.0,0.0,0.0,0.0,0.0,,97.778,0.0,-1.844
5581,North Korea,PRK,2016,1469000.0,0.0,0.0,0.0,0.0,,97.778,0.0,-1.844
5582,North Korea,PRK,2017,1469000.0,0.0,0.0,0.0,0.0,,97.778,0.0,-1.844
5583,North Korea,PRK,2018,1469000.0,0.0,0.0,0.0,0.0,,97.778,0.0,-1.844
5584,North Korea,PRK,2019,1469000.0,0.0,0.0,0.0,0.0,,97.778,0.0,-1.844
5585,North Korea,PRK,2020,1469000.0,0.0,0.0,0.0,0.0,,97.778,0.0,-1.844
5586,North Korea,PRK,2021,,0.0,0.0,0.0,0.0,,97.778,0.0,-1.844
5587,North Korea,PRK,2022,,0.0,0.0,0.0,0.0,,97.778,0.0,-1.844
5588,North Korea,PRK,2023,,0.0,0.0,0.0,0.0,,97.778,0.0,-1.844
5589,North Korea,PRK,2024,,0.0,0.0,0.0,0.0,,99.25,0.0,-1.844
5590,North Macedonia,MKD,1989,,0.0,0.0,0.0,0.0,,95.6,0.0,1.525
5591,North Macedonia,MKD,1990,,0.0,0.0,0.0,0.0,,93.6,0.0,1.184
5592,North Macedonia,MKD,1991,,0.0,0.0,0.0,0.0,,89.5,0.0,0.658
5593,North Macedonia,MKD,1992,10000.0,0.0,0.0,0.0,0.0,,88.833,0.0,0.658
5594,North Macedonia,MKD,1993,10000.0,0.0,0.0,0.0,0.0,,93.5,0.0,0.539
5595,North Macedonia,MKD,1994,10000.0,0.0,0.0,0.0,0.0,,93.167,1.0,0.539
5596,North Macedonia,MKD,1995,17900.0,0.0,0.0,0.0,0.0,,93.5,1.0,0.539
5597,North Macedonia,MKD,1996,17900.0,0.0,0.0,0.0,0.0,2.8136768,93.5,1.0,0.539
5598,North Macedonia,MKD,1997,22900.0,0.0,0.0,0.0,0.0,2.128247,93.5,1.0,0.539
5599,North Macedonia,MKD,1998,27500.0,0.0,0.0,0.0,0.0,2.0982397,93.333,2.0,0.539
5600,North Macedonia,MKD,1999,23500.0,6.0,0.0,3.0,9.0,1.7138206,90.0,1.0,0.539
5601,North Macedonia,MKD,2000,23500.0,0.0,0.0,0.0,0.0,1.8508215,87.833,1.0,0.695
5602,North Macedonia,MKD,2001,26000.0,11.0,0.0,61.0,72.0,6.1003957,68.333,1.0,0.695
5603,North Macedonia,MKD,2002,19900.0,0.0,0.0,0.0,0.0,2.6455977,84.5,2.0,0.989
5604,North Macedonia,MKD,2003,20400.0,0.0,0.0,0.0,0.0,2.341701,91.667,2.0,0.989
5605,North Macedonia,MKD,2004,17000.0,0.0,0.0,0.0,0.0,2.380104,90.0,2.0,0.989
5606,North Macedonia,MKD,2005,19000.0,0.0,0.0,0.0,0.0,2.0292633,96.692,2.0,0.989
5607,North Macedonia,MKD,2006,19000.0,0.0,0.0,0.0,0.0,1.8365377,96.615,2.0,1.067
5608,North Macedonia,MKD,2007,19000.0,0.0,0.0,0.0,0.0,1.9500697,96.538,2.0,0.947
5609,North Macedonia,MKD,2008,19000.0,0.0,0.0,0.0,0.0,1.7423408,96.692,2.0,0.845
5610,North Macedonia,MKD,2009,8000.0,0.0,0.0,0.0,0.0,1.6881645,96.615,2.0,0.932
5611,North Macedonia,MKD,2010,8000.0,0.0,0.0,0.0,0.0,1.3821546,96.615,2.0,1.007
5612,North Macedonia,MKD,2011,8000.0,0.0,0.0,0.0,0.0,1.2621871,96.846,1.0,0.839
5613,North Macedonia,MKD,2012,8000.0,0.0,0.0,0.0,0.0,1.2253197,96.692,1.0,0.725
5614,North Macedonia,MKD,2013,8000.0,0.0,0.0,0.0,0.0,1.1694372,97.636,1.0,0.181
5615,North Macedonia,MKD,2014,8000.0,0.0,0.0,0.0,0.0,1.0929608,97.545,1.0,0.181
5616,North Macedonia,MKD,2015,15600.0,0.0,0.0,0.0,0.0,0.99342775,95.909,1.0,0.181
5617,North Macedonia,MKD,2016,15600.0,0.0,0.0,0.0,0.0,0.97011596,96.333,1.0,0.209
5618,North Macedonia,MKD,2017,16000.0,0.0,0.0,0.0,0.0,0.8950414,96.556,2.0,0.466
5619,North Macedonia,MKD,2018,16000.0,0.0,0.0,0.0,0.0,0.94310874,95.444,2.0,0.132
5620,North Macedonia,MKD,2019,16000.0,0.0,0.0,0.0,0.0,1.1591163,95.556,2.0,-0.149
5621,North Macedonia,MKD,2020,16000.0,0.0,0.0,0.0,0.0,1.2405866,94.444,2.0,-0.07
5622,North Macedonia,MKD,2021,,0.0,0.0,0.0,0.0,1.4537089,94.444,2.0,-0.236
5623,North Macedonia,MKD,2022,,0.0,0.0,0.0,0.0,1.5805974,94.444,2.0,-0.183
5624,North Macedonia,MKD,2023,,0.0,0.0,0.0,0.0,1.6932281,94.444,2.0,-0.183
5625,North Macedonia,MKD,2024,,0.0,0.0,0.0,0.0,2.1035285,94.444,2.0,-0.613
5627,Norway,NOR,1989,43000.0,0.0,0.0,0.0,0.0,2.8573203,99.812,3.0,3.281
5628,Norway,NOR,1990,51000.0,0.0,0.0,0.0,0.0,2.8339918,99.812,3.0,3.281
5629,Norway,NOR,1991,41000.0,0.0,0.0,0.0,0.0,2.697551,99.812,3.0,3.281
5630,Norway,NOR,1992,36000.0,0.0,0.0,0.0,0.0,2.9071705,99.812,3.0,3.281
5631,Norway,NOR,1993,32000.0,0.0,0.0,0.0,0.0,2.6336186,99.812,3.0,3.281
5632,Norway,NOR,1994,33000.0,0.0,0.0,0.0,0.0,2.6769812,99.812,3.0,3.281
5633,Norway,NOR,1995,30700.0,0.0,0.0,0.0,0.0,2.3074574,99.812,3.0,3.281
5634,Norway,NOR,1996,30700.0,0.0,0.0,0.0,0.0,2.163042,99.812,3.0,3.281
5635,Norway,NOR,1997,34300.0,0.0,0.0,0.0,0.0,2.0160513,99.812,3.0,3.281
5636,Norway,NOR,1998,28870.0,0.0,0.0,0.0,0.0,2.1558278,99.812,3.0,3.281
5637,Norway,NOR,1999,31000.0,0.0,0.0,0.0,0.0,2.0378804,99.812,3.0,3.281
5638,Norway,NOR,2000,27000.0,0.0,0.0,0.0,0.0,1.7044235,99.812,3.0,3.281
5639,Norway,NOR,2001,26700.0,0.0,0.0,0.0,0.0,1.7022318,99.812,3.0,3.281
5640,Norway,NOR,2002,26600.0,0.0,0.0,0.0,0.0,2.0753193,99.812,3.0,3.281
5641,Norway,NOR,2003,26600.0,0.0,0.0,0.0,0.0,1.9694045,99.812,3.0,3.281
5642,Norway,NOR,2004,25000.0,0.0,0.0,0.0,0.0,1.8424346,99.812,3.0,3.281
5643,Norway,NOR,2005,47000.0,0.0,0.0,0.0,0.0,1.5758846,99.812,3.0,3.281
5644,Norway,NOR,2006,16000.0,0.0,0.0,0.0,0.0,1.444668,99.812,3.0,3.281
5645,Norway,NOR,2007,19000.0,0.0,0.0,0.0,0.0,1.4591721,99.812,3.0,3.281
5646,Norway,NOR,2008,19000.0,0.0,0.0,0.0,0.0,1.3703337,99.688,3.0,3.281
5647,Norway,NOR,2009,26450.0,0.0,0.0,0.0,0.0,1.5969098,99.688,3.0,3.281
5648,Norway,NOR,2010,24450.0,0.0,0.0,0.0,0.0,1.507628,99.812,3.0,3.281
5649,Norway,NOR,2011,24450.0,0.0,0.0,0.0,0.0,1.4425275,99.812,3.0,3.281
5650,Norway,NOR,2012,25800.0,0.0,0.0,0.0,0.0,1.39319,99.812,3.0,3.281
5651,Norway,NOR,2013,25800.0,0.0,0.0,0.0,0.0,1.4052521,99.812,3.0,3.281
5652,Norway,NOR,2014,25800.0,0.0,0.0,0.0,0.0,1.4622794,99.812,3.0,3.281
5653,Norway,NOR,2015,24950.0,0.0,0.0,0.0,0.0,1.4981233,99.812,3.0,3.281
5654,Norway,NOR,2016,23950.0,0.0,0.0,0.0,0.0,1.6173439,99.812,3.0,3.281
5655,Norway,NOR,2017,23000.0,0.0,0.0,0.0,0.0,1.7051532,99.812,3.0,3.281
5656,Norway,NOR,2018,23250.0,0.0,0.0,0.0,0.0,1.7152975,99.222,3.0,3.281
5657,Norway,NOR,2019,23000.0,0.0,0.0,0.0,0.0,1.8437353,98.286,3.0,3.281
5658,Norway,NOR,2020,25000.0,0.0,0.0,0.0,0.0,1.9659837,99.0,3.0,2.372
5659,Norway,NOR,2021,,0.0,0.0,0.0,0.0,1.6763217,99.0,3.0,2.372
5660,Norway,NOR,2022,,0.0,0.0,0.0,0.0,1.4643697,99.0,3.0,2.372
5661,Norway,NOR,2023,,0.0,0.0,0.0,0.0,1.8131474,99.0,3.0,2.372
5662,Norway,NOR,2024,,0.0,0.0,0.0,0.0,2.0912411,99.0,3.0,2.372
5735,Oman,OMN,1989,29000.0,0.0,0.0,0.0,0.0,12.5,98.857,0.0,1.143
5736,Oman,OMN,1990,32000.0,0.0,0.0,0.0,0.0,12.390942,98.857,0.0,1.143
5737,Oman,OMN,1991,29000.0,0.0,0.0,0.0,0.0,11.0639105,98.857,0.0,1.143
5738,Oman,OMN,1992,35000.0,0.0,0.0,0.0,0.0,12.184093,98.857,0.0,1.143
5739,Oman,OMN,1993,35000.0,0.0,0.0,0.0,0.0,11.525731,98.857,0.0,1.143
5740,Oman,OMN,1994,35000.0,0.0,0.0,0.0,0.0,11.766453,99.0,0.0,1.143
5741,Oman,OMN,1995,47900.0,0.0,0.0,0.0,0.0,10.967648,99.0,0.0,1.143
5742,Oman,OMN,1996,47900.0,0.0,0.0,0.0,0.0,9.407079,96.667,0.0,1.143
5743,Oman,OMN,1997,47900.0,0.0,0.0,0.0,0.0,9.357911,96.667,0.0,1.143
5744,Oman,OMN,1998,47900.0,0.0,0.0,0.0,0.0,8.216092,96.667,0.0,1.143
5745,Oman,OMN,1999,47900.0,0.0,0.0,0.0,0.0,7.516788,96.667,0.0,1.143
5746,Oman,OMN,2000,47900.0,0.0,0.0,0.0,0.0,7.0857086,96.667,0.0,1.143
5747,Oman,OMN,2001,47800.0,0.0,0.0,0.0,0.0,8.195641,96.667,0.0,1.143
5748,Oman,OMN,2002,46100.0,0.0,0.0,0.0,0.0,8.100665,96.667,0.0,1.143
5749,Oman,OMN,2003,46100.0,0.0,0.0,0.0,0.0,7.9620347,96.667,0.0,1.143
5750,Oman,OMN,2004,45000.0,0.0,0.0,0.0,0.0,7.8603797,96.667,0.0,1.143
5751,Oman,OMN,2005,46000.0,0.0,0.0,0.0,0.0,7.714034,96.667,0.0,1.143
5752,Oman,OMN,2006,47000.0,0.0,0.0,0.0,0.0,7.0990934,96.667,0.0,1.143
5753,Oman,OMN,2007,47000.0,0.0,0.0,0.0,0.0,6.717564,96.667,0.0,1.143
5754,Oman,OMN,2008,47000.0,0.0,0.0,0.0,0.0,4.9602485,96.75,0.0,1.143
5755,Oman,OMN,2009,47000.0,0.0,0.0,0.0,0.0,6.0725703,96.75,0.0,1.143
5756,Oman,OMN,2010,47000.0,0.0,0.0,0.0,0.0,5.648855,96.75,0.0,1.143
5757,Oman,OMN,2011,47000.0,0.0,0.0,0.0,0.0,6.452751,96.75,0.0,1.117
5758,Oman,OMN,2012,47000.0,0.0,0.0,0.0,0.0,10.583203,96.75,0.0,1.117
5759,Oman,OMN,2013,47000.0,0.0,0.0,0.0,0.0,9.7472725,96.75,0.0,1.117
5760,Oman,OMN,2014,47000.0,0.0,0.0,0.0,0.0,8.860412,96.75,0.0,1.221
5761,Oman,OMN,2015,47000.0,0.0,0.0,0.0,0.0,9.571167,96.75,0.0,1.221
5762,Oman,OMN,2016,47000.0,0.0,0.0,0.0,0.0,10.563127,96.75,0.0,1.221
5763,Oman,OMN,2017,47000.0,0.0,0.0,0.0,0.0,8.41325,96.273,0.0,0.979
5764,Oman,OMN,2018,46600.0,0.0,0.0,0.0,0.0,8.267602,96.273,0.0,0.979
5765,Oman,OMN,2019,47000.0,0.0,0.0,0.0,0.0,7.439212,95.25,0.0,0.979
5766,Oman,OMN,2020,47000.0,0.0,0.0,0.0,0.0,8.030243,94.5,0.0,0.979
5767,Oman,OMN,2021,,0.0,0.0,0.0,0.0,6.623175,87.333,0.0,0.891
5768,Oman,OMN,2022,,0.0,0.0,0.0,0.0,5.264759,90.5,0.0,0.891
5769,Oman,OMN,2023,,0.0,0.0,0.0,0.0,5.525961,88.167,0.0,0.891
5770,Oman,OMN,2024,,0.0,0.0,0.0,0.0,5.5941954,88.833,0.0,0.891
5772,Pakistan,PAK,1989,520000.0,2.0,109.0,3.0,114.0,6.532725,85.286,1.0,-1.197
5773,Pakistan,PAK,1990,550000.0,8.0,300.0,71.0,379.0,6.5223203,86.714,1.0,-1.197
5774,Pakistan,PAK,1991,565000.0,10.0,17.0,0.0,27.0,6.5709534,86.714,1.0,-1.197
5775,Pakistan,PAK,1992,580000.0,0.0,50.0,0.0,50.0,6.6981874,86.714,1.0,-1.197
5776,Pakistan,PAK,1993,580000.0,0.0,33.0,0.0,33.0,6.427313,86.714,1.0,-1.197
5777,Pakistan,PAK,1994,580000.0,44.0,108.0,9.0,161.0,5.923548,86.714,1.0,-1.197
5778,Pakistan,PAK,1995,846000.0,12.0,65.0,34.0,111.0,5.8202252,86.714,1.0,-1.197
5779,Pakistan,PAK,1996,835000.0,5.0,8.0,34.0,47.0,6.037166,86.714,1.0,-1.197
5780,Pakistan,PAK,1997,834000.0,43.0,60.0,17.0,120.0,5.6212163,86.714,1.0,-1.197
5781,Pakistan,PAK,1998,834000.0,84.0,29.0,17.0,130.0,5.415095,86.714,1.0,-1.197
5782,Pakistan,PAK,1999,834000.0,51.0,0.0,15.0,66.0,5.1898994,86.714,1.0,-1.197
5783,Pakistan,PAK,2000,900000.0,66.0,0.0,48.0,114.0,4.1687226,85.643,0.0,-1.197
5784,Pakistan,PAK,2001,908000.0,10.0,4.0,22.0,36.0,3.878934,85.643,0.0,-1.197
5785,Pakistan,PAK,2002,909000.0,128.0,0.0,31.0,159.0,4.0737705,82.143,1.0,-1.197
5786,Pakistan,PAK,2003,909000.0,216.0,3.0,74.0,293.0,4.0914273,82.143,1.0,-1.197
5787,Pakistan,PAK,2004,921000.0,91.0,79.0,267.0,437.0,3.956034,83.077,1.0,-1.197
5788,Pakistan,PAK,2005,921000.0,6.0,15.0,107.0,128.0,3.8970194,83.077,1.0,-1.197
5789,Pakistan,PAK,2006,923000.0,21.0,140.0,259.0,420.0,3.645255,82.808,1.0,-1.197
5790,Pakistan,PAK,2007,921000.0,175.0,310.0,892.0,1377.0,3.5119863,83.769,1.0,-1.197
5791,Pakistan,PAK,2008,921000.0,573.0,3069.0,947.0,4589.0,3.4593709,83.769,1.0,-1.247
5792,Pakistan,PAK,2009,921000.0,428.0,5689.0,1372.0,7489.0,3.265224,84.0,1.0,-1.209
5793,Pakistan,PAK,2010,946000.0,996.0,1504.0,4688.0,7188.0,3.0418932,83.357,1.0,-1.209
5794,Pakistan,PAK,2011,946000.0,375.0,488.0,2578.0,3441.0,2.9192433,83.357,1.0,-1.209
5795,Pakistan,PAK,2012,947800.0,362.0,266.0,2865.0,3493.0,3.0957737,83.357,1.0,-1.617
5796,Pakistan,PAK,2013,947800.0,849.0,231.0,1746.0,2826.0,3.08802,83.769,1.0,-1.582
5797,Pakistan,PAK,2014,925800.0,450.0,178.0,2941.0,3569.0,3.0965798,83.769,1.0,-1.536
5798,Pakistan,PAK,2015,935800.0,301.0,34.0,2031.0,2366.0,3.1629868,84.917,1.0,-1.413
5799,Pakistan,PAK,2016,935800.0,379.0,39.0,668.0,1086.0,3.2037768,85.333,1.0,-1.413
5800,Pakistan,PAK,2017,936000.0,414.0,10.0,528.0,952.0,3.364449,84.909,1.0,-1.495
5801,Pakistan,PAK,2018,944800.0,299.0,1.0,185.0,485.0,3.5869617,84.455,1.0,-0.826
5802,Pakistan,PAK,2019,943000.0,96.0,0.0,198.0,294.0,3.50584,83.5,1.0,-1.381
5803,Pakistan,PAK,2020,943000.0,60.0,17.0,315.0,392.0,3.486679,84.9,1.0,-1.278
5804,Pakistan,PAK,2021,,36.0,14.0,381.0,431.0,3.3892388,84.4,1.0,-1.11
5805,Pakistan,PAK,2022,,92.0,13.0,580.0,685.0,3.1768322,81.1,1.0,-1.62
5806,Pakistan,PAK,2023,,127.0,114.0,920.0,1161.0,2.8807998,84.444,1.0,-1.791
5807,Pakistan,PAK,2024,,192.0,203.0,1450.0,1845.0,2.6676004,86.0,1.0,-1.326
5809,Palau,PLW,1989,,0.0,0.0,0.0,0.0,,,,
5810,Palau,PLW,1990,,0.0,0.0,0.0,0.0,,,,
5811,Palau,PLW,1991,,0.0,0.0,0.0,0.0,,,,
5812,Palau,PLW,1992,,0.0,0.0,0.0,0.0,,,,
5813,Palau,PLW,1993,,0.0,0.0,0.0,0.0,,,,
5814,Palau,PLW,1994,,0.0,0.0,0.0,0.0,,,,
5815,Palau,PLW,1995,,0.0,0.0,0.0,0.0,,,,
5816,Palau,PLW,1996,,0.0,0.0,0.0,0.0,,,,
5817,Palau,PLW,1997,,0.0,0.0,0.0,0.0,,,,
5818,Palau,PLW,1998,,0.0,0.0,0.0,0.0,,,,
5819,Palau,PLW,1999,,0.0,0.0,0.0,0.0,,,,
5820,Palau,PLW,2000,,0.0,0.0,0.0,0.0,,,,
5821,Palau,PLW,2001,,0.0,0.0,0.0,0.0,,,,
5822,Palau,PLW,2002,,0.0,0.0,0.0,0.0,,,,
5823,Palau,PLW,2003,,0.0,0.0,0.0,0.0,,,,
5824,Palau,PLW,2004,,0.0,0.0,0.0,0.0,,,,
5825,Palau,PLW,2005,,0.0,0.0,0.0,0.0,,,,
5826,Palau,PLW,2006,,0.0,0.0,0.0,0.0,,,,
5827,Palau,PLW,2007,,0.0,0.0,0.0,0.0,,,,
5828,Palau,PLW,2008,,0.0,0.0,0.0,0.0,,,,
5829,Palau,PLW,2009,,0.0,0.0,0.0,0.0,,,,
5830,Palau,PLW,2010,,0.0,0.0,0.0,0.0,,,,
5831,Palau,PLW,2011,,0.0,0.0,0.0,0.0,,,,
5832,Palau,PLW,2012,,0.0,0.0,0.0,0.0,,,,
5833,Palau,PLW,2013,,0.0,0.0,0.0,0.0,,,,
5834,Palau,PLW,2014,,0.0,0.0,0.0,0.0,,,,
5835,Palau,PLW,2015,,0.0,0.0,0.0,0.0,,,,
5836,Palau,PLW,2016,,0.0,0.0,0.0,0.0,,,,
5837,Palau,PLW,2017,,0.0,0.0,0.0,0.0,,,,
5838,Palau,PLW,2018,,0.0,0.0,0.0,0.0,,,,
5839,Palau,PLW,2019,,0.0,0.0,0.0,0.0,,,,
5840,Palau,PLW,2020,,0.0,0.0,0.0,0.0,,,,
5841,Palau,PLW,2021,,0.0,0.0,0.0,0.0,,,,
5842,Palau,PLW,2022,,0.0,0.0,0.0,0.0,,,,
5843,Palau,PLW,2023,,0.0,0.0,0.0,0.0,,,,
5844,Palau,PLW,2024,,0.0,0.0,0.0,0.0,,,,
5935,Panama,PAN,1989,14000.0,500.0,0.0,420.0,920.0,2.0849104,79.333,1.0,-2.379
5936,Panama,PAN,1990,11000.0,0.0,0.0,0.0,0.0,1.2563592,79.333,1.0,0.554
5937,Panama,PAN,1991,12000.0,0.0,0.0,0.0,0.0,1.2285473,79.333,2.0,0.554
5938,Panama,PAN,1992,11000.0,0.0,0.0,0.0,0.0,1.0834743,79.333,2.0,0.554
5939,Panama,PAN,1993,11000.0,0.0,0.0,0.0,0.0,1.1986452,79.333,2.0,0.554
5940,Panama,PAN,1994,11000.0,0.0,0.0,0.0,0.0,1.1925566,79.333,2.0,1.062
5941,Panama,PAN,1995,11800.0,0.0,0.0,0.0,0.0,1.1157569,79.333,2.0,1.062
5942,Panama,PAN,1996,11800.0,0.0,0.0,0.0,0.0,1.0855924,79.333,2.0,1.062
5943,Panama,PAN,1997,11800.0,0.0,0.0,0.0,0.0,1.1701705,79.333,2.0,1.062
5944,Panama,PAN,1998,11800.0,0.0,0.0,0.0,0.0,0.951292,79.333,2.0,1.062
5945,Panama,PAN,1999,11800.0,0.0,0.0,0.0,0.0,0.9741365,79.333,2.0,1.062
5946,Panama,PAN,2000,11800.0,0.0,0.0,0.0,0.0,,87.708,2.0,1.062
5947,Panama,PAN,2001,11800.0,0.0,0.0,0.0,0.0,,87.708,2.0,1.062
5948,Panama,PAN,2002,11800.0,0.0,0.0,0.0,0.0,,87.708,2.0,1.062
5949,Panama,PAN,2003,11800.0,0.0,0.0,0.0,0.0,,87.708,2.0,1.062
5950,Panama,PAN,2004,,0.0,0.0,0.0,0.0,,87.708,2.0,1.062
5951,Panama,PAN,2005,12000.0,0.0,0.0,0.0,0.0,,87.708,2.0,1.062
5952,Panama,PAN,2006,12000.0,0.0,0.0,0.0,0.0,,87.708,2.0,1.062
5953,Panama,PAN,2007,12000.0,0.0,0.0,0.0,0.0,,87.708,2.0,1.062
5954,Panama,PAN,2008,12000.0,0.0,0.0,0.0,0.0,,87.708,2.0,1.062
5955,Panama,PAN,2009,12000.0,1.0,0.0,0.0,1.0,,87.708,2.0,1.062
5956,Panama,PAN,2010,12000.0,0.0,0.0,0.0,0.0,,87.708,2.0,1.062
5957,Panama,PAN,2011,12000.0,0.0,0.0,0.0,0.0,,87.708,2.0,1.062
5958,Panama,PAN,2012,12000.0,0.0,0.0,0.0,0.0,,87.708,2.0,1.062
5959,Panama,PAN,2013,12000.0,0.0,0.0,0.0,0.0,,85.727,2.0,1.423
5960,Panama,PAN,2014,12000.0,0.0,0.0,0.0,0.0,,85.727,2.0,1.423
5961,Panama,PAN,2015,22050.0,0.0,0.0,0.0,0.0,,85.727,2.0,1.423
5962,Panama,PAN,2016,22050.0,0.0,0.0,0.0,0.0,,85.727,2.0,1.423
5963,Panama,PAN,2017,26000.0,0.0,0.0,0.0,0.0,,84.9,2.0,1.171
5964,Panama,PAN,2018,26000.0,0.0,0.0,0.0,0.0,,93.5,2.0,0.921
5965,Panama,PAN,2019,28000.0,0.0,0.0,0.0,0.0,,98.0,2.0,0.921
5966,Panama,PAN,2020,28000.0,0.0,0.0,0.0,0.0,,97.5,2.0,0.921
5967,Panama,PAN,2021,,0.0,0.0,0.0,0.0,,97.333,2.0,0.921
5968,Panama,PAN,2022,,0.0,0.0,0.0,0.0,,96.5,2.0,0.921
5969,Panama,PAN,2023,,0.0,0.0,0.0,0.0,,96.0,2.0,0.921
5970,Panama,PAN,2024,,0.0,0.0,0.0,0.0,,94.333,2.0,1.181
5971,Papua New Guinea,PNG,1989,3000.0,0.0,0.0,0.0,0.0,1.4965361,87.643,2.0,-0.162
5972,Papua New Guinea,PNG,1990,4000.0,2.0,4.0,49.0,55.0,1.4191337,87.643,2.0,-0.162
5973,Papua New Guinea,PNG,1991,4000.0,0.0,0.0,0.0,0.0,0.9246859,87.643,2.0,-0.162
5974,Papua New Guinea,PNG,1992,4000.0,30.0,0.0,30.0,60.0,0.89035136,87.643,2.0,-0.162
5975,Papua New Guinea,PNG,1993,,1.0,0.0,33.0,34.0,0.91745824,87.643,2.0,-0.162
5976,Papua New Guinea,PNG,1994,4000.0,2.0,19.0,5.0,26.0,1.0132053,87.643,2.0,-0.162
5977,Papua New Guinea,PNG,1995,3800.0,1.0,13.0,15.0,29.0,0.7755161,87.643,2.0,-0.162
5978,Papua New Guinea,PNG,1996,3700.0,42.0,2.0,62.0,106.0,1.0173115,87.643,2.0,-0.162
5979,Papua New Guinea,PNG,1997,4300.0,0.0,0.0,0.0,0.0,1.0753537,87.643,2.0,-0.162
5980,Papua New Guinea,PNG,1998,4300.0,0.0,40.0,0.0,40.0,0.8792203,87.643,2.0,-0.162
5981,Papua New Guinea,PNG,1999,4300.0,0.0,40.0,20.0,60.0,0.6913945,87.643,2.0,-0.162
5982,Papua New Guinea,PNG,2000,4400.0,0.0,0.0,0.0,0.0,0.63910764,87.643,2.0,-0.162
5983,Papua New Guinea,PNG,2001,4400.0,0.0,34.0,27.0,61.0,0.54729486,87.643,2.0,-0.162
5984,Papua New Guinea,PNG,2002,3100.0,0.0,0.0,0.0,0.0,0.37163794,87.643,2.0,-0.162
5985,Papua New Guinea,PNG,2003,3100.0,0.0,0.0,0.0,0.0,0.3457632,87.643,2.0,-0.162
5986,Papua New Guinea,PNG,2004,3000.0,0.0,0.0,0.0,0.0,0.3891225,87.643,2.0,-0.162
5987,Papua New Guinea,PNG,2005,3000.0,0.0,0.0,0.0,0.0,0.41663778,87.643,2.0,-0.162
5988,Papua New Guinea,PNG,2006,3000.0,0.0,0.0,0.0,0.0,0.37692004,87.643,2.0,-0.162
5989,Papua New Guinea,PNG,2007,3000.0,0.0,0.0,0.0,0.0,0.41160262,87.643,1.0,-0.162
5990,Papua New Guinea,PNG,2008,3000.0,0.0,0.0,0.0,0.0,0.33701447,87.643,1.0,-0.162
5991,Papua New Guinea,PNG,2009,3100.0,0.0,0.0,0.0,0.0,0.447943,87.643,1.0,-0.162
5992,Papua New Guinea,PNG,2010,3100.0,0.0,0.0,0.0,0.0,0.3251445,87.643,1.0,-0.273
5993,Papua New Guinea,PNG,2011,3100.0,0.0,0.0,0.0,0.0,0.3569251,87.643,1.0,-0.273
5994,Papua New Guinea,PNG,2012,1900.0,0.0,55.0,2.0,57.0,0.51947176,87.643,1.0,-0.372
5995,Papua New Guinea,PNG,2013,1900.0,0.0,0.0,0.0,0.0,0.49454927,87.643,1.0,-0.372
5996,Papua New Guinea,PNG,2014,1900.0,0.0,0.0,0.0,0.0,0.48441333,87.643,1.0,-0.372
5997,Papua New Guinea,PNG,2015,1900.0,0.0,0.0,0.0,0.0,0.45990017,87.643,1.0,-0.372
5998,Papua New Guinea,PNG,2016,3600.0,0.0,0.0,0.0,0.0,0.38107693,87.643,1.0,-0.372
5999,Papua New Guinea,PNG,2017,4000.0,0.0,0.0,0.0,0.0,0.35503447,89.167,1.0,-0.372
6000,Papua New Guinea,PNG,2018,3600.0,0.0,0.0,0.0,0.0,0.33022672,89.167,1.0,-0.372
6001,Papua New Guinea,PNG,2019,4000.0,0.0,0.0,30.0,30.0,0.36269867,89.167,1.0,-0.372
6002,Papua New Guinea,PNG,2020,4000.0,0.0,0.0,0.0,0.0,0.39326185,89.167,1.0,-0.372
6003,Papua New Guinea,PNG,2021,,0.0,24.0,14.0,38.0,0.32967812,86.0,1.0,-0.372
6004,Papua New Guinea,PNG,2022,,0.0,71.0,33.0,104.0,0.42097723,86.0,1.0,-0.372
6005,Papua New Guinea,PNG,2023,,0.0,0.0,0.0,0.0,0.33686376,84.0,1.0,-0.372
6006,Papua New Guinea,PNG,2024,,26.0,32.0,72.0,130.0,0.30799577,80.75,1.0,0.241
6007,Paraguay,PRY,1989,16000.0,0.0,150.0,0.0,150.0,2.4257638,87.6,1.0,-2.563
6008,Paraguay,PRY,1990,16000.0,0.0,0.0,0.0,0.0,2.1318758,85.8,1.0,-0.576
6009,Paraguay,PRY,1991,16000.0,0.0,0.0,0.0,0.0,2.829327,85.8,1.0,-0.576
6010,Paraguay,PRY,1992,16000.0,0.0,0.0,0.0,0.0,2.36889,85.8,1.0,-0.112
6011,Paraguay,PRY,1993,16000.0,0.0,0.0,0.0,0.0,2.1785476,85.8,2.0,-0.112
6012,Paraguay,PRY,1994,16000.0,0.0,0.0,0.0,0.0,2.0467663,85.8,2.0,-0.112
6013,Paraguay,PRY,1995,28300.0,0.0,0.0,0.0,0.0,2.2834246,85.8,2.0,-0.112
6014,Paraguay,PRY,1996,35000.0,0.0,0.0,0.0,0.0,2.0637898,85.8,2.0,-0.112
6015,Paraguay,PRY,1997,35000.0,0.0,0.0,0.0,0.0,1.6856803,85.8,2.0,-0.112
6016,Paraguay,PRY,1998,35000.0,0.0,0.0,0.0,0.0,1.5431538,85.8,2.0,-0.112
6017,Paraguay,PRY,1999,35000.0,0.0,0.0,0.0,0.0,1.3887678,84.0,2.0,-0.112
6018,Paraguay,PRY,2000,35000.0,0.0,0.0,0.0,0.0,1.2449394,84.0,2.0,-0.112
6019,Paraguay,PRY,2001,33400.0,0.0,0.0,0.0,0.0,1.0746348,84.0,2.0,-0.112
6020,Paraguay,PRY,2002,33400.0,0.0,0.0,0.0,0.0,0.97123694,84.0,2.0,-0.112
6021,Paraguay,PRY,2003,33400.0,0.0,0.0,0.0,0.0,0.8257554,84.0,2.0,-0.112
6022,Paraguay,PRY,2004,24000.0,0.0,0.0,0.0,0.0,0.87763005,84.0,2.0,-0.112
6023,Paraguay,PRY,2005,25000.0,0.0,0.0,0.0,0.0,0.7214804,84.0,2.0,-0.112
6024,Paraguay,PRY,2006,26000.0,0.0,0.0,0.0,0.0,0.7934552,84.625,2.0,-0.112
6025,Paraguay,PRY,2007,26000.0,0.0,0.0,0.0,0.0,0.74143684,84.625,2.0,-0.112
6026,Paraguay,PRY,2008,26000.0,0.0,0.0,0.0,0.0,0.68312424,83.125,2.0,0.132
6027,Paraguay,PRY,2009,25450.0,0.0,0.0,0.0,0.0,0.7534837,83.125,2.0,0.132
6028,Paraguay,PRY,2010,25450.0,0.0,0.0,0.0,0.0,0.75054485,83.125,2.0,0.132
6029,Paraguay,PRY,2011,25450.0,0.0,0.0,0.0,0.0,0.8446039,83.125,2.0,0.132
6030,Paraguay,PRY,2012,25450.0,0.0,0.0,0.0,0.0,0.9645068,83.125,2.0,0.132
6031,Paraguay,PRY,2013,25450.0,0.0,0.0,0.0,0.0,0.96416724,81.75,2.0,-0.06
6032,Paraguay,PRY,2014,25450.0,0.0,0.0,0.0,0.0,0.9866054,81.75,2.0,0.097
6033,Paraguay,PRY,2015,25450.0,0.0,0.0,0.0,0.0,1.0674493,81.75,2.0,0.097
6034,Paraguay,PRY,2016,25450.0,0.0,1.0,0.0,1.0,0.95095325,80.333,2.0,0.097
6035,Paraguay,PRY,2017,27000.0,0.0,0.0,0.0,0.0,0.8926632,80.333,2.0,0.097
6036,Paraguay,PRY,2018,28950.0,0.0,0.0,0.0,0.0,0.9611562,80.333,2.0,0.097
6037,Paraguay,PRY,2019,29000.0,0.0,0.0,0.0,0.0,0.9738404,80.333,2.0,0.097
6038,Paraguay,PRY,2020,29000.0,0.0,0.0,0.0,0.0,1.0275735,80.333,2.0,0.097
6039,Paraguay,PRY,2021,,0.0,0.0,0.0,0.0,0.91821456,78.333,2.0,0.097
6040,Paraguay,PRY,2022,,0.0,0.0,0.0,0.0,0.8711271,80.0,2.0,0.097
6041,Paraguay,PRY,2023,,0.0,0.0,0.0,0.0,0.92207193,80.0,2.0,0.097
6042,Paraguay,PRY,2024,,0.0,0.0,0.0,0.0,0.9331061,80.0,2.0,0.097
6043,Peru,PER,1989,110000.0,127.0,233.0,1557.0,1917.0,2.1904762,78.667,2.0,0.034
6044,Peru,PER,1990,125000.0,142.0,330.0,750.0,1222.0,2.6823788,78.667,2.0,0.034
6045,Peru,PER,1991,123000.0,163.0,94.0,1077.0,1334.0,2.019816,78.667,2.0,0.034
6046,Peru,PER,1992,112000.0,185.0,145.0,851.0,1181.0,2.507035,80.333,0.0,0.034
6047,Peru,PER,1993,112000.0,119.0,99.0,561.0,779.0,2.7461023,82.667,0.0,-0.667
6048,Peru,PER,1994,112000.0,115.0,12.0,198.0,325.0,2.4741979,87.667,0.0,-0.667
6049,Peru,PER,1995,177600.0,2.0,34.0,230.0,266.0,2.6353242,87.667,1.0,-0.667
6050,Peru,PER,1996,193600.0,5.0,0.0,75.0,80.0,2.5020266,87.667,1.0,-0.667
6051,Peru,PER,1997,203000.0,2.0,0.0,91.0,93.0,1.9967699,87.667,1.0,-0.667
6052,Peru,PER,1998,203000.0,0.0,2.0,23.0,25.0,2.0166614,87.667,1.0,-0.667
6053,Peru,PER,1999,193000.0,6.0,0.0,69.0,75.0,1.9306308,87.667,1.0,-0.667
6054,Peru,PER,2000,193000.0,0.0,0.0,0.0,0.0,1.7889669,87.667,1.0,-0.667
6055,Peru,PER,2001,177000.0,0.0,0.0,0.0,0.0,1.75202,87.667,2.0,0.78
6056,Peru,PER,2002,187000.0,0.0,0.0,0.0,0.0,1.5418402,89.7,2.0,0.78
6057,Peru,PER,2003,177000.0,0.0,0.0,0.0,0.0,1.5094994,89.7,2.0,0.78
6058,Peru,PER,2004,157000.0,0.0,0.0,0.0,0.0,1.3822235,89.7,2.0,0.78
6059,Peru,PER,2005,157000.0,0.0,0.0,0.0,0.0,1.5812727,89.7,2.0,0.78
6060,Peru,PER,2006,198000.0,0.0,0.0,0.0,0.0,1.4562149,89.7,2.0,0.78
6061,Peru,PER,2007,198000.0,1.0,0.0,31.0,32.0,1.3039383,89.7,2.0,0.78
6062,Peru,PER,2008,191000.0,0.0,4.0,36.0,40.0,1.2466948,89.7,2.0,0.78
6063,Peru,PER,2009,192000.0,2.0,20.0,28.0,50.0,1.5296257,89.7,2.0,0.78
6064,Peru,PER,2010,192000.0,2.0,3.0,23.0,28.0,1.4769721,90.1,2.0,0.886
6065,Peru,PER,2011,192000.0,0.0,0.0,0.0,0.0,1.371183,90.1,2.0,0.886
6066,Peru,PER,2012,192000.0,0.0,0.0,0.0,0.0,1.4835128,89.8,2.0,0.886
6067,Peru,PER,2013,192000.0,0.0,0.0,0.0,0.0,1.643069,89.8,2.0,0.577
6068,Peru,PER,2014,158000.0,0.0,0.0,0.0,0.0,1.6024877,90.25,2.0,0.577
6069,Peru,PER,2015,158000.0,0.0,0.0,0.0,0.0,1.7450806,90.5,2.0,0.752
6070,Peru,PER,2016,158000.0,0.0,0.0,0.0,0.0,1.3219084,90.5,2.0,0.752
6071,Peru,PER,2017,158000.0,0.0,0.0,0.0,0.0,1.2652397,90.5,2.0,0.752
6072,Peru,PER,2018,158000.0,0.0,0.0,0.0,0.0,1.1897911,88.5,2.0,0.752
6073,Peru,PER,2019,158000.0,0.0,0.0,0.0,0.0,1.2058915,88.5,2.0,0.752
6074,Peru,PER,2020,158000.0,0.0,5.0,0.0,5.0,1.3167783,88.5,2.0,0.752
6075,Peru,PER,2021,,0.0,0.0,0.0,0.0,1.1644987,88.5,2.0,0.445
6076,Peru,PER,2022,,0.0,0.0,0.0,0.0,1.1351335,84.333,2.0,0.445
6077,Peru,PER,2023,,0.0,0.0,0.0,0.0,1.23586,84.333,2.0,0.445
6078,Peru,PER,2024,,0.0,0.0,0.0,0.0,0.9092887,83.333,2.0,0.445
6079,Philippines,PHL,1989,112000.0,82.0,81.0,774.0,937.0,2.2429233,91.167,2.0,-0.105
6080,Philippines,PHL,1990,109000.0,85.0,43.0,1223.0,1351.0,2.1472466,91.167,2.0,-0.105
6081,Philippines,PHL,1991,107000.0,50.0,66.0,1429.0,1545.0,2.0107212,91.167,2.0,-0.105
6082,Philippines,PHL,1992,107000.0,9.0,18.0,403.0,430.0,2.0364616,91.167,2.0,0.113
6083,Philippines,PHL,1993,107000.0,1.0,60.0,235.0,296.0,2.1575356,92.0,2.0,0.113
6084,Philippines,PHL,1994,104000.0,15.0,0.0,250.0,265.0,2.1724467,92.0,2.0,0.113
6085,Philippines,PHL,1995,149000.0,26.0,5.0,146.0,177.0,2.2941315,92.0,2.0,0.113
6086,Philippines,PHL,1996,150000.0,14.0,23.0,143.0,180.0,2.2684076,92.0,2.0,0.113
6087,Philippines,PHL,1997,153000.0,21.0,4.0,277.0,302.0,1.9144614,92.0,2.0,0.113
6088,Philippines,PHL,1998,160300.0,6.0,33.0,84.0,123.0,1.6972933,92.0,2.0,-0.096
6089,Philippines,PHL,1999,152500.0,8.0,4.0,187.0,199.0,1.615776,92.0,2.0,-0.096
6090,Philippines,PHL,2000,148500.0,198.0,99.0,1442.0,1739.0,1.6082267,91.417,2.0,-0.096
6091,Philippines,PHL,2001,151000.0,67.0,89.0,878.0,1034.0,1.4713788,91.417,2.0,-0.096
6092,Philippines,PHL,2002,150000.0,66.0,16.0,618.0,700.0,1.4738902,91.417,2.0,-0.096
6093,Philippines,PHL,2003,150000.0,129.0,12.0,985.0,1126.0,1.5508449,91.417,2.0,-0.096
6094,Philippines,PHL,2004,146000.0,130.0,2.0,329.0,461.0,1.3606265,91.417,1.0,0.086
6095,Philippines,PHL,2005,147000.0,13.0,29.0,428.0,470.0,1.2778839,91.417,1.0,0.086
6096,Philippines,PHL,2006,147000.0,6.0,7.0,372.0,385.0,1.2590954,91.417,1.0,0.086
6097,Philippines,PHL,2007,147000.0,37.0,4.0,429.0,470.0,1.291426,91.417,1.0,0.086
6098,Philippines,PHL,2008,147000.0,87.0,17.0,416.0,520.0,1.250329,91.417,1.0,0.086
6099,Philippines,PHL,2009,165500.0,68.0,48.0,880.0,996.0,1.2023234,91.417,1.0,0.086
6100,Philippines,PHL,2010,165500.0,44.0,10.0,303.0,357.0,1.1701322,92.167,2.0,0.298
6101,Philippines,PHL,2011,165500.0,20.0,18.0,343.0,381.0,1.1534145,92.167,2.0,0.34
6102,Philippines,PHL,2012,165500.0,21.0,8.0,266.0,295.0,1.1067042,92.167,2.0,0.34
6103,Philippines,PHL,2013,165500.0,20.0,2.0,492.0,514.0,1.1895018,92.9,2.0,0.221
6104,Philippines,PHL,2014,165500.0,21.0,14.0,435.0,470.0,1.0431271,92.9,2.0,0.221
6105,Philippines,PHL,2015,165500.0,49.0,3.0,554.0,606.0,1.0884631,92.9,2.0,0.221
6106,Philippines,PHL,2016,165500.0,53.0,1.0,543.0,597.0,1.0455852,94.25,2.0,0.107
6107,Philippines,PHL,2017,153000.0,92.0,21.0,1577.0,1690.0,1.1679609,94.25,2.0,-0.767
6108,Philippines,PHL,2018,153350.0,19.0,2.0,411.0,432.0,1.1842471,91.5,1.0,-0.743
6109,Philippines,PHL,2019,155000.0,25.0,16.0,290.0,331.0,1.1313313,94.375,1.0,-0.743
6110,Philippines,PHL,2020,157000.0,36.0,1.0,336.0,373.0,1.29724,94.375,1.0,-0.743
6111,Philippines,PHL,2021,,10.0,0.0,256.0,266.0,1.4068226,95.429,1.0,-0.743
6112,Philippines,PHL,2022,,5.0,2.0,213.0,220.0,1.3163013,95.429,1.0,-0.647
6113,Philippines,PHL,2023,,6.0,10.0,233.0,249.0,1.1763027,95.0,1.0,-0.647
6114,Philippines,PHL,2024,,0.0,19.0,157.0,176.0,1.3242689,94.0,1.0,-0.647
6116,Poland,POL,1989,350000.0,0.0,0.0,0.0,0.0,1.8171215,99.5,1.0,0.993
6117,Poland,POL,1990,313000.0,0.0,0.0,0.0,0.0,2.6124856,99.5,3.0,1.455
6118,Poland,POL,1991,305000.0,0.0,0.0,0.0,0.0,2.25165,98.6,3.0,1.455
6119,Poland,POL,1992,270000.0,0.0,0.0,0.0,0.0,2.2309995,98.6,3.0,1.455
6120,Poland,POL,1993,260000.0,0.0,0.0,0.0,0.0,2.4691873,98.6,3.0,1.455
6121,Poland,POL,1994,255000.0,0.0,0.0,0.0,0.0,2.2732322,98.6,3.0,1.455
6122,Poland,POL,1995,302000.0,0.0,0.0,0.0,0.0,1.9037995,98.6,3.0,1.455
6123,Poland,POL,1996,272900.0,0.0,0.0,0.0,0.0,1.9173924,98.6,3.0,1.455
6124,Poland,POL,1997,265150.0,0.0,0.0,0.0,0.0,1.9964947,98.6,3.0,1.455
6125,Poland,POL,1998,264050.0,0.0,0.0,0.0,0.0,1.9916575,98.6,3.0,1.73
6126,Poland,POL,1999,264050.0,0.0,0.0,0.0,0.0,1.8901422,98.6,3.0,1.73
6127,Poland,POL,2000,238800.0,0.0,0.0,0.0,0.0,1.8190453,98.6,3.0,1.73
6128,Poland,POL,2001,228000.0,0.0,0.0,0.0,0.0,1.8927041,98.6,3.0,1.73
6129,Poland,POL,2002,184400.0,0.0,0.0,0.0,0.0,1.8909742,98.6,3.0,1.73
6130,Poland,POL,2003,184400.0,0.0,0.0,0.0,0.0,1.8989036,98.6,3.0,1.73
6131,Poland,POL,2004,162000.0,0.0,0.0,0.0,0.0,1.8646935,98.6,3.0,1.73
6132,Poland,POL,2005,162000.0,0.0,0.0,0.0,0.0,1.9206518,98.6,3.0,1.73
6133,Poland,POL,2006,148000.0,0.0,0.0,0.0,0.0,1.9136928,98.6,3.0,1.73
6134,Poland,POL,2007,142000.0,0.0,0.0,0.0,0.0,1.9987978,98.6,3.0,1.73
6135,Poland,POL,2008,143000.0,0.0,0.0,0.0,0.0,1.7455571,98.6,3.0,2.28
6136,Poland,POL,2009,121400.0,0.0,0.0,0.0,0.0,1.7926875,98.6,3.0,2.28
6137,Poland,POL,2010,121400.0,0.0,0.0,0.0,0.0,1.8385183,98.6,3.0,2.28
6138,Poland,POL,2011,118050.0,0.0,0.0,0.0,0.0,1.7913148,98.6,3.0,2.333
6139,Poland,POL,2012,172700.0,0.0,0.0,0.0,0.0,1.8040465,98.6,3.0,2.333
6140,Poland,POL,2013,172700.0,0.0,0.0,0.0,0.0,1.7900583,98.6,3.0,1.943
6141,Poland,POL,2014,172700.0,0.0,0.0,0.0,0.0,1.9082274,98.6,3.0,1.943
6142,Poland,POL,2015,172700.0,0.0,0.0,0.0,0.0,2.1274238,97.5,3.0,1.753
6143,Poland,POL,2016,178400.0,0.0,0.0,0.0,0.0,1.9358937,97.5,2.0,1.187
6144,Poland,POL,2017,191000.0,0.0,0.0,0.0,0.0,1.8882873,97.5,2.0,1.077
6145,Poland,POL,2018,196700.0,0.0,0.0,0.0,0.0,2.0247283,97.5,2.0,1.077
6146,Poland,POL,2019,189000.0,0.0,0.0,0.0,0.0,1.9533832,97.5,2.0,1.077
6147,Poland,POL,2020,189000.0,0.0,0.0,0.0,0.0,2.2630537,97.5,2.0,0.968
6148,Poland,POL,2021,,0.0,0.0,0.0,0.0,2.2171633,97.5,2.0,0.867
6149,Poland,POL,2022,,2.0,0.0,0.0,2.0,2.204589,97.5,2.0,0.922
6150,Poland,POL,2023,,0.0,0.0,0.0,0.0,3.2698047,97.5,2.0,0.673
6151,Poland,POL,2024,,0.0,0.0,0.0,0.0,4.1543937,99.833,2.0,1.833
6152,Portugal,PRT,1989,104000.0,0.0,0.0,0.0,0.0,1.8875027,97.2,3.0,3.018
6153,Portugal,PRT,1990,87000.0,0.0,0.0,0.0,0.0,1.8408282,97.2,3.0,3.018
6154,Portugal,PRT,1991,86000.0,0.0,0.0,0.0,0.0,1.8299547,97.2,3.0,3.018
6155,Portugal,PRT,1992,80000.0,0.0,0.0,0.0,0.0,1.805244,97.2,3.0,3.018
6156,Portugal,PRT,1993,68000.0,0.0,0.0,0.0,0.0,1.7865071,97.2,3.0,3.018
6157,Portugal,PRT,1994,122000.0,0.0,0.0,0.0,0.0,1.6812127,97.2,3.0,3.018
6158,Portugal,PRT,1995,104000.0,0.0,0.0,0.0,0.0,1.7071579,97.2,3.0,3.018
6159,Portugal,PRT,1996,104000.0,0.0,0.0,0.0,0.0,1.6016403,97.2,3.0,3.018
6160,Portugal,PRT,1997,100200.0,0.0,0.0,0.0,0.0,1.5415475,97.2,3.0,3.018
6161,Portugal,PRT,1998,94500.0,0.0,0.0,0.0,0.0,1.4230187,97.2,3.0,3.018
6162,Portugal,PRT,1999,90600.0,0.0,0.0,0.0,0.0,1.42627,97.2,3.0,3.018
6163,Portugal,PRT,2000,90500.0,0.0,0.0,0.0,0.0,1.407036,97.2,3.0,3.018
6164,Portugal,PRT,2001,90000.0,0.0,0.0,0.0,0.0,1.4450619,97.2,3.0,3.018
6165,Portugal,PRT,2002,90000.0,0.0,0.0,0.0,0.0,1.4648125,97.2,3.0,3.018
6166,Portugal,PRT,2003,92600.0,0.0,0.0,0.0,0.0,1.4335803,97.2,3.0,3.018
6167,Portugal,PRT,2004,91000.0,0.0,0.0,0.0,0.0,1.5060915,97.2,3.0,3.018
6168,Portugal,PRT,2005,93000.0,0.0,0.0,0.0,0.0,1.5937918,97.2,3.0,2.014
6169,Portugal,PRT,2006,91000.0,0.0,0.0,0.0,0.0,1.5120853,97.2,3.0,2.014
6170,Portugal,PRT,2007,91000.0,0.0,0.0,0.0,0.0,1.3779081,97.2,3.0,2.014
6171,Portugal,PRT,2008,91000.0,0.0,0.0,0.0,0.0,1.4159467,97.2,3.0,2.014
6172,Portugal,PRT,2009,91040.0,0.0,0.0,0.0,0.0,1.5340637,97.2,3.0,2.014
6173,Portugal,PRT,2010,90334.0,0.0,0.0,0.0,0.0,1.486153,97.2,3.0,2.014
6174,Portugal,PRT,2011,90300.0,0.0,0.0,0.0,0.0,1.4899216,97.2,3.0,2.014
6175,Portugal,PRT,2012,90300.0,0.0,0.0,0.0,0.0,1.4038315,97.2,3.0,2.014
6176,Portugal,PRT,2013,79850.0,0.0,0.0,0.0,0.0,1.4395727,97.2,3.0,1.653
6177,Portugal,PRT,2014,78100.0,0.0,0.0,0.0,0.0,1.3066826,97.2,3.0,1.653
6178,Portugal,PRT,2015,73600.0,0.0,0.0,0.0,0.0,1.328928,97.2,3.0,1.829
6179,Portugal,PRT,2016,74500.0,0.0,0.0,0.0,0.0,1.5420047,97.2,3.0,1.829
6180,Portugal,PRT,2017,52000.0,0.0,0.0,0.0,0.0,1.2398398,97.2,3.0,1.829
6181,Portugal,PRT,2018,52250.0,0.0,0.0,0.0,0.0,1.3414788,97.2,3.0,1.922
6182,Portugal,PRT,2019,52000.0,0.0,0.0,0.0,0.0,1.3739575,94.875,3.0,1.925
6183,Portugal,PRT,2020,52000.0,0.0,0.0,0.0,0.0,1.4261361,95.0,3.0,1.412
6184,Portugal,PRT,2021,,0.0,0.0,0.0,0.0,1.5164411,95.0,3.0,1.412
6185,Portugal,PRT,2022,,0.0,0.0,0.0,0.0,1.3899986,98.571,3.0,1.412
6186,Portugal,PRT,2023,,0.0,0.0,0.0,0.0,1.4664285,97.5,2.0,1.412
6187,Portugal,PRT,2024,,0.0,0.0,0.0,0.0,1.5322683,97.5,2.0,1.403
6189,Qatar,QAT,1989,7000.0,0.0,0.0,0.0,0.0,13.077575,94.6,0.0,-0.121
6190,Qatar,QAT,1990,11000.0,0.0,0.0,0.0,0.0,10.743878,94.6,0.0,-0.121
6191,Qatar,QAT,1991,11000.0,0.0,0.0,0.0,0.0,13.011254,94.6,0.0,-0.121
6192,Qatar,QAT,1992,8000.0,0.0,0.0,0.0,0.0,,94.6,0.0,-0.121
6193,Qatar,QAT,1993,8000.0,0.0,0.0,0.0,0.0,,94.6,0.0,-0.121
6194,Qatar,QAT,1994,10000.0,0.0,0.0,0.0,0.0,,94.6,0.0,-0.121
6195,Qatar,QAT,1995,11100.0,0.0,0.0,0.0,0.0,,94.6,0.0,-0.121
6196,Qatar,QAT,1996,11800.0,0.0,0.0,0.0,0.0,,94.6,0.0,-0.121
6197,Qatar,QAT,1997,11800.0,0.0,0.0,0.0,0.0,,94.6,0.0,-0.121
6198,Qatar,QAT,1998,11800.0,0.0,0.0,0.0,0.0,,94.6,0.0,-0.121
6199,Qatar,QAT,1999,11800.0,0.0,0.0,0.0,0.0,,94.6,0.0,-0.121
6200,Qatar,QAT,2000,12300.0,0.0,0.0,0.0,0.0,,94.6,0.0,0.222
6201,Qatar,QAT,2001,12300.0,0.0,0.0,0.0,0.0,,98.5,0.0,0.222
6202,Qatar,QAT,2002,12400.0,0.0,0.0,0.0,0.0,3.92997,98.5,0.0,0.222
6203,Qatar,QAT,2003,12400.0,0.0,0.0,0.0,0.0,3.3339949,98.5,0.0,0.222
6204,Qatar,QAT,2004,12000.0,0.0,0.0,0.0,0.0,2.4338598,98.5,0.0,0.911
6205,Qatar,QAT,2005,12000.0,0.0,0.0,0.0,0.0,1.9930164,98.5,0.0,0.911
6206,Qatar,QAT,2006,12000.0,0.0,0.0,0.0,0.0,1.7505076,98.5,0.0,0.911
6207,Qatar,QAT,2007,12000.0,0.0,0.0,0.0,0.0,1.9598415,98.5,0.0,0.911
6208,Qatar,QAT,2008,12000.0,0.0,0.0,0.0,0.0,2.010501,98.5,0.0,0.911
6209,Qatar,QAT,2009,11800.0,0.0,0.0,0.0,0.0,1.9922131,98.5,0.0,0.911
6210,Qatar,QAT,2010,11800.0,0.0,0.0,0.0,0.0,1.473909,98.5,0.0,0.911
6211,Qatar,QAT,2011,11800.0,0.0,0.0,0.0,0.0,,98.667,0.0,0.911
6212,Qatar,QAT,2012,11800.0,0.0,0.0,0.0,0.0,,98.417,0.0,0.911
6213,Qatar,QAT,2013,11800.0,0.0,0.0,0.0,0.0,,97.6,0.0,0.899
6214,Qatar,QAT,2014,11800.0,0.0,0.0,0.0,0.0,,97.8,0.0,0.899
6215,Qatar,QAT,2015,11800.0,0.0,0.0,0.0,0.0,,97.8,0.0,0.899
6216,Qatar,QAT,2016,21500.0,0.0,0.0,0.0,0.0,,99.5,0.0,0.899
6217,Qatar,QAT,2017,22000.0,0.0,0.0,0.0,0.0,,99.714,0.0,1.037
6218,Qatar,QAT,2018,21500.0,0.0,0.0,0.0,0.0,,99.286,0.0,1.25
6219,Qatar,QAT,2019,22000.0,0.0,0.0,0.0,0.0,,99.714,0.0,1.25
6220,Qatar,QAT,2020,22000.0,0.0,0.0,0.0,0.0,,99.714,0.0,1.076
6221,Qatar,QAT,2021,,0.0,0.0,0.0,0.0,6.452355,99.714,0.0,1.076
6222,Qatar,QAT,2022,,0.0,0.0,0.0,0.0,6.5002055,99.5,0.0,0.786
6223,Qatar,QAT,2023,,0.0,0.0,0.0,0.0,,99.5,0.0,0.922
6224,Qatar,QAT,2024,,0.0,0.0,0.0,0.0,,99.2,0.0,0.051
6227,Romania,ROU,1989,207000.0,195.0,240.0,13.0,448.0,4.797296,99.636,0.0,-1.669
6228,Romania,ROU,1990,126000.0,0.0,0.0,0.0,0.0,4.547415,99.636,2.0,-0.396
6229,Romania,ROU,1991,201000.0,0.0,0.0,0.0,0.0,4.773335,99.636,2.0,-0.396
6230,Romania,ROU,1992,172000.0,0.0,0.0,0.0,0.0,4.2476826,99.636,2.0,-0.396
6231,Romania,ROU,1993,200000.0,0.0,0.0,0.0,0.0,2.740608,99.636,2.0,-0.396
6232,Romania,ROU,1994,200000.0,0.0,0.0,0.0,0.0,3.1147285,99.636,2.0,-0.396
6233,Romania,ROU,1995,296500.0,0.0,0.0,0.0,0.0,2.6134477,99.636,2.0,-0.396
6234,Romania,ROU,1996,307500.0,0.0,0.0,0.0,0.0,2.369073,99.636,2.0,0.026
6235,Romania,ROU,1997,306050.0,0.0,0.0,0.0,0.0,3.01765,99.636,2.0,0.026
6236,Romania,ROU,1998,295550.0,0.0,0.0,0.0,0.0,3.004175,99.636,2.0,0.026
6237,Romania,ROU,1999,282900.0,0.0,0.0,0.0,0.0,2.6402593,99.636,2.0,0.026
6238,Romania,ROU,2000,282900.0,0.0,0.0,0.0,0.0,2.498914,99.636,2.0,0.019
6239,Romania,ROU,2001,178900.0,0.0,0.0,0.0,0.0,2.4207451,99.636,2.0,0.019
6240,Romania,ROU,2002,179100.0,0.0,0.0,0.0,0.0,2.287296,99.636,2.0,0.019
6241,Romania,ROU,2003,177100.0,0.0,0.0,0.0,0.0,2.0884871,99.636,2.0,0.019
6242,Romania,ROU,2004,176000.0,0.0,0.0,0.0,0.0,2.0076575,99.636,2.0,0.019
6243,Romania,ROU,2005,177000.0,0.0,0.0,0.0,0.0,2.0069935,99.636,2.0,0.019
6244,Romania,ROU,2006,154000.0,0.0,0.0,0.0,0.0,1.8451254,99.545,2.0,0.019
6245,Romania,ROU,2007,153000.0,0.0,0.0,0.0,0.0,1.4936182,99.636,2.0,0.019
6246,Romania,ROU,2008,153000.0,0.0,0.0,0.0,0.0,1.3999844,99.636,2.0,0.019
6247,Romania,ROU,2009,151645.0,0.0,0.0,0.0,0.0,1.2780696,99.545,2.0,0.019
6248,Romania,ROU,2010,153800.0,0.0,0.0,0.0,0.0,1.2269766,99.636,2.0,0.186
6249,Romania,ROU,2011,151300.0,0.0,0.0,0.0,0.0,1.2355688,99.636,2.0,0.186
6250,Romania,ROU,2012,151300.0,0.0,0.0,0.0,0.0,1.1739252,99.636,2.0,0.186
6251,Romania,ROU,2013,151300.0,0.0,0.0,0.0,0.0,1.2922307,99.636,2.0,0.374
6252,Romania,ROU,2014,151300.0,0.0,0.0,0.0,0.0,1.3476638,99.636,2.0,0.57
6253,Romania,ROU,2015,150400.0,0.0,0.0,0.0,0.0,1.4507183,99.636,2.0,0.57
6254,Romania,ROU,2016,149200.0,0.0,0.0,0.0,0.0,1.4277046,99.636,2.0,0.688
6255,Romania,ROU,2017,126000.0,0.0,0.0,0.0,0.0,1.7337551,100.0,2.0,0.309
6256,Romania,ROU,2018,126600.0,0.0,0.0,0.0,0.0,1.7914442,98.571,2.0,0.309
6257,Romania,ROU,2019,126000.0,0.0,0.0,0.0,0.0,1.8307902,97.714,2.0,0.602
6258,Romania,ROU,2020,128000.0,0.0,0.0,0.0,0.0,2.004152,97.857,2.0,0.8
6259,Romania,ROU,2021,,0.0,0.0,0.0,0.0,1.8476291,97.857,2.0,0.983
6260,Romania,ROU,2022,,0.0,0.0,0.0,0.0,1.750117,97.857,2.0,0.934
6261,Romania,ROU,2023,,0.0,0.0,0.0,0.0,1.6035795,97.857,2.0,0.682
6262,Romania,ROU,2024,,0.0,0.0,0.0,0.0,2.2981524,97.714,2.0,0.381
6263,Russia,RUS,1989,,0.0,0.0,0.0,0.0,,100.0,0.0,-1.039
6264,Russia,RUS,1990,,0.0,0.0,0.0,0.0,,98.0,0.0,-1.039
6265,Russia,RUS,1991,,0.0,0.0,0.0,0.0,,97.0,1.0,-0.847
6266,Russia,RUS,1992,1900000.0,0.0,0.0,0.0,0.0,4.427032,96.8,1.0,-0.98
6267,Russia,RUS,1993,1500000.0,4.0,119.0,22.0,145.0,4.1813245,77.2,1.0,-1.118
6268,Russia,RUS,1994,1400000.0,100.0,297.0,76.0,473.0,4.5237007,77.8,1.0,-0.841
6269,Russia,RUS,1995,1800000.0,205.0,596.0,1090.0,1891.0,3.78443,77.8,1.0,-0.841
6270,Russia,RUS,1996,1622000.0,477.0,717.0,1569.0,2763.0,3.756559,77.8,1.0,-0.841
6271,Russia,RUS,1997,1823000.0,0.0,0.0,0.0,0.0,4.0398097,77.8,1.0,-0.841
6272,Russia,RUS,1998,1702000.0,0.0,0.0,0.0,0.0,2.732649,77.8,1.0,-0.841
6273,Russia,RUS,1999,1482100.0,1238.0,3792.0,1167.0,6197.0,3.073288,77.8,1.0,-0.985
6274,Russia,RUS,2000,1427100.0,1414.0,378.0,2526.0,4318.0,3.30703,98.2,1.0,-0.867
6275,Russia,RUS,2001,1386200.0,206.0,383.0,390.0,979.0,3.5463192,98.333,1.0,-0.978
6276,Russia,RUS,2002,1397200.0,349.0,248.0,896.0,1493.0,3.7562773,98.333,1.0,-0.978
6277,Russia,RUS,2003,1369700.0,93.0,41.0,414.0,548.0,3.670838,98.333,1.0,-1.101
6278,Russia,RUS,2004,1452000.0,502.0,31.0,767.0,1300.0,3.3003535,98.333,1.0,-0.954
6279,Russia,RUS,2005,1452000.0,44.0,6.0,632.0,682.0,3.3312373,98.333,1.0,-0.683
6280,Russia,RUS,2006,1446000.0,10.0,1.0,248.0,259.0,3.2463572,98.467,1.0,-0.629
6281,Russia,RUS,2007,1476000.0,4.0,1.0,171.0,176.0,3.118542,98.8,1.0,-0.673
6282,Russia,RUS,2008,1476000.0,14.0,11.0,379.0,404.0,3.149486,98.8,1.0,-0.701
6283,Russia,RUS,2009,1495000.0,23.0,33.0,641.0,697.0,3.9240632,98.733,1.0,-0.646
6284,Russia,RUS,2010,1430000.0,44.0,45.0,387.0,476.0,3.5850856,98.867,1.0,-0.646
6285,Russia,RUS,2011,1364000.0,50.0,25.0,321.0,396.0,3.433044,98.8,1.0,-0.646
6286,Russia,RUS,2012,1364000.0,3.0,13.0,500.0,516.0,3.6892402,98.867,1.0,-0.91
6287,Russia,RUS,2013,1260000.0,44.0,18.0,299.0,361.0,3.8540428,98.692,1.0,-0.89
6288,Russia,RUS,2014,1287000.0,1.0,4.0,169.0,174.0,4.112993,98.692,1.0,-0.995
6289,Russia,RUS,2015,1490000.0,2.0,0.0,84.0,86.0,4.871515,98.692,1.0,-0.995
6290,Russia,RUS,2016,1454000.0,1.0,0.0,69.0,70.0,5.4251475,98.417,1.0,-0.995
6291,Russia,RUS,2017,1454000.0,0.0,0.0,53.0,53.0,4.2489963,98.6,1.0,-0.995
6292,Russia,RUS,2018,1454000.0,6.0,1.0,29.0,36.0,3.7198224,98.5,1.0,-0.811
6293,Russia,RUS,2019,1454000.0,0.0,0.0,26.0,26.0,3.8603377,98.4,1.0,-0.811
6294,Russia,RUS,2020,1454000.0,0.0,1.0,31.0,32.0,4.144717,98.6,1.0,-0.811
6295,Russia,RUS,2021,,0.0,0.0,0.0,0.0,3.575917,98.111,1.0,-0.811
6296,Russia,RUS,2022,,26.0,1.0,38.0,65.0,4.607289,97.857,1.0,-0.934
6297,Russia,RUS,2023,,84.0,3.0,110.0,197.0,5.4023185,97.0,1.0,-1.299
6298,Russia,RUS,2024,,419.0,9.0,7386.0,7814.0,7.052339,94.5,1.0,-1.299
6299,Rwanda,RWA,1989,6000.0,0.0,0.0,0.0,0.0,1.7537588,99.923,0.0,-0.32
6300,Rwanda,RWA,1990,6000.0,1021.0,552.0,1074.0,2647.0,3.729166,99.923,0.0,-0.495
6301,Rwanda,RWA,1991,30000.0,932.0,0.0,153.0,1085.0,5.5091724,99.923,0.0,-0.495
6302,Rwanda,RWA,1992,30000.0,560.0,37.0,50.0,647.0,4.290602,99.923,0.0,-0.495
6303,Rwanda,RWA,1993,30000.0,642.0,314.0,21.0,977.0,4.5363755,99.923,0.0,-0.495
6304,Rwanda,RWA,1994,30000.0,771068.0,244.0,1101.0,772413.0,3.4378772,99.923,0.0,-0.689
6305,Rwanda,RWA,1995,47000.0,4230.0,0.0,0.0,4230.0,0.60780287,99.923,0.0,-0.182
6306,Rwanda,RWA,1996,40000.0,754.0,2.0,120.0,876.0,5.328556,99.923,0.0,-0.182
6307,Rwanda,RWA,1997,62000.0,6307.0,411.0,483.0,7201.0,4.173526,99.923,0.0,-0.182
6308,Rwanda,RWA,1998,54000.0,690.0,0.0,1084.0,1774.0,4.377647,99.923,0.0,-0.057
6309,Rwanda,RWA,1999,54000.0,0.0,29.0,0.0,29.0,4.4481053,99.923,0.0,-0.057
6310,Rwanda,RWA,2000,76000.0,0.0,0.0,0.0,0.0,3.5355027,99.923,0.0,0.832
6311,Rwanda,RWA,2001,79000.0,1.0,27.0,2016.0,2044.0,3.3962264,99.923,0.0,0.832
6312,Rwanda,RWA,2002,80000.0,0.0,0.0,0.0,0.0,3.0489335,99.923,0.0,0.832
6313,Rwanda,RWA,2003,61000.0,0.0,0.0,0.0,0.0,2.44713,99.923,1.0,0.832
6314,Rwanda,RWA,2004,53000.0,0.0,0.0,0.0,0.0,1.973466,99.923,1.0,1.08
6315,Rwanda,RWA,2005,53000.0,0.0,0.0,0.0,0.0,1.7430555,99.923,1.0,1.08
6316,Rwanda,RWA,2006,,0.0,0.0,0.0,0.0,1.6439104,99.923,1.0,1.08
6317,Rwanda,RWA,2007,35000.0,0.0,0.0,0.0,0.0,1.3656784,99.923,1.0,1.08
6318,Rwanda,RWA,2008,35000.0,0.0,0.0,0.0,0.0,1.3064972,99.923,1.0,1.08
6319,Rwanda,RWA,2009,35000.0,2.0,0.0,0.0,2.0,1.3269024,99.923,1.0,1.08
6320,Rwanda,RWA,2010,35000.0,0.0,0.0,0.0,0.0,1.2167927,99.923,1.0,1.08
6321,Rwanda,RWA,2011,35000.0,0.0,0.0,0.0,0.0,1.0949311,99.923,1.0,1.08
6322,Rwanda,RWA,2012,35000.0,2.0,0.0,11.0,13.0,1.0422496,99.923,1.0,1.08
6323,Rwanda,RWA,2013,35000.0,1.0,0.0,0.0,1.0,1.0548853,99.923,1.0,1.08
6324,Rwanda,RWA,2014,35000.0,0.0,0.0,0.0,0.0,1.1027387,99.923,1.0,1.08
6325,Rwanda,RWA,2015,35000.0,0.0,0.0,0.0,0.0,1.2136947,99.923,1.0,1.08
6326,Rwanda,RWA,2016,35000.0,27.0,0.0,0.0,27.0,1.2405068,99.923,1.0,0.289
6327,Rwanda,RWA,2017,35000.0,0.0,0.0,0.0,0.0,1.2488953,99.923,1.0,0.289
6328,Rwanda,RWA,2018,35000.0,9.0,0.0,0.0,9.0,1.235147,99.923,1.0,0.289
6329,Rwanda,RWA,2019,35000.0,0.0,0.0,19.0,19.0,1.1979313,99.714,1.0,0.289
6330,Rwanda,RWA,2020,35000.0,0.0,0.0,0.0,0.0,1.4737157,99.857,1.0,0.289
6331,Rwanda,RWA,2021,,0.0,0.0,0.0,0.0,1.5121768,99.857,1.0,0.289
6332,Rwanda,RWA,2022,,1.0,0.0,3.0,4.0,1.3334657,99.857,1.0,0.03
6333,Rwanda,RWA,2023,,0.0,0.0,0.0,0.0,1.2523162,99.857,1.0,0.03
6334,Rwanda,RWA,2024,,0.0,0.0,1.0,1.0,1.2477208,99.857,1.0,0.03
6337,Saint Kitts and Nevis,KNA,1989,,0.0,0.0,0.0,0.0,,,,
6338,Saint Kitts and Nevis,KNA,1990,,0.0,0.0,0.0,0.0,,,,
6339,Saint Kitts and Nevis,KNA,1991,,0.0,0.0,0.0,0.0,,,,
6340,Saint Kitts and Nevis,KNA,1992,,0.0,0.0,0.0,0.0,,,,
6341,Saint Kitts and Nevis,KNA,1993,,0.0,0.0,0.0,0.0,,,,
6342,Saint Kitts and Nevis,KNA,1994,,0.0,0.0,0.0,0.0,,,,
6343,Saint Kitts and Nevis,KNA,1995,,0.0,0.0,0.0,0.0,,,,
6344,Saint Kitts and Nevis,KNA,1996,,0.0,0.0,0.0,0.0,,,,
6345,Saint Kitts and Nevis,KNA,1997,,0.0,0.0,0.0,0.0,,,,
6346,Saint Kitts and Nevis,KNA,1998,,0.0,0.0,0.0,0.0,,,,
6347,Saint Kitts and Nevis,KNA,1999,,0.0,0.0,0.0,0.0,,,,
6348,Saint Kitts and Nevis,KNA,2000,,0.0,0.0,0.0,0.0,,,,
6349,Saint Kitts and Nevis,KNA,2001,,0.0,0.0,0.0,0.0,,,,
6350,Saint Kitts and Nevis,KNA,2002,,0.0,0.0,0.0,0.0,,,,
6351,Saint Kitts and Nevis,KNA,2003,,0.0,0.0,0.0,0.0,,,,
6352,Saint Kitts and Nevis,KNA,2004,,0.0,0.0,0.0,0.0,,,,
6353,Saint Kitts and Nevis,KNA,2005,,0.0,0.0,0.0,0.0,,,,
6354,Saint Kitts and Nevis,KNA,2006,,0.0,0.0,0.0,0.0,,,,
6355,Saint Kitts and Nevis,KNA,2007,,0.0,0.0,0.0,0.0,,,,
6356,Saint Kitts and Nevis,KNA,2008,,0.0,0.0,0.0,0.0,,,,
6357,Saint Kitts and Nevis,KNA,2009,,0.0,0.0,0.0,0.0,,,,
6358,Saint Kitts and Nevis,KNA,2010,,0.0,0.0,0.0,0.0,,,,
6359,Saint Kitts and Nevis,KNA,2011,,0.0,0.0,0.0,0.0,,,,
6360,Saint Kitts and Nevis,KNA,2012,,0.0,0.0,0.0,0.0,,,,
6361,Saint Kitts and Nevis,KNA,2013,,0.0,0.0,0.0,0.0,,,,
6362,Saint Kitts and Nevis,KNA,2014,,0.0,0.0,0.0,0.0,,,,
6363,Saint Kitts and Nevis,KNA,2015,,0.0,0.0,0.0,0.0,,,,
6364,Saint Kitts and Nevis,KNA,2016,,0.0,0.0,0.0,0.0,,,,
6365,Saint Kitts and Nevis,KNA,2017,,0.0,0.0,0.0,0.0,,,,
6366,Saint Kitts and Nevis,KNA,2018,,0.0,0.0,0.0,0.0,,,,
6367,Saint Kitts and Nevis,KNA,2019,,0.0,0.0,0.0,0.0,,,,
6368,Saint Kitts and Nevis,KNA,2020,,0.0,0.0,0.0,0.0,,,,
6369,Saint Kitts and Nevis,KNA,2021,,0.0,0.0,0.0,0.0,,,,
6370,Saint Kitts and Nevis,KNA,2022,,0.0,0.0,0.0,0.0,,,,
6371,Saint Kitts and Nevis,KNA,2023,,0.0,0.0,0.0,0.0,,,,
6372,Saint Kitts and Nevis,KNA,2024,,0.0,0.0,0.0,0.0,,,,
6373,Saint Lucia,LCA,1989,,0.0,0.0,0.0,0.0,,,,
6374,Saint Lucia,LCA,1990,,0.0,0.0,0.0,0.0,,,,
6375,Saint Lucia,LCA,1991,,0.0,0.0,0.0,0.0,,,,
6376,Saint Lucia,LCA,1992,,0.0,0.0,0.0,0.0,,,,
6377,Saint Lucia,LCA,1993,,0.0,0.0,0.0,0.0,,,,
6378,Saint Lucia,LCA,1994,,0.0,0.0,0.0,0.0,,,,
6379,Saint Lucia,LCA,1995,,0.0,0.0,0.0,0.0,,,,
6380,Saint Lucia,LCA,1996,,0.0,0.0,0.0,0.0,,,,
6381,Saint Lucia,LCA,1997,,0.0,0.0,0.0,0.0,,,,
6382,Saint Lucia,LCA,1998,,0.0,0.0,0.0,0.0,,,,
6383,Saint Lucia,LCA,1999,,0.0,0.0,0.0,0.0,,,,
6384,Saint Lucia,LCA,2000,,0.0,0.0,0.0,0.0,,,,
6385,Saint Lucia,LCA,2001,,0.0,0.0,0.0,0.0,,,,
6386,Saint Lucia,LCA,2002,,0.0,0.0,0.0,0.0,,,,
6387,Saint Lucia,LCA,2003,,0.0,0.0,0.0,0.0,,,,
6388,Saint Lucia,LCA,2004,,0.0,0.0,0.0,0.0,,,,
6389,Saint Lucia,LCA,2005,,0.0,0.0,0.0,0.0,,,,
6390,Saint Lucia,LCA,2006,,0.0,0.0,0.0,0.0,,,,
6391,Saint Lucia,LCA,2007,,0.0,0.0,0.0,0.0,,,,
6392,Saint Lucia,LCA,2008,,0.0,0.0,0.0,0.0,,,,
6393,Saint Lucia,LCA,2009,,0.0,0.0,0.0,0.0,,,,
6394,Saint Lucia,LCA,2010,,0.0,0.0,0.0,0.0,,,,
6395,Saint Lucia,LCA,2011,,0.0,0.0,0.0,0.0,,,,
6396,Saint Lucia,LCA,2012,,0.0,0.0,0.0,0.0,,,,
6397,Saint Lucia,LCA,2013,,0.0,0.0,0.0,0.0,,,,
6398,Saint Lucia,LCA,2014,,0.0,0.0,0.0,0.0,,,,
6399,Saint Lucia,LCA,2015,,0.0,0.0,0.0,0.0,,,,
6400,Saint Lucia,LCA,2016,,0.0,0.0,0.0,0.0,,,,
6401,Saint Lucia,LCA,2017,,0.0,0.0,0.0,0.0,,,,
6402,Saint Lucia,LCA,2018,,0.0,0.0,0.0,0.0,,,,
6403,Saint Lucia,LCA,2019,,0.0,0.0,0.0,0.0,,,,
6404,Saint Lucia,LCA,2020,,0.0,0.0,0.0,0.0,,,,
6405,Saint Lucia,LCA,2021,,0.0,0.0,0.0,0.0,,,,
6406,Saint Lucia,LCA,2022,,0.0,0.0,0.0,0.0,,,,
6407,Saint Lucia,LCA,2023,,0.0,0.0,0.0,0.0,,,,
6408,Saint Lucia,LCA,2024,,0.0,0.0,0.0,0.0,,,,
6411,Saint Vincent and the Grenadines,VCT,1989,,0.0,0.0,0.0,0.0,,,,
6412,Saint Vincent and the Grenadines,VCT,1990,,0.0,0.0,0.0,0.0,,,,
6413,Saint Vincent and the Grenadines,VCT,1991,,0.0,0.0,0.0,0.0,,,,
6414,Saint Vincent and the Grenadines,VCT,1992,,0.0,0.0,0.0,0.0,,,,
6415,Saint Vincent and the Grenadines,VCT,1993,,0.0,0.0,0.0,0.0,,,,
6416,Saint Vincent and the Grenadines,VCT,1994,,0.0,0.0,0.0,0.0,,,,
6417,Saint Vincent and the Grenadines,VCT,1995,,0.0,0.0,0.0,0.0,,,,
6418,Saint Vincent and the Grenadines,VCT,1996,,0.0,0.0,0.0,0.0,,,,
6419,Saint Vincent and the Grenadines,VCT,1997,,0.0,0.0,0.0,0.0,,,,
6420,Saint Vincent and the Grenadines,VCT,1998,,0.0,0.0,0.0,0.0,,,,
6421,Saint Vincent and the Grenadines,VCT,1999,,0.0,0.0,0.0,0.0,,,,
6422,Saint Vincent and the Grenadines,VCT,2000,,0.0,0.0,0.0,0.0,,,,
6423,Saint Vincent and the Grenadines,VCT,2001,,0.0,0.0,0.0,0.0,,,,
6424,Saint Vincent and the Grenadines,VCT,2002,,0.0,0.0,0.0,0.0,,,,
6425,Saint Vincent and the Grenadines,VCT,2003,,0.0,0.0,0.0,0.0,,,,
6426,Saint Vincent and the Grenadines,VCT,2004,,0.0,0.0,0.0,0.0,,,,
6427,Saint Vincent and the Grenadines,VCT,2005,,0.0,0.0,0.0,0.0,,,,
6428,Saint Vincent and the Grenadines,VCT,2006,,0.0,0.0,0.0,0.0,,,,
6429,Saint Vincent and the Grenadines,VCT,2007,,0.0,0.0,0.0,0.0,,,,
6430,Saint Vincent and the Grenadines,VCT,2008,,0.0,0.0,0.0,0.0,,,,
6431,Saint Vincent and the Grenadines,VCT,2009,,0.0,0.0,0.0,0.0,,,,
6432,Saint Vincent and the Grenadines,VCT,2010,,0.0,0.0,0.0,0.0,,,,
6433,Saint Vincent and the Grenadines,VCT,2011,,0.0,0.0,0.0,0.0,,,,
6434,Saint Vincent and the Grenadines,VCT,2012,,0.0,0.0,0.0,0.0,,,,
6435,Saint Vincent and the Grenadines,VCT,2013,,0.0,0.0,0.0,0.0,,,,
6436,Saint Vincent and the Grenadines,VCT,2014,,0.0,0.0,0.0,0.0,,,,
6437,Saint Vincent and the Grenadines,VCT,2015,,0.0,0.0,0.0,0.0,,,,
6438,Saint Vincent and the Grenadines,VCT,2016,,0.0,0.0,0.0,0.0,,,,
6439,Saint Vincent and the Grenadines,VCT,2017,,0.0,0.0,0.0,0.0,,,,
6440,Saint Vincent and the Grenadines,VCT,2018,,0.0,0.0,0.0,0.0,,,,
6441,Saint Vincent and the Grenadines,VCT,2019,,0.0,0.0,0.0,0.0,,,,
6442,Saint Vincent and the Grenadines,VCT,2020,,0.0,0.0,0.0,0.0,,,,
6443,Saint Vincent and the Grenadines,VCT,2021,,0.0,0.0,0.0,0.0,,,,
6444,Saint Vincent and the Grenadines,VCT,2022,,0.0,0.0,0.0,0.0,,,,
6445,Saint Vincent and the Grenadines,VCT,2023,,0.0,0.0,0.0,0.0,,,,
6446,Saint Vincent and the Grenadines,VCT,2024,,0.0,0.0,0.0,0.0,,,,
6447,Samoa,WSM,1989,,0.0,0.0,0.0,0.0,,,,
6448,Samoa,WSM,1990,,0.0,0.0,0.0,0.0,,,,
6449,Samoa,WSM,1991,,0.0,0.0,0.0,0.0,,,,
6450,Samoa,WSM,1992,,0.0,0.0,0.0,0.0,,,,
6451,Samoa,WSM,1993,,0.0,0.0,0.0,0.0,,,,
6452,Samoa,WSM,1994,,0.0,0.0,0.0,0.0,,,,
6453,Samoa,WSM,1995,,0.0,0.0,0.0,0.0,,,,
6454,Samoa,WSM,1996,,0.0,0.0,0.0,0.0,,,,
6455,Samoa,WSM,1997,,0.0,0.0,0.0,0.0,,,,
6456,Samoa,WSM,1998,,0.0,0.0,0.0,0.0,,,,
6457,Samoa,WSM,1999,,0.0,0.0,0.0,0.0,,,,
6458,Samoa,WSM,2000,,0.0,0.0,0.0,0.0,,,,
6459,Samoa,WSM,2001,,0.0,0.0,0.0,0.0,,,,
6460,Samoa,WSM,2002,,0.0,0.0,0.0,0.0,,,,
6461,Samoa,WSM,2003,,0.0,0.0,0.0,0.0,,,,
6462,Samoa,WSM,2004,,0.0,0.0,0.0,0.0,,,,
6463,Samoa,WSM,2005,,0.0,0.0,0.0,0.0,,,,
6464,Samoa,WSM,2006,,0.0,0.0,0.0,0.0,,,,
6465,Samoa,WSM,2007,,0.0,0.0,0.0,0.0,,,,
6466,Samoa,WSM,2008,,0.0,0.0,0.0,0.0,,,,
6467,Samoa,WSM,2009,,0.0,0.0,0.0,0.0,,,,
6468,Samoa,WSM,2010,,0.0,0.0,0.0,0.0,,,,
6469,Samoa,WSM,2011,,0.0,0.0,0.0,0.0,,,,
6470,Samoa,WSM,2012,,0.0,0.0,0.0,0.0,,,,
6471,Samoa,WSM,2013,,0.0,0.0,0.0,0.0,,,,
6472,Samoa,WSM,2014,,0.0,0.0,0.0,0.0,,,,
6473,Samoa,WSM,2015,,0.0,0.0,0.0,0.0,,,,
6474,Samoa,WSM,2016,,0.0,0.0,0.0,0.0,,,,
6475,Samoa,WSM,2017,,0.0,0.0,0.0,0.0,,,,
6476,Samoa,WSM,2018,,0.0,0.0,0.0,0.0,,,,
6477,Samoa,WSM,2019,,0.0,0.0,0.0,0.0,,,,
6478,Samoa,WSM,2020,,0.0,0.0,0.0,0.0,,,,
6479,Samoa,WSM,2021,,0.0,0.0,0.0,0.0,,,,
6480,Samoa,WSM,2022,,0.0,0.0,0.0,0.0,,,,
6481,Samoa,WSM,2023,,0.0,0.0,0.0,0.0,,,,
6482,Samoa,WSM,2024,,0.0,0.0,0.0,0.0,,,,
6483,San Marino,SMR,1989,,0.0,0.0,0.0,0.0,,,,
6484,San Marino,SMR,1990,,0.0,0.0,0.0,0.0,,,,
6485,San Marino,SMR,1991,,0.0,0.0,0.0,0.0,,,,
6486,San Marino,SMR,1992,,0.0,0.0,0.0,0.0,,,,
6487,San Marino,SMR,1993,,0.0,0.0,0.0,0.0,,,,
6488,San Marino,SMR,1994,,0.0,0.0,0.0,0.0,,,,
6489,San Marino,SMR,1995,,0.0,0.0,0.0,0.0,,,,
6490,San Marino,SMR,1996,,0.0,0.0,0.0,0.0,,,,
6491,San Marino,SMR,1997,,0.0,0.0,0.0,0.0,,,,
6492,San Marino,SMR,1998,,0.0,0.0,0.0,0.0,,,,
6493,San Marino,SMR,1999,,0.0,0.0,0.0,0.0,,,,
6494,San Marino,SMR,2000,,0.0,0.0,0.0,0.0,,,,
6495,San Marino,SMR,2001,,0.0,0.0,0.0,0.0,,,,
6496,San Marino,SMR,2002,,0.0,0.0,0.0,0.0,,,,
6497,San Marino,SMR,2003,,0.0,0.0,0.0,0.0,,,,
6498,San Marino,SMR,2004,,0.0,0.0,0.0,0.0,,,,
6499,San Marino,SMR,2005,,0.0,0.0,0.0,0.0,,,,
6500,San Marino,SMR,2006,,0.0,0.0,0.0,0.0,,,,
6501,San Marino,SMR,2007,,0.0,0.0,0.0,0.0,,,,
6502,San Marino,SMR,2008,,0.0,0.0,0.0,0.0,,,,
6503,San Marino,SMR,2009,,0.0,0.0,0.0,0.0,,,,
6504,San Marino,SMR,2010,,0.0,0.0,0.0,0.0,,,,
6505,San Marino,SMR,2011,,0.0,0.0,0.0,0.0,,,,
6506,San Marino,SMR,2012,,0.0,0.0,0.0,0.0,,,,
6507,San Marino,SMR,2013,,0.0,0.0,0.0,0.0,,,,
6508,San Marino,SMR,2014,,0.0,0.0,0.0,0.0,,,,
6509,San Marino,SMR,2015,,0.0,0.0,0.0,0.0,,,,
6510,San Marino,SMR,2016,,0.0,0.0,0.0,0.0,,,,
6511,San Marino,SMR,2017,,0.0,0.0,0.0,0.0,,,,
6512,San Marino,SMR,2018,,0.0,0.0,0.0,0.0,,,,
6513,San Marino,SMR,2019,,0.0,0.0,0.0,0.0,,,,
6514,San Marino,SMR,2020,,0.0,0.0,0.0,0.0,,,,
6515,San Marino,SMR,2021,,0.0,0.0,0.0,0.0,,,,
6516,San Marino,SMR,2022,,0.0,0.0,0.0,0.0,,,,
6517,San Marino,SMR,2023,,0.0,0.0,0.0,0.0,,,,
6518,San Marino,SMR,2024,,0.0,0.0,0.0,0.0,,,,
6519,Sao Tome and Principe,STP,1989,1000.0,0.0,0.0,0.0,0.0,,99.286,0.0,1.022
6520,Sao Tome and Principe,STP,1990,1000.0,0.0,0.0,0.0,0.0,,99.286,0.0,1.022
6521,Sao Tome and Principe,STP,1991,1000.0,0.0,0.0,0.0,0.0,,99.286,2.0,1.241
6522,Sao Tome and Principe,STP,1992,1000.0,0.0,0.0,0.0,0.0,,99.286,2.0,1.241
6523,Sao Tome and Principe,STP,1993,1000.0,0.0,0.0,0.0,0.0,,99.286,2.0,1.241
6524,Sao Tome and Principe,STP,1994,1000.0,0.0,0.0,0.0,0.0,,99.286,2.0,1.241
6525,Sao Tome and Principe,STP,1995,1000.0,0.0,0.0,0.0,0.0,,99.286,2.0,1.241
6526,Sao Tome and Principe,STP,1996,1000.0,0.0,0.0,0.0,0.0,,99.286,2.0,1.241
6527,Sao Tome and Principe,STP,1997,1000.0,0.0,0.0,0.0,0.0,,99.286,2.0,1.241
6528,Sao Tome and Principe,STP,1998,1000.0,0.0,0.0,0.0,0.0,,99.286,2.0,1.241
6529,Sao Tome and Principe,STP,1999,1000.0,0.0,0.0,0.0,0.0,,99.286,2.0,1.241
6530,Sao Tome and Principe,STP,2000,,0.0,0.0,0.0,0.0,,99.286,2.0,1.241
6531,Sao Tome and Principe,STP,2001,,0.0,0.0,0.0,0.0,,99.286,2.0,1.241
6532,Sao Tome and Principe,STP,2002,,0.0,0.0,0.0,0.0,,99.286,2.0,1.241
6533,Sao Tome and Principe,STP,2003,,0.0,0.0,0.0,0.0,,99.286,2.0,1.241
6534,Sao Tome and Principe,STP,2004,,0.0,0.0,0.0,0.0,,99.286,2.0,1.241
6535,Sao Tome and Principe,STP,2005,,0.0,0.0,0.0,0.0,,99.286,2.0,1.834
6536,Sao Tome and Principe,STP,2006,,0.0,0.0,0.0,0.0,,99.286,2.0,1.834
6537,Sao Tome and Principe,STP,2007,,0.0,0.0,0.0,0.0,,99.286,2.0,1.834
6538,Sao Tome and Principe,STP,2008,,0.0,0.0,0.0,0.0,,99.286,2.0,1.834
6539,Sao Tome and Principe,STP,2009,,0.0,0.0,0.0,0.0,,99.286,2.0,1.834
6540,Sao Tome and Principe,STP,2010,,0.0,0.0,0.0,0.0,,99.286,2.0,1.834
6541,Sao Tome and Principe,STP,2011,,0.0,0.0,0.0,0.0,,99.286,2.0,1.834
6542,Sao Tome and Principe,STP,2012,,0.0,0.0,0.0,0.0,,99.286,2.0,1.834
6543,Sao Tome and Principe,STP,2013,,0.0,0.0,0.0,0.0,,99.286,2.0,1.834
6544,Sao Tome and Principe,STP,2014,,0.0,0.0,0.0,0.0,,99.286,2.0,1.834
6545,Sao Tome and Principe,STP,2015,,0.0,0.0,0.0,0.0,,99.286,2.0,1.834
6546,Sao Tome and Principe,STP,2016,,0.0,0.0,0.0,0.0,,99.286,2.0,1.834
6547,Sao Tome and Principe,STP,2017,,0.0,0.0,0.0,0.0,,99.286,2.0,1.834
6548,Sao Tome and Principe,STP,2018,,0.0,0.0,0.0,0.0,,99.286,2.0,1.834
6549,Sao Tome and Principe,STP,2019,,0.0,0.0,0.0,0.0,,99.286,2.0,1.834
6550,Sao Tome and Principe,STP,2020,,0.0,0.0,0.0,0.0,,99.286,2.0,1.808
6551,Sao Tome and Principe,STP,2021,,0.0,0.0,0.0,0.0,,99.286,2.0,1.808
6552,Sao Tome and Principe,STP,2022,,0.0,0.0,0.0,0.0,,99.333,2.0,1.808
6553,Sao Tome and Principe,STP,2023,,0.0,0.0,0.0,0.0,,99.333,2.0,1.808
6554,Sao Tome and Principe,STP,2024,,0.0,0.0,0.0,0.0,,99.333,2.0,1.808
6555,Saudi Arabia,SAU,1989,82000.0,0.0,0.0,0.0,0.0,13.390316,99.091,0.0,0.447
6556,Saudi Arabia,SAU,1990,146000.0,0.0,0.0,0.0,0.0,14.024292,99.091,0.0,0.447
6557,Saudi Arabia,SAU,1991,191000.0,0.0,1.0,95.0,96.0,12.469808,99.091,0.0,0.136
6558,Saudi Arabia,SAU,1992,172000.0,0.0,0.0,0.0,0.0,11.284158,99.091,0.0,0.136
6559,Saudi Arabia,SAU,1993,172000.0,0.0,0.0,0.0,0.0,12.465372,99.091,0.0,0.136
6560,Saudi Arabia,SAU,1994,164000.0,0.0,0.0,0.0,0.0,10.644781,99.091,0.0,0.136
6561,Saudi Arabia,SAU,1995,177500.0,0.0,0.0,0.0,0.0,9.278468,99.091,0.0,0.136
6562,Saudi Arabia,SAU,1996,178500.0,0.0,0.0,0.0,0.0,8.468078,99.091,0.0,0.136
6563,Saudi Arabia,SAU,1997,178000.0,0.0,0.0,0.0,0.0,11.000936,99.091,0.0,0.136
6564,Saudi Arabia,SAU,1998,178000.0,0.0,0.0,0.0,0.0,14.311038,99.091,0.0,0.136
6565,Saudi Arabia,SAU,1999,178000.0,0.0,0.0,0.0,0.0,11.381936,99.091,0.0,0.136
6566,Saudi Arabia,SAU,2000,217000.0,0.0,0.0,0.0,0.0,10.534404,99.091,0.0,0.136
6567,Saudi Arabia,SAU,2001,217200.0,0.0,0.0,0.0,0.0,11.419005,99.091,0.0,0.136
6568,Saudi Arabia,SAU,2002,215000.0,0.0,0.0,0.0,0.0,9.758064,99.091,0.0,0.136
6569,Saudi Arabia,SAU,2003,215000.0,26.0,0.0,0.0,26.0,8.687119,99.091,0.0,0.136
6570,Saudi Arabia,SAU,2004,214000.0,36.0,10.0,45.0,91.0,8.081555,99.091,0.0,0.136
6571,Saudi Arabia,SAU,2005,216000.0,0.0,0.0,31.0,31.0,7.730599,99.091,0.0,0.136
6572,Saudi Arabia,SAU,2006,240000.0,2.0,0.0,9.0,11.0,7.848365,99.091,0.0,0.136
6573,Saudi Arabia,SAU,2007,238000.0,0.0,0.0,2.0,2.0,8.52705,99.091,0.0,0.136
6574,Saudi Arabia,SAU,2008,238000.0,0.0,0.0,0.0,0.0,7.353436,99.091,0.0,0.136
6575,Saudi Arabia,SAU,2009,249000.0,0.0,0.0,0.0,0.0,9.6172,99.091,0.0,0.136
6576,Saudi Arabia,SAU,2010,249000.0,0.0,0.0,0.0,0.0,8.565677,98.727,0.0,0.136
6577,Saudi Arabia,SAU,2011,249000.0,0.0,0.0,0.0,0.0,7.172399,98.727,0.0,0.136
6578,Saudi Arabia,SAU,2012,249000.0,0.0,0.0,0.0,0.0,7.6158075,98.727,0.0,0.136
6579,Saudi Arabia,SAU,2013,251500.0,0.0,0.0,0.0,0.0,8.890191,99.5,0.0,0.136
6580,Saudi Arabia,SAU,2014,251500.0,0.0,0.0,0.0,0.0,10.535061,99.5,0.0,0.136
6581,Saudi Arabia,SAU,2015,251500.0,51.0,5.0,64.0,120.0,13.022839,99.5,0.0,0.136
6582,Saudi Arabia,SAU,2016,251500.0,25.0,9.0,91.0,125.0,9.560482,99.625,0.0,0.136
6583,Saudi Arabia,SAU,2017,252000.0,2.0,0.0,54.0,56.0,9.846227,99.0,0.0,-0.536
6584,Saudi Arabia,SAU,2018,252000.0,6.0,0.0,5.0,11.0,8.813335,99.571,0.0,-0.676
6585,Saudi Arabia,SAU,2019,252000.0,0.0,0.0,7.0,7.0,7.794589,99.143,0.0,-0.585
6586,Saudi Arabia,SAU,2020,282000.0,0.0,0.0,0.0,0.0,8.792173,99.429,0.0,-0.783
6587,Saudi Arabia,SAU,2021,,5.0,0.0,1.0,6.0,7.22922,96.0,0.0,-0.783
6588,Saudi Arabia,SAU,2022,,0.0,0.0,0.0,0.0,6.3974223,97.333,0.0,-0.783
6589,Saudi Arabia,SAU,2023,,0.0,0.0,9.0,9.0,7.2842426,97.833,0.0,-0.783
6590,Saudi Arabia,SAU,2024,,0.0,0.0,0.0,0.0,7.298103,88.333,0.0,-0.783
6591,Senegal,SEN,1989,15000.0,9.0,0.0,119.0,128.0,2.0276961,91.625,1.0,0.707
6592,Senegal,SEN,1990,18000.0,2.0,1.0,57.0,60.0,1.633469,91.625,2.0,0.707
6593,Senegal,SEN,1991,18000.0,0.0,0.0,0.0,0.0,1.5470556,91.625,2.0,0.707
6594,Senegal,SEN,1992,18000.0,51.0,0.0,76.0,127.0,1.4439999,91.625,2.0,0.707
6595,Senegal,SEN,1993,18000.0,76.0,0.0,206.0,282.0,1.668304,91.625,2.0,0.707
6596,Senegal,SEN,1994,14000.0,0.0,0.0,0.0,0.0,1.3476198,91.625,2.0,0.707
6597,Senegal,SEN,1995,17400.0,0.0,8.0,291.0,299.0,1.3100991,91.625,2.0,0.707
6598,Senegal,SEN,1996,17400.0,0.0,0.0,0.0,0.0,1.243918,91.625,2.0,0.707
6599,Senegal,SEN,1997,17350.0,58.0,0.0,300.0,358.0,1.1969122,91.625,2.0,0.707
6600,Senegal,SEN,1998,17000.0,107.0,17.0,212.0,336.0,1.1791419,91.625,2.0,0.707
6601,Senegal,SEN,1999,17000.0,0.0,0.0,0.0,0.0,1.2021267,91.625,2.0,0.707
6602,Senegal,SEN,2000,15400.0,11.0,3.0,33.0,47.0,1.0483603,91.625,2.0,0.664
6603,Senegal,SEN,2001,15600.0,7.0,0.0,26.0,33.0,1.1156675,91.625,2.0,0.664
6604,Senegal,SEN,2002,15200.0,25.0,0.0,0.0,25.0,1.1012404,91.625,2.0,0.664
6605,Senegal,SEN,2003,18600.0,0.0,0.0,39.0,39.0,1.1154428,91.625,2.0,0.664
6606,Senegal,SEN,2004,18000.0,0.0,0.0,0.0,0.0,1.0578249,91.625,2.0,0.664
6607,Senegal,SEN,2005,19000.0,45.0,0.0,0.0,45.0,1.1304644,91.625,2.0,0.664
6608,Senegal,SEN,2006,19000.0,0.0,124.0,0.0,124.0,1.2710569,91.625,2.0,0.664
6609,Senegal,SEN,2007,19000.0,0.0,0.0,0.0,0.0,1.3795917,91.625,2.0,0.664
6610,Senegal,SEN,2008,19000.0,0.0,0.0,0.0,0.0,1.2919669,91.625,2.0,0.664
6611,Senegal,SEN,2009,18620.0,0.0,0.0,0.0,0.0,1.3358759,91.625,2.0,0.664
6612,Senegal,SEN,2010,18620.0,0.0,0.0,0.0,0.0,1.2153094,91.625,2.0,0.664
6613,Senegal,SEN,2011,18600.0,0.0,0.0,25.0,25.0,1.2938602,91.625,2.0,0.664
6614,Senegal,SEN,2012,18600.0,0.0,0.0,0.0,0.0,1.1134796,91.625,2.0,0.818
6615,Senegal,SEN,2013,18600.0,0.0,0.0,0.0,0.0,1.2517012,92.778,2.0,0.818
6616,Senegal,SEN,2014,18600.0,0.0,0.0,0.0,0.0,1.213366,92.778,2.0,0.818
6617,Senegal,SEN,2015,18600.0,0.0,0.0,0.0,0.0,1.2090992,92.778,2.0,0.818
6618,Senegal,SEN,2016,18600.0,0.0,0.0,0.0,0.0,1.6020974,92.778,2.0,0.818
6619,Senegal,SEN,2017,19000.0,0.0,0.0,0.0,0.0,1.4710625,89.25,2.0,1.119
6620,Senegal,SEN,2018,18600.0,0.0,0.0,0.0,0.0,1.6669276,91.125,2.0,1.119
6621,Senegal,SEN,2019,19000.0,0.0,0.0,0.0,0.0,1.5247371,87.5,2.0,0.799
6622,Senegal,SEN,2020,19000.0,0.0,0.0,0.0,0.0,1.4087265,89.125,2.0,0.958
6623,Senegal,SEN,2021,,0.0,0.0,0.0,0.0,1.7561753,89.875,2.0,0.958
6624,Senegal,SEN,2022,,0.0,0.0,0.0,0.0,1.5241134,88.143,2.0,0.958
6625,Senegal,SEN,2023,,0.0,0.0,0.0,0.0,1.4765582,84.6,2.0,0.646
6626,Senegal,SEN,2024,,0.0,0.0,0.0,0.0,1.5664777,82.25,2.0,0.646
6627,Serbia,SRB,1989,225000.0,0.0,0.0,0.0,0.0,,95.6,0.0,1.525
6628,Serbia,SRB,1990,180000.0,0.0,0.0,0.0,0.0,,93.6,0.0,1.184
6629,Serbia,SRB,1991,169000.0,3.0,29.0,0.0,32.0,,93.6,0.0,0.35
6630,Serbia,SRB,1992,137000.0,0.0,0.0,0.0,0.0,,90.6,1.0,0.35
6631,Serbia,SRB,1993,100000.0,0.0,0.0,0.0,0.0,,90.6,1.0,0.35
6632,Serbia,SRB,1994,130000.0,0.0,0.0,0.0,0.0,,90.6,1.0,0.35
6633,Serbia,SRB,1995,164500.0,0.0,0.0,0.0,0.0,,90.6,1.0,0.35
6634,Serbia,SRB,1996,151900.0,0.0,0.0,0.0,0.0,3.1600058,90.6,1.0,0.35
6635,Serbia,SRB,1997,152200.0,0.0,0.0,0.0,0.0,3.3674035,90.6,1.0,0.35
6636,Serbia,SRB,1998,152200.0,3.0,7.0,2.0,12.0,3.0571315,90.6,1.0,0.35
6637,Serbia,SRB,1999,146700.0,188.0,8.0,653.0,849.0,3.532162,88.0,1.0,0.35
6638,Serbia,SRB,2000,135700.0,0.0,0.0,0.0,0.0,4.60092,89.75,1.0,0.655
6639,Serbia,SRB,2001,198500.0,0.0,0.0,0.0,0.0,3.6330302,89.75,2.0,1.507
6640,Serbia,SRB,2002,124500.0,0.0,0.0,0.0,0.0,3.7841027,89.75,2.0,0.956
6641,Serbia,SRB,2003,109200.0,0.0,0.0,0.0,0.0,3.096536,89.75,2.0,0.956
6642,Serbia,SRB,2004,110000.0,0.0,0.0,0.0,0.0,2.7534165,89.75,2.0,0.956
6643,Serbia,SRB,2005,110000.0,0.0,0.0,0.0,0.0,2.2216957,89.75,2.0,0.956
6644,Serbia,SRB,2006,24000.0,0.0,0.0,0.0,0.0,2.117429,89.75,2.0,1.617
6645,Serbia,SRB,2007,24000.0,0.0,0.0,0.0,0.0,2.1644313,90.75,3.0,1.617
6646,Serbia,SRB,2008,24000.0,0.0,0.0,0.0,0.0,2.0502,90.75,3.0,1.617
6647,Serbia,SRB,2009,29125.0,0.0,0.0,0.0,0.0,2.0748973,93.667,3.0,1.617
6648,Serbia,SRB,2010,29125.0,0.0,0.0,0.0,0.0,2.0036914,93.667,3.0,1.426
6649,Serbia,SRB,2011,28150.0,0.0,0.0,0.0,0.0,1.9257307,93.667,3.0,1.426
6650,Serbia,SRB,2012,28150.0,0.0,0.0,0.0,0.0,1.9179815,93.667,3.0,1.426
6651,Serbia,SRB,2013,28150.0,0.0,0.0,0.0,0.0,1.8475747,93.667,2.0,1.132
6652,Serbia,SRB,2014,28150.0,0.0,0.0,0.0,0.0,1.8702431,93.667,1.0,1.132
6653,Serbia,SRB,2015,28150.0,0.0,0.0,0.0,0.0,1.69548,93.667,1.0,1.132
6654,Serbia,SRB,2016,31850.0,0.0,0.0,0.0,0.0,1.8574197,93.667,1.0,1.132
6655,Serbia,SRB,2017,32000.0,0.0,0.0,0.0,0.0,1.7542409,93.667,1.0,0.962
6656,Serbia,SRB,2018,32150.0,0.0,0.0,0.0,0.0,2.0172234,94.4,1.0,0.962
6657,Serbia,SRB,2019,32000.0,0.0,0.0,0.0,0.0,2.1822274,91.807,1.0,1.414
6658,Serbia,SRB,2020,32000.0,0.0,0.0,0.0,0.0,2.295366,91.5,1.0,1.414
6659,Serbia,SRB,2021,,0.0,0.0,0.0,0.0,2.7290409,92.9,1.0,1.414
6660,Serbia,SRB,2022,,0.0,0.0,0.0,0.0,2.172674,92.889,1.0,1.414
6661,Serbia,SRB,2023,,0.0,0.0,0.0,0.0,2.2080731,94.0,1.0,0.816
6662,Serbia,SRB,2024,,0.0,0.0,0.0,0.0,2.5951397,94.875,1.0,0.762
6664,Seychelles,SYC,1989,,0.0,0.0,0.0,0.0,4.2768316,95.875,0.0,-0.948
6665,Seychelles,SYC,1990,,0.0,0.0,0.0,0.0,4.026232,95.875,1.0,-0.84
6666,Seychelles,SYC,1991,,0.0,0.0,0.0,0.0,4.4240193,95.875,1.0,-0.84
6667,Seychelles,SYC,1992,,0.0,0.0,0.0,0.0,4.7273874,95.875,1.0,-0.84
6668,Seychelles,SYC,1993,,0.0,0.0,0.0,0.0,2.7596135,95.875,1.0,0.241
6669,Seychelles,SYC,1994,,0.0,0.0,0.0,0.0,2.4436853,95.875,1.0,0.241
6670,Seychelles,SYC,1995,1300.0,0.0,0.0,0.0,0.0,2.2811801,95.875,1.0,0.241
6671,Seychelles,SYC,1996,1300.0,0.0,0.0,0.0,0.0,2.0957484,95.875,1.0,0.241
6672,Seychelles,SYC,1997,450.0,0.0,0.0,0.0,0.0,2.02481,95.875,1.0,0.241
6673,Seychelles,SYC,1998,450.0,0.0,0.0,0.0,0.0,1.7329156,95.875,1.0,0.241
6674,Seychelles,SYC,1999,500.0,0.0,0.0,0.0,0.0,1.7829254,95.875,1.0,0.241
6675,Seychelles,SYC,2000,500.0,0.0,0.0,0.0,0.0,1.6793327,95.875,1.0,0.241
6676,Seychelles,SYC,2001,500.0,0.0,0.0,0.0,0.0,1.7782655,95.875,1.0,0.241
6677,Seychelles,SYC,2002,800.0,0.0,0.0,0.0,0.0,1.6773754,95.875,1.0,0.241
6678,Seychelles,SYC,2003,800.0,0.0,0.0,0.0,0.0,1.7343163,95.875,1.0,0.241
6679,Seychelles,SYC,2004,650.0,0.0,0.0,0.0,0.0,1.8976401,95.875,1.0,0.241
6680,Seychelles,SYC,2005,450.0,0.0,0.0,0.0,0.0,1.6023524,95.875,1.0,0.241
6681,Seychelles,SYC,2006,,0.0,0.0,0.0,0.0,1.41343,95.875,1.0,0.29
6682,Seychelles,SYC,2007,450.0,0.0,0.0,0.0,0.0,1.4682835,95.875,1.0,0.628
6683,Seychelles,SYC,2008,450.0,0.0,0.0,0.0,0.0,1.1501932,95.875,1.0,0.628
6684,Seychelles,SYC,2009,650.0,0.0,0.0,0.0,0.0,1.0208783,95.875,1.0,0.628
6685,Seychelles,SYC,2010,650.0,0.0,0.0,0.0,0.0,0.7379154,95.875,1.0,0.628
6686,Seychelles,SYC,2011,870.0,0.0,0.0,0.0,0.0,0.8555041,95.875,1.0,0.628
6687,Seychelles,SYC,2012,840.0,0.0,0.0,0.0,0.0,0.93667954,95.875,1.0,0.628
6688,Seychelles,SYC,2013,840.0,0.0,0.0,0.0,0.0,1.036559,95.833,1.0,0.742
6689,Seychelles,SYC,2014,840.0,0.0,0.0,0.0,0.0,2.2275734,95.833,1.0,0.742
6690,Seychelles,SYC,2015,840.0,0.0,0.0,0.0,0.0,1.2637047,95.833,2.0,0.92
6691,Seychelles,SYC,2016,840.0,0.0,0.0,0.0,0.0,1.3977168,95.833,3.0,1.528
6692,Seychelles,SYC,2017,0.0,0.0,0.0,0.0,0.0,1.327345,95.833,3.0,1.822
6693,Seychelles,SYC,2018,420.0,0.0,0.0,0.0,0.0,1.2053921,95.833,3.0,2.327
6694,Seychelles,SYC,2019,0.0,0.0,0.0,0.0,0.0,1.1603965,98.5,3.0,2.327
6695,Seychelles,SYC,2020,0.0,0.0,0.0,0.0,0.0,1.3671228,97.5,3.0,2.327
6696,Seychelles,SYC,2021,,0.0,0.0,0.0,0.0,2.4602325,97.5,3.0,2.327
6697,Seychelles,SYC,2022,,0.0,0.0,0.0,0.0,1.139245,98.75,3.0,2.327
6698,Seychelles,SYC,2023,,0.0,0.0,0.0,0.0,1.4864217,99.0,3.0,2.327
6699,Seychelles,SYC,2024,,0.0,0.0,0.0,0.0,1.1790686,95.75,3.0,2.327
6700,Sierra Leone,SLE,1989,4000.0,0.0,0.0,0.0,0.0,0.5244563,83.857,1.0,-0.422
6701,Sierra Leone,SLE,1990,5000.0,0.0,0.0,0.0,0.0,0.8207695,83.857,1.0,-0.627
6702,Sierra Leone,SLE,1991,5000.0,699.0,112.0,411.0,1222.0,1.2792006,66.429,1.0,-2.782
6703,Sierra Leone,SLE,1992,8000.0,317.0,0.0,201.0,518.0,1.687783,49.857,0.0,-2.782
6704,Sierra Leone,SLE,1993,5000.0,236.0,138.0,265.0,639.0,1.3066286,49.857,0.0,-2.434
6705,Sierra Leone,SLE,1994,5000.0,1524.0,134.0,412.0,2070.0,1.2507533,49.857,0.0,-2.434
6706,Sierra Leone,SLE,1995,7000.0,1851.0,99.0,1244.0,3194.0,1.2370108,49.857,0.0,-2.434
6707,Sierra Leone,SLE,1996,15000.0,395.0,92.0,433.0,920.0,0.84985566,49.857,1.0,-0.189
6708,Sierra Leone,SLE,1997,15800.0,601.0,187.0,430.0,1218.0,0.48048255,57.0,0.0,-2.764
6709,Sierra Leone,SLE,1998,5800.0,1858.0,880.0,2403.0,5141.0,0.64366674,57.0,0.0,-0.301
6710,Sierra Leone,SLE,1999,3800.0,1538.0,1251.0,1715.0,4504.0,1.0931945,60.065,0.0,-0.174
6711,Sierra Leone,SLE,2000,3800.0,540.0,111.0,199.0,850.0,1.5780106,63.286,0.0,-0.174
6712,Sierra Leone,SLE,2001,6000.0,0.0,7.0,43.0,50.0,1.7227186,63.286,0.0,-0.174
6713,Sierra Leone,SLE,2002,13000.0,1.0,0.0,0.0,1.0,1.3597047,81.801,1.0,0.691
6714,Sierra Leone,SLE,2003,13000.0,0.0,0.0,0.0,0.0,1.277885,85.429,2.0,0.947
6715,Sierra Leone,SLE,2004,13000.0,0.0,0.0,0.0,0.0,0.97490984,85.429,2.0,0.947
6716,Sierra Leone,SLE,2005,13000.0,0.0,0.0,0.0,0.0,0.8594922,92.833,2.0,0.947
6717,Sierra Leone,SLE,2006,11000.0,0.0,0.0,0.0,0.0,0.8909373,92.833,2.0,-0.324
6718,Sierra Leone,SLE,2007,11000.0,0.0,0.0,0.0,0.0,0.8426956,92.833,2.0,0.965
6719,Sierra Leone,SLE,2008,11000.0,0.0,0.0,0.0,0.0,0.6036585,92.833,2.0,0.958
6720,Sierra Leone,SLE,2009,10500.0,0.0,0.0,0.0,0.0,0.69577146,92.875,2.0,1.118
6721,Sierra Leone,SLE,2010,10500.0,0.0,0.0,0.0,0.0,0.60043496,92.833,2.0,1.118
6722,Sierra Leone,SLE,2011,10500.0,0.0,0.0,0.0,0.0,0.530893,92.833,2.0,1.118
6723,Sierra Leone,SLE,2012,10500.0,0.0,0.0,0.0,0.0,0.517911,93.25,2.0,1.118
6724,Sierra Leone,SLE,2013,10500.0,0.0,0.0,0.0,0.0,0.4699572,97.667,2.0,0.415
6725,Sierra Leone,SLE,2014,8500.0,0.0,0.0,0.0,0.0,0.7473099,97.667,2.0,0.415
6726,Sierra Leone,SLE,2015,8500.0,0.0,0.0,0.0,0.0,0.58167005,97.667,2.0,0.415
6727,Sierra Leone,SLE,2016,8500.0,0.0,0.0,0.0,0.0,0.71416825,97.667,2.0,0.415
6728,Sierra Leone,SLE,2017,9000.0,0.0,0.0,0.0,0.0,0.67696977,98.375,2.0,0.534
6729,Sierra Leone,SLE,2018,8500.0,0.0,0.0,0.0,0.0,0.4656796,93.375,2.0,1.74
6730,Sierra Leone,SLE,2019,9000.0,0.0,0.0,0.0,0.0,0.3763257,94.0,2.0,1.342
6731,Sierra Leone,SLE,2020,9000.0,0.0,0.0,0.0,0.0,0.4860955,93.571,2.0,1.552
6732,Sierra Leone,SLE,2021,,0.0,0.0,0.0,0.0,0.6002616,96.286,2.0,1.423
6733,Sierra Leone,SLE,2022,,0.0,0.0,0.0,0.0,0.58225834,90.833,2.0,1.692
6734,Sierra Leone,SLE,2023,,0.0,0.0,0.0,0.0,0.60327625,95.5,1.0,1.444
6735,Sierra Leone,SLE,2024,,0.0,0.0,0.0,0.0,0.46253964,96.6,1.0,1.646
6736,Singapore,SGP,1989,56000.0,0.0,0.0,0.0,0.0,4.4928985,85.0,1.0,2.317
6737,Singapore,SGP,1990,56000.0,0.0,0.0,0.0,0.0,4.6321445,85.0,1.0,3.063
6738,Singapore,SGP,1991,56000.0,0.0,0.0,0.0,0.0,4.4483566,85.0,1.0,3.063
6739,Singapore,SGP,1992,56000.0,0.0,0.0,0.0,0.0,4.471369,85.0,1.0,3.063
6740,Singapore,SGP,1993,56000.0,0.0,0.0,0.0,0.0,4.091765,85.0,1.0,3.063
6741,Singapore,SGP,1994,56000.0,0.0,0.0,0.0,0.0,3.791435,85.0,1.0,3.063
6742,Singapore,SGP,1995,65500.0,0.0,0.0,0.0,0.0,4.182558,85.0,1.0,3.063
6743,Singapore,SGP,1996,65500.0,0.0,0.0,0.0,0.0,4.2580786,85.0,1.0,3.063
6744,Singapore,SGP,1997,178000.0,0.0,0.0,0.0,0.0,4.4518056,85.0,1.0,3.063
6745,Singapore,SGP,1998,180500.0,0.0,0.0,0.0,0.0,5.209796,85.0,1.0,3.063
6746,Singapore,SGP,1999,181000.0,0.0,0.0,0.0,0.0,5.2072616,85.0,1.0,3.063
6747,Singapore,SGP,2000,168500.0,0.0,0.0,0.0,0.0,4.507572,85.0,1.0,3.063
6748,Singapore,SGP,2001,154500.0,0.0,0.0,0.0,0.0,4.798907,85.0,1.0,3.063
6749,Singapore,SGP,2002,156800.0,0.0,0.0,0.0,0.0,4.8932366,85.0,1.0,3.063
6750,Singapore,SGP,2003,168800.0,0.0,0.0,0.0,0.0,4.8375273,85.0,1.0,3.063
6751,Singapore,SGP,2004,165000.0,0.0,0.0,0.0,0.0,4.384287,85.0,1.0,3.063
6752,Singapore,SGP,2005,167000.0,0.0,0.0,0.0,0.0,4.2750435,85.0,1.0,3.063
6753,Singapore,SGP,2006,167000.0,0.0,0.0,0.0,0.0,3.9229114,85.0,1.0,3.063
6754,Singapore,SGP,2007,167000.0,0.0,0.0,0.0,0.0,3.602553,85.0,1.0,3.063
6755,Singapore,SGP,2008,167000.0,0.0,0.0,0.0,0.0,3.8500268,85.0,1.0,3.063
6756,Singapore,SGP,2009,147500.0,0.0,0.0,0.0,0.0,3.8824234,85.0,1.0,3.063
6757,Singapore,SGP,2010,147500.0,0.0,0.0,0.0,0.0,3.3813982,85.0,1.0,3.063
6758,Singapore,SGP,2011,147600.0,0.0,0.0,0.0,0.0,3.1938746,85.0,1.0,3.063
6759,Singapore,SGP,2012,147600.0,0.0,0.0,0.0,0.0,3.1081662,85.0,1.0,3.063
6760,Singapore,SGP,2013,147600.0,0.0,0.0,0.0,0.0,3.038491,85.0,1.0,3.063
6761,Singapore,SGP,2014,147600.0,0.0,0.0,0.0,0.0,3.0478604,85.0,1.0,3.063
6762,Singapore,SGP,2015,147600.0,0.0,0.0,0.0,0.0,3.0467126,85.0,1.0,3.063
6763,Singapore,SGP,2016,147600.0,0.0,0.0,0.0,0.0,3.095311,85.0,1.0,3.063
6764,Singapore,SGP,2017,81000.0,0.0,0.0,0.0,0.0,2.9720109,85.0,1.0,3.063
6765,Singapore,SGP,2018,59000.0,0.0,0.0,0.0,0.0,2.8077605,85.0,1.0,3.063
6766,Singapore,SGP,2019,59000.0,0.0,0.0,0.0,0.0,2.7597065,85.0,1.0,3.063
6767,Singapore,SGP,2020,59000.0,0.0,0.0,0.0,0.0,2.8030627,92.857,1.0,2.725
6768,Singapore,SGP,2021,,0.0,0.0,0.0,0.0,2.5370464,92.857,1.0,3.131
6769,Singapore,SGP,2022,,0.0,0.0,0.0,0.0,2.4063437,99.167,1.0,3.131
6770,Singapore,SGP,2023,,0.0,0.0,0.0,0.0,2.8301413,99.167,1.0,3.131
6771,Singapore,SGP,2024,,0.0,0.0,0.0,0.0,2.8417656,99.167,1.0,3.131
6773,Slovakia,SVK,1989,,0.0,0.0,0.0,0.0,,83.167,0.0,-0.399
6774,Slovakia,SVK,1990,,0.0,0.0,0.0,0.0,,99.929,3.0,1.607
6775,Slovakia,SVK,1991,,0.0,0.0,0.0,0.0,,99.929,3.0,1.607
6776,Slovakia,SVK,1992,,0.0,0.0,0.0,0.0,,99.929,3.0,1.607
6777,Slovakia,SVK,1993,33000.0,0.0,0.0,0.0,0.0,1.9963603,100.0,,0.616
6778,Slovakia,SVK,1994,47000.0,0.0,0.0,0.0,0.0,1.9395189,100.0,2.0,0.616
6779,Slovakia,SVK,1995,51000.0,0.0,0.0,0.0,0.0,3.100703,100.0,2.0,0.616
6780,Slovakia,SVK,1996,46600.0,0.0,0.0,0.0,0.0,2.9341888,100.0,2.0,0.616
6781,Slovakia,SVK,1997,45150.0,0.0,0.0,0.0,0.0,2.26784,100.0,2.0,0.616
6782,Slovakia,SVK,1998,48050.0,0.0,0.0,0.0,0.0,1.7353511,100.0,2.0,0.943
6783,Slovakia,SVK,1999,47480.0,0.0,0.0,0.0,0.0,1.5698535,100.0,3.0,1.482
6784,Slovakia,SVK,2000,41200.0,0.0,0.0,0.0,0.0,1.6537043,100.0,3.0,1.482
6785,Slovakia,SVK,2001,37700.0,0.0,0.0,0.0,0.0,1.8433378,100.0,3.0,1.482
6786,Slovakia,SVK,2002,30900.0,0.0,0.0,0.0,0.0,1.7763886,100.0,3.0,1.482
6787,Slovakia,SVK,2003,22000.0,0.0,0.0,0.0,0.0,1.8497529,100.0,3.0,1.482
6788,Slovakia,SVK,2004,20000.0,0.0,0.0,0.0,0.0,1.6557688,100.0,3.0,1.482
6789,Slovakia,SVK,2005,20000.0,0.0,0.0,0.0,0.0,1.6860962,100.0,3.0,1.482
6790,Slovakia,SVK,2006,17000.0,0.0,0.0,0.0,0.0,1.5943478,100.0,3.0,1.482
6791,Slovakia,SVK,2007,17000.0,0.0,0.0,0.0,0.0,1.4779832,100.0,3.0,1.278
6792,Slovakia,SVK,2008,17000.0,0.0,0.0,0.0,0.0,1.4601065,100.0,3.0,1.278
6793,Slovakia,SVK,2009,16531.0,0.0,0.0,0.0,0.0,1.5174426,100.0,3.0,1.278
6794,Slovakia,SVK,2010,15799.0,0.0,0.0,0.0,0.0,1.2498777,100.0,3.0,1.548
6795,Slovakia,SVK,2011,15850.0,0.0,0.0,0.0,0.0,1.0693914,100.0,3.0,1.628
6796,Slovakia,SVK,2012,15850.0,0.0,0.0,0.0,0.0,1.0769372,100.0,3.0,1.405
6797,Slovakia,SVK,2013,15850.0,0.0,0.0,0.0,0.0,0.9766531,100.0,3.0,0.873
6798,Slovakia,SVK,2014,15850.0,0.0,0.0,0.0,0.0,0.9822067,100.0,3.0,0.873
6799,Slovakia,SVK,2015,15850.0,0.0,0.0,0.0,0.0,1.1060474,100.0,3.0,0.873
6800,Slovakia,SVK,2016,15850.0,0.0,0.0,0.0,0.0,1.1112258,100.0,3.0,0.873
6801,Slovakia,SVK,2017,16000.0,0.0,0.0,0.0,0.0,1.1005131,100.0,3.0,0.873
6802,Slovakia,SVK,2018,15850.0,0.0,0.0,0.0,0.0,1.2162721,100.0,3.0,1.136
6803,Slovakia,SVK,2019,16000.0,0.0,0.0,0.0,0.0,1.7028481,100.0,2.0,1.136
6804,Slovakia,SVK,2020,18000.0,0.0,0.0,0.0,0.0,1.9041443,100.0,2.0,1.654
6805,Slovakia,SVK,2021,,0.0,0.0,0.0,0.0,1.7124361,100.0,2.0,1.654
6806,Slovakia,SVK,2022,,0.0,0.0,0.0,0.0,1.8012769,100.0,2.0,1.654
6807,Slovakia,SVK,2023,,0.0,0.0,0.0,0.0,1.8386109,100.0,2.0,1.289
6808,Slovakia,SVK,2024,,0.0,0.0,0.0,0.0,2.0107815,99.833,2.0,0.437
6809,Slovenia,SVN,1989,,0.0,0.0,0.0,0.0,,,0.0,1.893
6810,Slovenia,SVN,1990,,0.0,0.0,0.0,0.0,,,2.0,1.893
6811,Slovenia,SVN,1991,,7.0,16.0,41.0,64.0,,,3.0,1.215
6812,Slovenia,SVN,1992,15000.0,0.0,0.0,0.0,0.0,2.2472334,99.25,3.0,2.168
6813,Slovenia,SVN,1993,12000.0,0.0,0.0,0.0,0.0,1.8173013,99.25,3.0,2.168
6814,Slovenia,SVN,1994,17000.0,0.0,0.0,0.0,0.0,1.6540747,99.25,3.0,2.168
6815,Slovenia,SVN,1995,12900.0,0.0,0.0,0.0,0.0,1.5660945,99.25,3.0,2.168
6816,Slovenia,SVN,1996,14050.0,0.0,0.0,0.0,0.0,1.5370278,99.25,3.0,2.168
6817,Slovenia,SVN,1997,14050.0,0.0,0.0,0.0,0.0,1.4028708,99.25,3.0,2.168
6818,Slovenia,SVN,1998,14050.0,0.0,0.0,0.0,0.0,1.3653088,99.25,3.0,2.168
6819,Slovenia,SVN,1999,14050.0,0.0,0.0,0.0,0.0,1.2156086,99.25,3.0,2.168
6820,Slovenia,SVN,2000,13500.0,0.0,0.0,0.0,0.0,1.1030903,99.25,3.0,2.168
6821,Slovenia,SVN,2001,12100.0,0.0,0.0,0.0,0.0,1.3134766,99.25,3.0,2.168
6822,Slovenia,SVN,2002,13500.0,0.0,0.0,0.0,0.0,1.4084785,99.25,3.0,2.168
6823,Slovenia,SVN,2003,11000.0,0.0,0.0,0.0,0.0,1.4199051,99.25,3.0,2.168
6824,Slovenia,SVN,2004,10000.0,0.0,0.0,0.0,0.0,1.4437902,99.25,3.0,2.168
6825,Slovenia,SVN,2005,12000.0,0.0,0.0,0.0,0.0,1.4304082,99.25,3.0,2.168
6826,Slovenia,SVN,2006,11000.0,0.0,0.0,0.0,0.0,1.5508505,99.25,3.0,2.168
6827,Slovenia,SVN,2007,12000.0,0.0,0.0,0.0,0.0,1.448554,99.25,3.0,2.168
6828,Slovenia,SVN,2008,12000.0,0.0,0.0,0.0,0.0,1.5001833,99.25,3.0,1.904
6829,Slovenia,SVN,2009,12100.0,0.0,0.0,0.0,0.0,1.6049523,99.25,3.0,2.014
6830,Slovenia,SVN,2010,12100.0,0.0,0.0,0.0,0.0,1.6170496,99.25,3.0,2.014
6831,Slovenia,SVN,2011,12100.0,0.0,0.0,0.0,0.0,1.3018793,99.25,3.0,2.014
6832,Slovenia,SVN,2012,13550.0,0.0,0.0,0.0,0.0,1.177172,99.25,3.0,1.895
6833,Slovenia,SVN,2013,13550.0,0.0,0.0,0.0,0.0,1.0589472,99.25,3.0,2.3
6834,Slovenia,SVN,2014,13550.0,0.0,0.0,0.0,0.0,0.9832326,99.25,3.0,2.483
6835,Slovenia,SVN,2015,13200.0,0.0,0.0,0.0,0.0,0.93878794,99.25,3.0,2.483
6836,Slovenia,SVN,2016,13200.0,0.0,0.0,0.0,0.0,1.0150812,98.875,3.0,2.816
6837,Slovenia,SVN,2017,7000.0,0.0,0.0,0.0,0.0,0.99066806,98.875,3.0,2.816
6838,Slovenia,SVN,2018,7250.0,0.0,0.0,0.0,0.0,0.9867597,99.571,3.0,2.816
6839,Slovenia,SVN,2019,7000.0,0.0,0.0,0.0,0.0,1.0625782,99.571,3.0,2.816
6840,Slovenia,SVN,2020,7000.0,0.0,0.0,0.0,0.0,1.0654982,99.571,3.0,2.074
6841,Slovenia,SVN,2021,,0.0,0.0,0.0,0.0,1.2398447,99.571,2.0,1.497
6842,Slovenia,SVN,2022,,0.0,0.0,0.0,0.0,1.2950553,99.571,3.0,2.252
6843,Slovenia,SVN,2023,,0.0,0.0,0.0,0.0,1.3213192,99.571,2.0,1.474
6844,Slovenia,SVN,2024,,0.0,0.0,0.0,0.0,1.3100111,99.571,2.0,1.474
6845,Solomon Islands,SLB,1989,,0.0,0.0,0.0,0.0,,81.667,2.0,0.408
6846,Solomon Islands,SLB,1990,,0.0,0.0,0.0,0.0,,81.667,2.0,0.408
6847,Solomon Islands,SLB,1991,,0.0,0.0,0.0,0.0,,81.667,2.0,0.408
6848,Solomon Islands,SLB,1992,,2.0,0.0,0.0,2.0,,81.667,2.0,0.408
6849,Solomon Islands,SLB,1993,,0.0,0.0,0.0,0.0,,81.667,2.0,0.408
6850,Solomon Islands,SLB,1994,,0.0,0.0,0.0,0.0,,81.667,2.0,0.408
6851,Solomon Islands,SLB,1995,,0.0,0.0,0.0,0.0,,81.667,2.0,0.408
6852,Solomon Islands,SLB,1996,,0.0,0.0,0.0,0.0,,81.667,2.0,0.408
6853,Solomon Islands,SLB,1997,,0.0,0.0,0.0,0.0,,81.667,2.0,0.408
6854,Solomon Islands,SLB,1998,,0.0,0.0,0.0,0.0,,81.667,2.0,0.408
6855,Solomon Islands,SLB,1999,,0.0,0.0,0.0,0.0,,78.667,2.0,-0.914
6856,Solomon Islands,SLB,2000,,0.0,0.0,0.0,0.0,,78.667,1.0,-0.914
6857,Solomon Islands,SLB,2001,,0.0,0.0,0.0,0.0,,79.333,1.0,-0.914
6858,Solomon Islands,SLB,2002,,0.0,0.0,0.0,0.0,,79.333,2.0,-0.239
6859,Solomon Islands,SLB,2003,,0.0,0.0,0.0,0.0,,80.0,2.0,-0.239
6860,Solomon Islands,SLB,2004,,0.0,0.0,0.0,0.0,,80.0,2.0,-0.239
6861,Solomon Islands,SLB,2005,,0.0,0.0,0.0,0.0,,88.9,2.0,-0.24
6862,Solomon Islands,SLB,2006,,0.0,0.0,0.0,0.0,,88.9,1.0,-0.24
6863,Solomon Islands,SLB,2007,,0.0,0.0,0.0,0.0,,88.9,2.0,-0.24
6864,Solomon Islands,SLB,2008,,0.0,0.0,0.0,0.0,,88.9,2.0,-0.24
6865,Solomon Islands,SLB,2009,,0.0,0.0,0.0,0.0,,88.9,2.0,-0.24
6866,Solomon Islands,SLB,2010,,0.0,0.0,0.0,0.0,,81.5,2.0,0.099
6867,Solomon Islands,SLB,2011,,0.0,0.0,0.0,0.0,,81.5,2.0,0.099
6868,Solomon Islands,SLB,2012,,0.0,0.0,0.0,0.0,,81.5,2.0,0.099
6869,Solomon Islands,SLB,2013,,0.0,0.0,0.0,0.0,,81.5,2.0,0.099
6870,Solomon Islands,SLB,2014,,0.0,0.0,0.0,0.0,,81.5,2.0,0.099
6871,Solomon Islands,SLB,2015,,0.0,0.0,0.0,0.0,,84.556,2.0,0.099
6872,Solomon Islands,SLB,2016,,0.0,0.0,0.0,0.0,,94.333,2.0,0.099
6873,Solomon Islands,SLB,2017,,0.0,0.0,0.0,0.0,,91.375,2.0,0.226
6874,Solomon Islands,SLB,2018,,0.0,0.0,0.0,0.0,,91.375,2.0,0.226
6875,Solomon Islands,SLB,2019,,0.0,0.0,0.0,0.0,,92.714,2.0,0.226
6876,Solomon Islands,SLB,2020,,0.0,0.0,0.0,0.0,,91.857,2.0,0.226
6877,Solomon Islands,SLB,2021,,0.0,0.0,0.0,0.0,,93.857,2.0,0.326
6878,Solomon Islands,SLB,2022,,0.0,0.0,0.0,0.0,,95.571,2.0,0.538
6879,Solomon Islands,SLB,2023,,0.0,0.0,0.0,0.0,,95.571,2.0,0.626
6880,Solomon Islands,SLB,2024,,0.0,0.0,0.0,0.0,,93.6,2.0,0.626
6881,Somalia,SOM,1989,47000.0,688.0,29.0,344.0,1061.0,1.5299921,82.0,0.0,-1.166
6882,Somalia,SOM,1990,47000.0,501.0,865.0,1334.0,2700.0,,82.0,0.0,-1.405
6883,Somalia,SOM,1991,,950.0,7180.0,325.0,8455.0,,56.667,0.0,-1.405
6884,Somalia,SOM,1992,,104.0,3963.0,662.0,4729.0,,35.0,0.0,-2.906
6885,Somalia,SOM,1993,,1.0,463.0,14.0,478.0,,35.0,0.0,-2.906
6886,Somalia,SOM,1994,,89.0,508.0,28.0,625.0,,35.0,0.0,-2.906
6887,Somalia,SOM,1995,225000.0,12.0,264.0,167.0,443.0,,35.0,0.0,-2.906
6888,Somalia,SOM,1996,225000.0,224.0,553.0,162.0,939.0,,35.0,0.0,-2.906
6889,Somalia,SOM,1997,225000.0,9.0,238.0,21.0,268.0,,35.0,0.0,-2.906
6890,Somalia,SOM,1998,225000.0,19.0,201.0,92.0,312.0,,35.0,0.0,-2.906
6891,Somalia,SOM,1999,50000.0,75.0,390.0,57.0,522.0,,35.0,0.0,-2.906
6892,Somalia,SOM,2000,50000.0,4.0,123.0,44.0,171.0,,35.0,0.0,-2.906
6893,Somalia,SOM,2001,,85.0,311.0,49.0,445.0,,35.0,0.0,-2.906
6894,Somalia,SOM,2002,,32.0,511.0,81.0,624.0,,35.0,0.0,-2.906
6895,Somalia,SOM,2003,,31.0,294.0,70.0,395.0,,35.0,0.0,-2.906
6896,Somalia,SOM,2004,,20.0,538.0,98.0,656.0,,35.0,0.0,-2.427
6897,Somalia,SOM,2005,,20.0,287.0,31.0,338.0,,36.364,0.0,-2.134
6898,Somalia,SOM,2006,,104.0,779.0,304.0,1187.0,,37.273,0.0,-2.134
6899,Somalia,SOM,2007,,447.0,910.0,227.0,1584.0,,37.273,0.0,-2.134
6900,Somalia,SOM,2008,,620.0,626.0,485.0,1731.0,,37.273,0.0,-2.134
6901,Somalia,SOM,2009,2000.0,590.0,1124.0,432.0,2146.0,,36.818,0.0,-2.134
6902,Somalia,SOM,2010,2000.0,416.0,1816.0,465.0,2697.0,,38.182,0.0,-1.991
6903,Somalia,SOM,2011,3200.0,366.0,1220.0,507.0,2093.0,,38.182,0.0,-1.991
6904,Somalia,SOM,2012,20000.0,292.0,899.0,1792.0,2983.0,,43.636,0.0,-1.741
6905,Somalia,SOM,2013,11000.0,247.0,370.0,420.0,1037.0,0.44385755,46.429,0.0,-1.741
6906,Somalia,SOM,2014,17000.0,205.0,263.0,757.0,1225.0,0.93524754,46.429,0.0,-1.741
6907,Somalia,SOM,2015,19800.0,155.0,225.0,859.0,1239.0,0.6813916,47.857,0.0,-1.741
6908,Somalia,SOM,2016,19800.0,310.0,271.0,1474.0,2055.0,0.6454607,50.143,0.0,-1.713
6909,Somalia,SOM,2017,20000.0,251.0,789.0,1020.0,2060.0,0.7490669,55.571,0.0,-1.082
6910,Somalia,SOM,2018,19800.0,271.0,322.0,1839.0,2432.0,0.97246283,51.429,0.0,-1.14
6911,Somalia,SOM,2019,20000.0,271.0,275.0,1633.0,2179.0,0.82865393,49.571,0.0,-1.213
6912,Somalia,SOM,2020,14000.0,257.0,88.0,1746.0,2091.0,1.1376519,56.571,0.0,-1.167
6913,Somalia,SOM,2021,,245.0,119.0,1889.0,2253.0,1.170698,64.333,0.0,-0.465
6914,Somalia,SOM,2022,,194.0,377.0,2529.0,3100.0,1.1630011,66.333,0.0,-0.465
6915,Somalia,SOM,2023,,133.0,396.0,3646.0,4175.0,1.2852037,69.667,0.0,-0.443
6916,Somalia,SOM,2024,,448.0,179.0,1853.0,2480.0,1.5857805,64.0,0.0,-0.443
6951,South Africa,ZAF,1989,100000.0,78.0,101.0,102.0,281.0,4.357885,88.333,0.0,-0.544
6952,South Africa,ZAF,1990,85000.0,234.0,989.0,214.0,1437.0,3.8963516,85.833,0.0,-0.085
6953,South Africa,ZAF,1991,80000.0,90.0,318.0,287.0,695.0,3.2226338,85.833,0.0,-0.085
6954,South Africa,ZAF,1992,75000.0,128.0,205.0,373.0,706.0,2.8176508,85.833,0.0,-0.085
6955,South Africa,ZAF,1993,75000.0,273.0,346.0,270.0,889.0,2.4955237,85.833,0.0,-0.085
6956,South Africa,ZAF,1994,75000.0,82.0,210.0,217.0,509.0,2.561966,89.333,1.0,1.466
6957,South Africa,ZAF,1995,276900.0,0.0,72.0,71.0,143.0,2.1178641,96.625,2.0,1.649
6958,South Africa,ZAF,1996,277900.0,0.0,151.0,5.0,156.0,1.7558789,96.625,3.0,1.649
6959,South Africa,ZAF,1997,217440.0,0.0,0.0,0.0,0.0,1.5821335,96.625,3.0,1.649
6960,South Africa,ZAF,1998,211700.0,0.0,28.0,1.0,29.0,1.3831668,96.625,3.0,1.649
6961,South Africa,ZAF,1999,78150.0,0.0,0.0,0.0,0.0,1.2720529,96.625,3.0,1.649
6962,South Africa,ZAF,2000,71600.0,0.0,0.0,0.0,0.0,1.3872892,96.625,3.0,1.649
6963,South Africa,ZAF,2001,67000.0,0.0,0.0,0.0,0.0,1.483161,96.625,3.0,1.649
6964,South Africa,ZAF,2002,60000.0,0.0,0.0,0.0,0.0,1.5293095,96.625,3.0,1.649
6965,South Africa,ZAF,2003,55700.0,0.0,0.0,0.0,0.0,1.4688113,96.625,3.0,1.546
6966,South Africa,ZAF,2004,55000.0,0.0,0.0,0.0,0.0,1.3557286,96.625,3.0,1.546
6967,South Africa,ZAF,2005,56000.0,0.0,0.0,0.0,0.0,1.2348113,96.625,3.0,1.546
6968,South Africa,ZAF,2006,103000.0,0.0,0.0,0.0,0.0,1.153872,96.625,3.0,1.546
6969,South Africa,ZAF,2007,62000.0,0.0,0.0,0.0,0.0,1.0585196,96.625,3.0,1.47
6970,South Africa,ZAF,2008,62000.0,0.0,0.0,0.0,0.0,1.0394175,96.625,3.0,1.47
6971,South Africa,ZAF,2009,77153.0,0.0,0.0,0.0,0.0,1.0895047,96.625,3.0,1.326
6972,South Africa,ZAF,2010,77153.0,0.0,0.0,0.0,0.0,1.003481,96.625,3.0,1.654
6973,South Africa,ZAF,2011,77582.0,0.0,0.0,0.0,0.0,1.0026534,96.625,3.0,1.566
6974,South Africa,ZAF,2012,62100.0,0.0,0.0,0.0,0.0,1.0335227,95.812,3.0,1.566
6975,South Africa,ZAF,2013,77150.0,0.0,0.0,0.0,0.0,1.027794,95.812,2.0,1.188
6976,South Africa,ZAF,2014,82250.0,0.0,0.0,0.0,0.0,1.021894,95.812,2.0,1.188
6977,South Africa,ZAF,2015,82150.0,0.0,0.0,0.0,0.0,1.0069287,95.812,2.0,0.878
6978,South Africa,ZAF,2016,81400.0,0.0,0.0,0.0,0.0,0.97104675,95.812,2.0,0.878
6979,South Africa,ZAF,2017,80000.0,0.0,0.0,0.0,0.0,0.9435685,95.812,2.0,0.171
6980,South Africa,ZAF,2018,89650.0,1.0,0.0,0.0,1.0,0.8947571,95.9,2.0,0.327
6981,South Africa,ZAF,2019,90000.0,0.0,0.0,0.0,0.0,0.88243026,96.0,2.0,0.327
6982,South Africa,ZAF,2020,89000.0,0.0,0.0,0.0,0.0,0.9565108,95.0,2.0,0.771
6983,South Africa,ZAF,2021,,0.0,75.0,48.0,123.0,0.80596507,99.375,2.0,0.771
6984,South Africa,ZAF,2022,,0.0,0.0,0.0,0.0,0.798457,99.375,2.0,1.189
6985,South Africa,ZAF,2023,,0.0,0.0,0.0,0.0,0.75456107,96.429,2.0,1.189
6986,South Africa,ZAF,2024,,0.0,0.0,0.0,0.0,0.70015085,96.429,3.0,1.189
7092,South Korea,KOR,1989,647000.0,0.0,0.0,0.0,0.0,4.2902355,99.917,2.0,1.801
7093,South Korea,KOR,1990,650000.0,0.0,0.0,0.0,0.0,4.0023046,99.917,2.0,2.018
7094,South Korea,KOR,1991,750000.0,0.0,0.0,0.0,0.0,3.7111278,99.917,2.0,2.018
7095,South Korea,KOR,1992,750000.0,0.0,0.0,0.0,0.0,3.6902726,99.917,2.0,2.018
7096,South Korea,KOR,1993,750000.0,0.0,0.0,0.0,0.0,3.417895,99.917,3.0,2.727
7097,South Korea,KOR,1994,750000.0,0.0,0.0,0.0,0.0,3.1927526,99.917,3.0,2.727
7098,South Korea,KOR,1995,641000.0,0.0,0.0,0.0,0.0,2.8923328,99.917,3.0,2.727
7099,South Korea,KOR,1996,668000.0,0.0,0.0,0.0,0.0,2.7434797,99.917,3.0,2.727
7100,South Korea,KOR,1997,676500.0,0.0,0.0,0.0,0.0,2.6633878,99.917,3.0,2.727
7101,South Korea,KOR,1998,676500.0,0.0,0.0,0.0,0.0,2.794442,99.917,3.0,2.961
7102,South Korea,KOR,1999,676500.0,0.0,0.0,0.0,0.0,2.4925773,99.917,3.0,2.961
7103,South Korea,KOR,2000,687500.0,0.0,0.0,0.0,0.0,2.3098636,99.917,3.0,2.961
7104,South Korea,KOR,2001,687500.0,0.0,0.0,0.0,0.0,2.2802339,99.917,3.0,2.961
7105,South Korea,KOR,2002,690500.0,0.0,0.0,0.0,0.0,2.1694477,99.917,3.0,2.961
7106,South Korea,KOR,2003,690500.0,0.0,0.0,0.0,0.0,2.1752412,99.917,3.0,2.961
7107,South Korea,KOR,2004,696000.0,0.0,0.0,0.0,0.0,2.1657884,99.917,3.0,2.961
7108,South Korea,KOR,2005,693000.0,0.0,0.0,0.0,0.0,2.2804017,99.917,3.0,2.961
7109,South Korea,KOR,2006,692000.0,0.0,0.0,0.0,0.0,2.2989237,99.917,3.0,2.961
7110,South Korea,KOR,2007,692000.0,0.0,0.0,0.0,0.0,2.2709353,99.917,3.0,2.961
7111,South Korea,KOR,2008,692000.0,0.0,0.0,0.0,0.0,2.3885076,99.917,3.0,2.156
7112,South Korea,KOR,2009,659500.0,0.0,0.0,0.0,0.0,2.4999015,99.917,3.0,2.156
7113,South Korea,KOR,2010,659500.0,0.0,0.0,0.0,0.0,2.361228,99.917,3.0,2.156
7114,South Korea,KOR,2011,659500.0,0.0,0.0,0.0,0.0,2.3711429,99.917,3.0,2.156
7115,South Korea,KOR,2012,659500.0,0.0,0.0,0.0,0.0,2.3920596,99.917,3.0,2.156
7116,South Korea,KOR,2013,659500.0,0.0,0.0,0.0,0.0,2.391287,99.917,3.0,1.853
7117,South Korea,KOR,2014,632500.0,0.0,0.0,0.0,0.0,2.4132724,99.917,3.0,1.853
7118,South Korea,KOR,2015,634500.0,0.0,0.0,0.0,0.0,2.3763711,99.917,3.0,1.853
7119,South Korea,KOR,2016,634000.0,0.0,0.0,0.0,0.0,2.3358,99.917,3.0,1.853
7120,South Korea,KOR,2017,634000.0,0.0,0.0,0.0,0.0,2.298131,99.875,3.0,2.505
7121,South Korea,KOR,2018,608000.0,0.0,0.0,0.0,0.0,2.3615098,100.0,3.0,2.531
7122,South Korea,KOR,2019,613000.0,0.0,0.0,0.0,0.0,2.51932,100.0,3.0,1.893
7123,South Korea,KOR,2020,569000.0,0.0,0.0,0.0,0.0,2.642977,100.0,3.0,2.014
7124,South Korea,KOR,2021,,0.0,0.0,0.0,0.0,2.6190493,98.875,3.0,2.178
7125,South Korea,KOR,2022,,0.0,0.0,0.0,0.0,2.5764256,98.875,3.0,1.705
7126,South Korea,KOR,2023,,0.0,0.0,0.0,0.0,2.5992577,98.875,3.0,1.705
7127,South Korea,KOR,2024,,0.0,0.0,0.0,0.0,2.5620525,98.875,2.0,1.31
7164,South Sudan,SSD,1989,,43.0,1017.0,2847.0,3907.0,,74.6,0.0,-1.371
7165,South Sudan,SSD,1990,,23.0,4143.0,106.0,4272.0,,71.0,0.0,-1.979
7166,South Sudan,SSD,1991,,2054.0,1992.0,160.0,4206.0,,71.0,0.0,-1.979
7167,South Sudan,SSD,1992,,2058.0,877.0,411.0,3346.0,,71.0,0.0,-1.979
7168,South Sudan,SSD,1993,,1614.0,2291.0,1972.0,5877.0,,71.0,0.0,-1.979
7169,South Sudan,SSD,1994,,9.0,481.0,1.0,491.0,,71.0,0.0,-1.979
7170,South Sudan,SSD,1995,,152.0,705.0,305.0,1162.0,,71.0,0.0,-1.979
7171,South Sudan,SSD,1996,,41.0,2000.0,333.0,2374.0,,71.0,1.0,-1.979
7172,South Sudan,SSD,1997,,301.0,730.0,2543.0,3574.0,,71.0,1.0,-1.8
7173,South Sudan,SSD,1998,,1475.0,305.0,2107.0,3887.0,,71.0,1.0,-1.8
7174,South Sudan,SSD,1999,,85.0,39.0,434.0,558.0,,71.0,1.0,-1.8
7175,South Sudan,SSD,2000,,287.0,38.0,1628.0,1953.0,,71.0,1.0,-1.501
7176,South Sudan,SSD,2001,,40.0,38.0,2731.0,2809.0,,71.0,1.0,-1.501
7177,South Sudan,SSD,2002,,600.0,108.0,2250.0,2958.0,,71.0,1.0,-1.501
7178,South Sudan,SSD,2003,,9.0,0.0,53.0,62.0,,68.4,1.0,-1.501
7179,South Sudan,SSD,2004,,664.0,1.0,576.0,1241.0,,62.846,1.0,-1.501
7180,South Sudan,SSD,2005,,93.0,28.0,41.0,162.0,,62.846,1.0,-1.307
7181,South Sudan,SSD,2006,,9.0,60.0,265.0,334.0,,66.769,1.0,-1.307
7182,South Sudan,SSD,2007,,54.0,197.0,24.0,275.0,,66.769,1.0,-1.307
7183,South Sudan,SSD,2008,,79.0,32.0,21.0,132.0,5.7612886,68.154,1.0,-1.307
7184,South Sudan,SSD,2009,,325.0,1288.0,348.0,1961.0,4.9684625,67.615,1.0,-1.307
7185,South Sudan,SSD,2010,140000.0,42.0,185.0,32.0,259.0,4.1406326,66.385,1.0,-1.391
7186,South Sudan,SSD,2011,210000.0,466.0,1892.0,668.0,3026.0,6.0944157,78.467,0.0,-1.409
7187,South Sudan,SSD,2012,210000.0,92.0,204.0,555.0,851.0,8.771149,79.133,0.0,-1.409
7188,South Sudan,SSD,2013,185000.0,914.0,629.0,283.0,1826.0,6.569864,66.0,0.0,-1.409
7189,South Sudan,SSD,2014,185000.0,899.0,1389.0,173.0,2461.0,8.574523,68.0,0.0,-2.438
7190,South Sudan,SSD,2015,185000.0,449.0,562.0,105.0,1116.0,8.603653,66.455,0.0,-2.438
7191,South Sudan,SSD,2016,185000.0,354.0,633.0,302.0,1289.0,4.8467493,60.5,0.0,-2.624
7192,South Sudan,SSD,2017,185000.0,351.0,731.0,162.0,1244.0,3.993378,68.333,0.0,-3.137
7193,South Sudan,SSD,2018,185000.0,435.0,357.0,383.0,1175.0,4.7742496,79.857,0.0,-2.905
7194,South Sudan,SSD,2019,185000.0,149.0,339.0,138.0,626.0,3.8012526,73.333,0.0,-2.803
7195,South Sudan,SSD,2020,53000.0,70.0,542.0,28.0,640.0,1.8663588,79.667,0.0,-2.803
7196,South Sudan,SSD,2021,,51.0,641.0,196.0,888.0,1.5112946,81.0,0.0,-2.803
7197,South Sudan,SSD,2022,,259.0,362.0,58.0,679.0,1.5746739,50.75,0.0,-1.887
7198,South Sudan,SSD,2023,,38.0,168.0,0.0,206.0,2.096134,75.0,0.0,-1.887
7199,South Sudan,SSD,2024,,41.0,572.0,16.0,629.0,1.9617071,80.5,0.0,-1.887
7200,Spain,ESP,1989,277000.0,0.0,0.0,0.0,0.0,2.3596752,98.812,3.0,3.04
7201,Spain,ESP,1990,263000.0,0.0,0.0,0.0,0.0,2.2933054,98.812,3.0,3.04
7202,Spain,ESP,1991,246000.0,10.0,2.0,33.0,45.0,2.1291924,98.812,3.0,3.04
7203,Spain,ESP,1992,198000.0,0.0,0.0,0.0,0.0,2.0428038,98.812,3.0,3.04
7204,Spain,ESP,1993,204000.0,0.0,0.0,0.0,0.0,2.0118718,98.812,3.0,3.04
7205,Spain,ESP,1994,213000.0,0.0,0.0,0.0,0.0,2.0013373,98.812,3.0,3.04
7206,Spain,ESP,1995,281600.0,0.0,0.0,0.0,0.0,1.9170225,98.812,3.0,3.04
7207,Spain,ESP,1996,282300.0,0.0,0.0,0.0,0.0,1.8144389,98.812,3.0,3.04
7208,Spain,ESP,1997,273250.0,0.0,0.0,0.0,0.0,1.7228156,98.812,3.0,3.04
7209,Spain,ESP,1998,269710.0,0.0,0.0,0.0,0.0,1.75732,98.812,3.0,3.04
7210,Spain,ESP,1999,262260.0,0.0,0.0,0.0,0.0,1.7552346,98.812,3.0,3.04
7211,Spain,ESP,2000,241800.0,0.0,0.0,0.0,0.0,1.725518,98.812,3.0,3.04
7212,Spain,ESP,2001,214700.0,0.0,0.0,0.0,0.0,1.6295841,98.812,3.0,3.04
7213,Spain,ESP,2002,251200.0,0.0,0.0,0.0,0.0,1.4559737,98.812,3.0,3.04
7214,Spain,ESP,2003,224000.0,0.0,0.0,0.0,0.0,1.4225444,98.812,3.0,3.04
7215,Spain,ESP,2004,220000.0,191.0,0.0,0.0,191.0,1.4302212,98.812,3.0,3.04
7216,Spain,ESP,2005,220000.0,0.0,0.0,0.0,0.0,1.3871778,98.812,3.0,3.04
7217,Spain,ESP,2006,222000.0,0.0,0.0,0.0,0.0,1.3700074,98.812,3.0,3.04
7218,Spain,ESP,2007,222000.0,0.0,0.0,0.0,0.0,1.3631064,98.812,3.0,3.04
7219,Spain,ESP,2008,223000.0,0.0,0.0,0.0,0.0,1.3676205,98.812,3.0,3.04
7220,Spain,ESP,2009,222422.0,0.0,0.0,0.0,0.0,1.3583539,98.812,3.0,3.04
7221,Spain,ESP,2010,223216.0,0.0,0.0,0.0,0.0,1.3816645,98.812,3.0,3.04
7222,Spain,ESP,2011,215700.0,0.0,0.0,0.0,0.0,1.3257362,98.812,3.0,3.04
7223,Spain,ESP,2012,215600.0,0.0,0.0,0.0,0.0,1.4169518,98.812,3.0,2.513
7224,Spain,ESP,2013,213950.0,0.0,0.0,0.0,0.0,1.2661887,98.562,3.0,2.283
7225,Spain,ESP,2014,200000.0,0.0,0.0,0.0,0.0,1.2462595,98.562,3.0,2.103
7226,Spain,ESP,2015,199950.0,0.0,0.0,0.0,0.0,1.2596927,98.562,3.0,2.103
7227,Spain,ESP,2016,197950.0,0.0,0.0,0.0,0.0,1.128481,98.562,3.0,2.103
7228,Spain,ESP,2017,196000.0,16.0,0.0,0.0,16.0,1.2221109,98.071,3.0,2.103
7229,Spain,ESP,2018,196350.0,0.0,0.0,0.0,0.0,1.2456248,99.857,3.0,2.103
7230,Spain,ESP,2019,199000.0,0.0,0.0,0.0,0.0,1.2246453,99.857,3.0,2.318
7231,Spain,ESP,2020,199000.0,0.0,0.0,0.0,0.0,1.3542961,99.857,3.0,2.318
7232,Spain,ESP,2021,,0.0,0.0,0.0,0.0,1.3376889,99.417,3.0,2.531
7233,Spain,ESP,2022,,0.0,0.0,0.0,0.0,1.4055469,99.909,3.0,2.357
7234,Spain,ESP,2023,,0.0,0.0,2.0,2.0,1.4715776,99.909,3.0,2.357
7235,Spain,ESP,2024,,0.0,0.0,0.0,0.0,1.4321074,99.909,3.0,1.977
7236,Sri Lanka,LKA,1989,22000.0,490.0,162.0,636.0,1288.0,1.7985954,72.857,1.0,-0.169
7237,Sri Lanka,LKA,1990,22000.0,1180.0,42.0,3597.0,4819.0,2.3284874,71.0,1.0,0.124
7238,Sri Lanka,LKA,1991,110000.0,254.0,33.0,6359.0,6646.0,3.0820878,71.0,1.0,0.124
7239,Sri Lanka,LKA,1992,110000.0,381.0,42.0,4021.0,4444.0,3.36764,71.0,1.0,0.124
7240,Sri Lanka,LKA,1993,110000.0,120.0,22.0,1933.0,2075.0,3.4317856,71.0,1.0,0.124
7241,Sri Lanka,LKA,1994,110000.0,32.0,26.0,653.0,711.0,3.7293382,71.0,1.0,0.215
7242,Sri Lanka,LKA,1995,235500.0,321.0,9.0,4622.0,4952.0,5.861132,71.0,2.0,0.215
7243,Sri Lanka,LKA,1996,225200.0,187.0,94.0,3816.0,4097.0,5.519783,71.286,2.0,0.215
7244,Sri Lanka,LKA,1997,227200.0,32.0,70.0,2778.0,2880.0,4.6306024,72.917,2.0,0.215
7245,Sri Lanka,LKA,1998,225200.0,109.0,514.0,3199.0,3822.0,4.643464,72.917,2.0,0.215
7246,Sri Lanka,LKA,1999,218300.0,68.0,25.0,1851.0,1944.0,4.030164,72.917,2.0,0.215
7247,Sri Lanka,LKA,2000,203600.0,60.0,87.0,2413.0,2560.0,5.033873,72.917,1.0,0.215
7248,Sri Lanka,LKA,2001,209600.0,27.0,28.0,1089.0,1144.0,4.2869906,72.917,1.0,0.215
7249,Sri Lanka,LKA,2002,246500.0,0.0,0.0,0.0,0.0,3.3425894,72.917,2.0,0.215
7250,Sri Lanka,LKA,2003,240900.0,0.0,0.0,29.0,29.0,2.8689117,72.917,2.0,0.215
7251,Sri Lanka,LKA,2004,239000.0,5.0,0.0,55.0,60.0,2.9973586,72.917,2.0,-0.245
7252,Sri Lanka,LKA,2005,200000.0,2.0,9.0,107.0,118.0,2.6395333,72.917,1.0,-0.9
7253,Sri Lanka,LKA,2006,213000.0,363.0,27.0,1757.0,2147.0,2.7987735,74.333,1.0,-0.883
7254,Sri Lanka,LKA,2007,213000.0,89.0,22.0,2425.0,2536.0,3.2606084,75.583,1.0,-0.883
7255,Sri Lanka,LKA,2008,213000.0,249.0,65.0,8133.0,8447.0,3.2436018,75.708,1.0,-0.883
7256,Sri Lanka,LKA,2009,223100.0,6830.0,190.0,3393.0,10413.0,3.1618986,81.083,1.0,-0.984
7257,Sri Lanka,LKA,2010,223100.0,0.0,0.0,0.0,0.0,2.700748,99.5,1.0,-1.162
7258,Sri Lanka,LKA,2011,223100.0,0.0,0.0,0.0,0.0,2.6853187,99.5,1.0,-1.162
7259,Sri Lanka,LKA,2012,223100.0,0.0,0.0,0.0,0.0,2.1551995,99.5,1.0,-1.162
7260,Sri Lanka,LKA,2013,223100.0,0.0,0.0,0.0,0.0,2.1540482,99.667,1.0,-0.828
7261,Sri Lanka,LKA,2014,223100.0,0.0,0.0,0.0,0.0,2.412647,99.667,1.0,-0.828
7262,Sri Lanka,LKA,2015,265200.0,0.0,0.0,0.0,0.0,2.4170113,99.667,2.0,-0.496
7263,Sri Lanka,LKA,2016,305200.0,0.0,0.0,0.0,0.0,1.9793553,99.667,2.0,0.148
7264,Sri Lanka,LKA,2017,317000.0,0.0,0.0,0.0,0.0,1.9769285,99.75,2.0,0.148
7265,Sri Lanka,LKA,2018,317000.0,0.0,0.0,0.0,0.0,1.7346935,100.0,2.0,0.143
7266,Sri Lanka,LKA,2019,317000.0,255.0,0.0,0.0,255.0,1.7521992,99.833,2.0,-0.351
7267,Sri Lanka,LKA,2020,317000.0,0.0,0.0,0.0,0.0,1.7398874,99.167,2.0,-0.993
7268,Sri Lanka,LKA,2021,,0.0,0.0,0.0,0.0,1.712657,100.0,2.0,-0.993
7269,Sri Lanka,LKA,2022,,0.0,0.0,0.0,0.0,1.3433273,99.4,2.0,-0.088
7270,Sri Lanka,LKA,2023,,0.0,0.0,0.0,0.0,1.6400307,97.8,2.0,0.251
7271,Sri Lanka,LKA,2024,,0.0,0.0,0.0,0.0,1.4253908,99.0,2.0,0.79
7303,Sudan,SDN,1989,65000.0,1001.0,1004.0,1604.0,3609.0,,74.6,0.0,-1.371
7304,Sudan,SDN,1990,65000.0,270.0,767.0,26.0,1063.0,4.8133245,71.0,0.0,-1.979
7305,Sudan,SDN,1991,65000.0,250.0,103.0,6.0,359.0,4.9923015,71.0,0.0,-1.979
7306,Sudan,SDN,1992,82000.0,968.0,0.0,0.0,968.0,4.3893633,71.0,0.0,-1.979
7307,Sudan,SDN,1993,82000.0,40.0,0.0,108.0,148.0,4.9211187,71.0,0.0,-1.979
7308,Sudan,SDN,1994,82000.0,467.0,0.0,0.0,467.0,3.897835,71.0,0.0,-1.979
7309,Sudan,SDN,1995,133500.0,214.0,118.0,0.0,332.0,2.0730453,71.0,0.0,-1.979
7310,Sudan,SDN,1996,104000.0,19.0,62.0,259.0,340.0,1.2693262,71.0,1.0,-1.979
7311,Sudan,SDN,1997,94700.0,7.0,16.0,1207.0,1230.0,0.9543286,71.0,1.0,-1.8
7312,Sudan,SDN,1998,109700.0,51.0,191.0,1811.0,2053.0,2.3796499,71.0,1.0,-1.8
7313,Sudan,SDN,1999,109700.0,44.0,384.0,1078.0,1506.0,4.0097566,71.0,1.0,-1.8
7314,Sudan,SDN,2000,119500.0,82.0,39.0,1452.0,1573.0,4.471292,71.0,1.0,-1.501
7315,Sudan,SDN,2001,124000.0,173.0,1.0,736.0,910.0,2.469318,71.0,1.0,-1.501
7316,Sudan,SDN,2002,124000.0,160.0,83.0,6.0,249.0,2.6719155,71.0,1.0,-1.501
7317,Sudan,SDN,2003,114500.0,1787.0,1091.0,1883.0,4761.0,1.8642122,68.4,1.0,-1.501
7318,Sudan,SDN,2004,121000.0,5397.0,87.0,2965.0,8449.0,4.65651,62.846,1.0,-1.501
7319,Sudan,SDN,2005,123000.0,560.0,640.0,111.0,1311.0,3.3112812,62.846,1.0,-1.307
7320,Sudan,SDN,2006,,789.0,1063.0,122.0,1974.0,3.6405125,66.769,1.0,-1.307
7321,Sudan,SDN,2007,127000.0,126.0,211.0,494.0,831.0,4.0832305,66.769,1.0,-1.307
7322,Sudan,SDN,2008,127000.0,384.0,191.0,512.0,1087.0,4.9789214,68.154,1.0,-1.307
7323,Sudan,SDN,2009,126800.0,52.0,233.0,406.0,691.0,5.453919,67.615,1.0,-1.307
7324,Sudan,SDN,2010,126800.0,229.0,477.0,597.0,1303.0,,66.385,1.0,-1.391
7325,Sudan,SDN,2011,264300.0,290.0,132.0,172.0,594.0,,66.731,1.0,-1.525
7326,Sudan,SDN,2012,264300.0,252.0,582.0,685.0,1519.0,,68.692,1.0,-1.525
7327,Sudan,SDN,2013,264300.0,90.0,926.0,887.0,1903.0,,68.0,1.0,-1.335
7328,Sudan,SDN,2014,264300.0,269.0,795.0,783.0,1847.0,,68.0,1.0,-1.335
7329,Sudan,SDN,2015,264300.0,589.0,628.0,1268.0,2485.0,2.7129402,68.0,1.0,-1.335
7330,Sudan,SDN,2016,124300.0,782.0,895.0,217.0,1894.0,2.2785072,68.0,1.0,-1.335
7331,Sudan,SDN,2017,124000.0,62.0,241.0,201.0,504.0,3.285804,74.375,1.0,-1.27
7332,Sudan,SDN,2018,124300.0,97.0,129.0,138.0,364.0,1.7789241,73.286,1.0,-1.366
7333,Sudan,SDN,2019,124000.0,186.0,169.0,42.0,397.0,1.6290679,62.857,1.0,-0.733
7334,Sudan,SDN,2020,144000.0,70.0,336.0,153.0,559.0,0.97584224,75.143,0.0,-0.733
7335,Sudan,SDN,2021,,119.0,495.0,196.0,810.0,0.9253773,72.167,0.0,-1.448
7336,Sudan,SDN,2022,,95.0,500.0,589.0,1184.0,,72.0,0.0,-1.448
7337,Sudan,SDN,2023,,3126.0,4232.0,396.0,7754.0,,57.6,0.0,-1.448
7338,Sudan,SDN,2024,,4268.0,2051.0,677.0,6996.0,,57.6,0.0,-2.04
7340,Suriname,SUR,1989,4000.0,0.0,0.0,0.0,0.0,,82.0,2.0,-0.718
7341,Suriname,SUR,1990,4000.0,0.0,0.0,0.0,0.0,,94.0,2.0,-0.12
7342,Suriname,SUR,1991,4000.0,0.0,0.0,0.0,0.0,,94.0,1.0,-0.02
7343,Suriname,SUR,1992,2000.0,0.0,0.0,0.0,0.0,,94.0,2.0,-0.02
7344,Suriname,SUR,1993,2000.0,0.0,0.0,0.0,0.0,,95.0,2.0,-0.02
7345,Suriname,SUR,1994,2000.0,0.0,0.0,0.0,0.0,,95.0,2.0,-0.02
7346,Suriname,SUR,1995,1800.0,0.0,0.0,0.0,0.0,,95.0,2.0,-0.02
7347,Suriname,SUR,1996,1800.0,0.0,0.0,0.0,0.0,,95.0,2.0,-0.02
7348,Suriname,SUR,1997,1800.0,0.0,0.0,0.0,0.0,,95.0,2.0,-0.02
7349,Suriname,SUR,1998,1800.0,0.0,0.0,0.0,0.0,,95.0,2.0,-0.02
7350,Suriname,SUR,1999,1800.0,0.0,0.0,0.0,0.0,,95.0,2.0,-0.02
7351,Suriname,SUR,2000,2000.0,0.0,0.0,0.0,0.0,,95.0,2.0,-0.02
7352,Suriname,SUR,2001,2000.0,0.0,0.0,0.0,0.0,,95.0,2.0,-0.02
7353,Suriname,SUR,2002,2000.0,0.0,0.0,0.0,0.0,,95.0,2.0,-0.02
7354,Suriname,SUR,2003,1800.0,0.0,0.0,0.0,0.0,,95.0,2.0,-0.02
7355,Suriname,SUR,2004,1000.0,0.0,0.0,0.0,0.0,,95.0,2.0,-0.02
7356,Suriname,SUR,2005,2000.0,0.0,0.0,0.0,0.0,,95.0,2.0,-0.02
7357,Suriname,SUR,2006,2000.0,0.0,0.0,0.0,0.0,,95.0,2.0,-0.02
7358,Suriname,SUR,2007,2000.0,0.0,0.0,0.0,0.0,,95.0,2.0,-0.02
7359,Suriname,SUR,2008,2000.0,0.0,0.0,0.0,0.0,,95.0,2.0,-0.02
7360,Suriname,SUR,2009,1840.0,0.0,0.0,0.0,0.0,,95.0,2.0,-0.02
7361,Suriname,SUR,2010,1840.0,0.0,0.0,0.0,0.0,,95.0,2.0,-0.131
7362,Suriname,SUR,2011,1840.0,0.0,0.0,0.0,0.0,,95.0,2.0,-0.131
7363,Suriname,SUR,2012,1840.0,0.0,0.0,0.0,0.0,,95.0,2.0,-0.131
7364,Suriname,SUR,2013,1940.0,0.0,0.0,0.0,0.0,,83.333,2.0,-0.124
7365,Suriname,SUR,2014,1940.0,0.0,0.0,0.0,0.0,,83.333,2.0,-0.124
7366,Suriname,SUR,2015,1940.0,0.0,0.0,0.0,0.0,,83.333,2.0,-0.124
7367,Suriname,SUR,2016,1940.0,0.0,0.0,0.0,0.0,,79.0,2.0,-0.124
7368,Suriname,SUR,2017,2000.0,0.0,0.0,0.0,0.0,,79.0,2.0,-0.124
7369,Suriname,SUR,2018,1840.0,0.0,0.0,0.0,0.0,,78.0,2.0,-0.124
7370,Suriname,SUR,2019,2000.0,0.0,0.0,0.0,0.0,,82.2,2.0,-0.124
7371,Suriname,SUR,2020,2000.0,0.0,0.0,0.0,0.0,,84.0,2.0,-0.124
7372,Suriname,SUR,2021,,0.0,0.0,0.0,0.0,,87.0,2.0,0.212
7373,Suriname,SUR,2022,,0.0,0.0,0.0,0.0,,90.0,2.0,0.484
7374,Suriname,SUR,2023,,0.0,0.0,0.0,0.0,,87.0,3.0,0.484
7375,Suriname,SUR,2024,,0.0,0.0,0.0,0.0,,85.75,2.0,0.484
7376,Sweden,SWE,1989,62000.0,0.0,0.0,0.0,0.0,2.4327502,99.85,3.0,3.526
7377,Sweden,SWE,1990,65000.0,0.0,0.0,0.0,0.0,2.462221,99.85,3.0,3.526
7378,Sweden,SWE,1991,63000.0,0.0,0.0,0.0,0.0,2.3198848,99.85,3.0,3.526
7379,Sweden,SWE,1992,70000.0,0.0,0.0,0.0,0.0,2.338791,99.85,3.0,3.526
7380,Sweden,SWE,1993,70000.0,0.0,0.0,0.0,0.0,2.2350082,99.85,3.0,3.526
7381,Sweden,SWE,1994,70000.0,0.0,0.0,0.0,0.0,2.1070323,99.85,3.0,3.526
7382,Sweden,SWE,1995,99600.0,0.0,0.0,0.0,0.0,1.7425053,99.85,3.0,3.526
7383,Sweden,SWE,1996,98200.0,0.0,0.0,0.0,0.0,1.4734317,99.85,3.0,3.526
7384,Sweden,SWE,1997,88950.0,0.0,0.0,0.0,0.0,1.8956807,99.85,3.0,3.526
7385,Sweden,SWE,1998,88700.0,0.0,0.0,0.0,0.0,1.8589814,99.85,3.0,3.526
7386,Sweden,SWE,1999,88700.0,0.0,0.0,0.0,0.0,1.8521583,99.85,3.0,3.526
7387,Sweden,SWE,2000,88300.0,0.0,0.0,0.0,0.0,1.8121961,99.85,3.0,3.526
7388,Sweden,SWE,2001,69500.0,0.0,0.0,0.0,0.0,1.7664492,99.85,3.0,3.526
7389,Sweden,SWE,2002,69500.0,0.0,0.0,0.0,0.0,1.6286522,99.85,3.0,3.526
7390,Sweden,SWE,2003,63200.0,0.0,0.0,0.0,0.0,1.588163,99.85,3.0,3.526
7391,Sweden,SWE,2004,27600.0,0.0,0.0,0.0,0.0,1.4340769,99.85,3.0,3.526
7392,Sweden,SWE,2005,28600.0,0.0,0.0,0.0,0.0,1.4088833,99.85,3.0,3.526
7393,Sweden,SWE,2006,24600.0,0.0,0.0,0.0,0.0,1.319962,99.85,3.0,3.526
7394,Sweden,SWE,2007,17600.0,0.0,0.0,0.0,0.0,1.3031713,99.85,3.0,3.526
7395,Sweden,SWE,2008,17600.0,0.0,0.0,0.0,0.0,1.170734,99.85,3.0,3.526
7396,Sweden,SWE,2009,21870.0,0.0,0.0,0.0,0.0,1.1657413,99.85,3.0,3.526
7397,Sweden,SWE,2010,21163.0,0.0,0.0,0.0,0.0,1.194499,99.85,3.0,3.375
7398,Sweden,SWE,2011,21300.0,0.0,0.0,0.0,0.0,1.1085514,99.85,3.0,3.375
7399,Sweden,SWE,2012,16100.0,0.0,0.0,0.0,0.0,1.1357461,99.85,3.0,3.375
7400,Sweden,SWE,2013,16100.0,0.0,0.0,0.0,0.0,1.117689,99.85,3.0,3.375
7401,Sweden,SWE,2014,30550.0,0.0,0.0,0.0,0.0,1.1347023,99.85,3.0,3.375
7402,Sweden,SWE,2015,30550.0,0.0,0.0,0.0,0.0,1.0737414,99.85,3.0,3.375
7403,Sweden,SWE,2016,30550.0,0.0,0.0,0.0,0.0,1.055958,99.733,3.0,3.375
7404,Sweden,SWE,2017,30000.0,5.0,0.0,0.0,5.0,1.0325979,99.733,3.0,3.6
7405,Sweden,SWE,2018,15150.0,0.0,0.0,0.0,0.0,1.040003,99.667,3.0,3.6
7406,Sweden,SWE,2019,15000.0,0.0,0.0,0.0,0.0,1.0969231,99.455,3.0,3.6
7407,Sweden,SWE,2020,15000.0,0.0,0.0,0.0,0.0,1.1500946,99.455,3.0,3.6
7408,Sweden,SWE,2021,,0.0,0.0,0.0,0.0,1.1899264,99.455,3.0,3.6
7409,Sweden,SWE,2022,,0.0,0.0,0.0,0.0,1.3314766,99.0,3.0,3.6
7410,Sweden,SWE,2023,,0.0,0.0,0.0,0.0,1.5012603,99.0,3.0,2.859
7411,Sweden,SWE,2024,,0.0,0.0,0.0,0.0,1.9977175,99.0,3.0,2.859
7412,Switzerland,CHE,1989,17000.0,0.0,0.0,0.0,0.0,1.5241654,100.0,3.0,2.59
7413,Switzerland,CHE,1990,22000.0,0.0,0.0,0.0,0.0,1.5721473,100.0,3.0,3.098
7414,Switzerland,CHE,1991,22000.0,0.0,0.0,0.0,0.0,1.5378249,100.0,3.0,3.098
7415,Switzerland,CHE,1992,31000.0,0.0,0.0,0.0,0.0,1.5237093,100.0,3.0,3.098
7416,Switzerland,CHE,1993,35000.0,0.0,0.0,0.0,0.0,1.3669643,100.0,3.0,3.098
7417,Switzerland,CHE,1994,39000.0,0.0,0.0,0.0,0.0,1.3322841,100.0,3.0,3.098
7418,Switzerland,CHE,1995,31400.0,0.0,0.0,0.0,0.0,1.3558109,100.0,3.0,3.098
7419,Switzerland,CHE,1996,27300.0,0.0,0.0,0.0,0.0,1.2837569,100.0,3.0,3.098
7420,Switzerland,CHE,1997,26260.0,0.0,0.0,0.0,0.0,1.220864,100.0,3.0,3.098
7421,Switzerland,CHE,1998,26300.0,0.0,0.0,0.0,0.0,1.1852039,100.0,3.0,3.098
7422,Switzerland,CHE,1999,27700.0,0.0,0.0,0.0,0.0,1.0862123,100.0,3.0,3.098
7423,Switzerland,CHE,2000,27700.0,0.0,0.0,0.0,0.0,1.0292801,100.0,3.0,3.098
7424,Switzerland,CHE,2001,26800.0,0.0,0.0,0.0,0.0,0.99188006,100.0,3.0,3.098
7425,Switzerland,CHE,2002,27600.0,0.0,0.0,0.0,0.0,0.95638835,100.0,3.0,3.098
7426,Switzerland,CHE,2003,27500.0,0.0,0.0,0.0,0.0,0.9266304,100.0,3.0,3.098
7427,Switzerland,CHE,2004,4000.0,0.0,0.0,0.0,0.0,0.8889251,100.0,3.0,3.098
7428,Switzerland,CHE,2005,109000.0,0.0,0.0,0.0,0.0,0.833064,100.0,3.0,3.098
7429,Switzerland,CHE,2006,23000.0,0.0,0.0,0.0,0.0,0.7538085,100.0,3.0,3.098
7430,Switzerland,CHE,2007,23000.0,0.0,0.0,0.0,0.0,0.71823233,100.0,3.0,3.098
7431,Switzerland,CHE,2008,23000.0,0.0,0.0,0.0,0.0,0.7224844,100.0,3.0,3.098
7432,Switzerland,CHE,2009,25620.0,0.0,0.0,0.0,0.0,0.73179334,100.0,3.0,3.098
7433,Switzerland,CHE,2010,25287.0,0.0,0.0,0.0,0.0,0.68722016,100.0,3.0,3.098
7434,Switzerland,CHE,2011,23100.0,0.0,0.0,0.0,0.0,0.69478226,100.0,3.0,3.098
7435,Switzerland,CHE,2012,22650.0,0.0,0.0,0.0,0.0,0.6690017,100.0,3.0,3.098
7436,Switzerland,CHE,2013,21250.0,0.0,0.0,0.0,0.0,0.71263623,100.0,3.0,3.098
7437,Switzerland,CHE,2014,20800.0,0.0,0.0,0.0,0.0,0.63489836,100.0,3.0,3.098
7438,Switzerland,CHE,2015,20950.0,0.0,0.0,0.0,0.0,0.6513411,99.917,3.0,3.098
7439,Switzerland,CHE,2016,20950.0,0.0,0.0,0.0,0.0,0.66475046,99.917,3.0,3.098
7440,Switzerland,CHE,2017,21000.0,0.0,0.0,0.0,0.0,0.6656846,99.917,3.0,3.098
7441,Switzerland,CHE,2018,21450.0,0.0,0.0,0.0,0.0,0.6528766,99.833,3.0,3.563
7442,Switzerland,CHE,2019,20000.0,0.0,0.0,0.0,0.0,0.69632435,100.0,3.0,3.563
7443,Switzerland,CHE,2020,20000.0,0.0,0.0,0.0,0.0,0.772559,100.0,3.0,3.563
7444,Switzerland,CHE,2021,,0.0,0.0,0.0,0.0,0.67289245,100.0,3.0,3.563
7445,Switzerland,CHE,2022,,0.0,0.0,0.0,0.0,0.6820613,100.0,3.0,3.563
7446,Switzerland,CHE,2023,,0.0,0.0,0.0,0.0,0.70565903,100.0,3.0,3.563
7447,Switzerland,CHE,2024,,0.0,0.0,0.0,0.0,0.71781206,100.0,3.0,3.563
7448,Syria,SYR,1989,400000.0,0.0,0.0,0.0,0.0,7.972541,93.75,1.0,-0.954
7449,Syria,SYR,1990,408000.0,0.0,0.0,0.0,0.0,6.868087,93.75,1.0,-0.954
7450,Syria,SYR,1991,408000.0,0.0,0.0,0.0,0.0,10.425787,93.75,1.0,-0.954
7451,Syria,SYR,1992,408000.0,0.0,0.0,0.0,0.0,8.990663,93.75,1.0,-0.954
7452,Syria,SYR,1993,408000.0,0.0,0.0,0.0,0.0,7.2380996,93.75,1.0,-0.954
7453,Syria,SYR,1994,320000.0,0.0,0.0,0.0,0.0,7.364143,93.75,1.0,-0.954
7454,Syria,SYR,1995,531000.0,0.0,0.0,0.0,0.0,6.9496913,93.75,1.0,-0.954
7455,Syria,SYR,1996,529000.0,0.0,0.0,0.0,0.0,6.041916,93.75,1.0,-0.954
7456,Syria,SYR,1997,428000.0,0.0,0.0,0.0,0.0,5.8827553,93.75,1.0,-0.954
7457,Syria,SYR,1998,428000.0,0.0,0.0,0.0,0.0,5.808381,93.75,1.0,-0.954
7458,Syria,SYR,1999,424000.0,0.0,0.0,0.0,0.0,5.8105803,93.75,1.0,-0.954
7459,Syria,SYR,2000,424800.0,0.0,0.0,1.0,1.0,5.453656,88.364,1.0,-0.954
7460,Syria,SYR,2001,429000.0,0.0,0.0,0.0,0.0,5.480551,88.364,1.0,-0.954
7461,Syria,SYR,2002,427000.0,0.0,0.0,0.0,0.0,5.4125013,88.364,1.0,-0.954
7462,Syria,SYR,2003,427000.0,0.0,0.0,0.0,0.0,6.2483244,88.364,1.0,-0.954
7463,Syria,SYR,2004,415000.0,0.0,0.0,1.0,1.0,5.5418386,88.364,1.0,-0.954
7464,Syria,SYR,2005,416000.0,0.0,0.0,0.0,0.0,5.0264196,88.364,1.0,-0.954
7465,Syria,SYR,2006,401000.0,0.0,0.0,0.0,0.0,4.394447,88.364,1.0,-0.954
7466,Syria,SYR,2007,401000.0,0.0,0.0,0.0,0.0,4.1005435,88.364,1.0,-0.954
7467,Syria,SYR,2008,401000.0,0.0,0.0,0.0,0.0,3.55234,88.364,1.0,-0.954
7468,Syria,SYR,2009,403000.0,0.0,0.0,0.0,0.0,4.027708,88.364,1.0,-0.954
7469,Syria,SYR,2010,403000.0,0.0,0.0,0.0,0.0,4.056142,87.455,1.0,-0.954
7470,Syria,SYR,2011,178000.0,3370.0,202.0,771.0,4343.0,,83.136,1.0,-1.808
7471,Syria,SYR,2012,178000.0,23281.0,2634.0,27775.0,53690.0,,57.318,1.0,-2.273
7472,Syria,SYR,2013,178000.0,23660.0,1352.0,51450.0,76462.0,,45.7,0.0,-2.636
7473,Syria,SYR,2014,280500.0,18063.0,2673.0,57891.0,78627.0,,42.5,0.0,-2.636
7474,Syria,SYR,2015,277500.0,15548.0,2847.0,41149.0,59544.0,,44.5,0.0,-2.636
7475,Syria,SYR,2016,307500.0,14280.0,3368.0,36203.0,53851.0,,54.444,0.0,-2.636
7476,Syria,SYR,2017,239000.0,13281.0,2070.0,23121.0,38472.0,,56.056,0.0,-2.636
7477,Syria,SYR,2018,257500.0,6455.0,1490.0,13734.0,21679.0,,68.25,0.0,-2.262
7478,Syria,SYR,2019,269000.0,2608.0,746.0,7814.0,11168.0,,72.857,0.0,-2.262
7479,Syria,SYR,2020,269000.0,701.0,61.0,4888.0,5650.0,,66.875,0.0,-2.262
7480,Syria,SYR,2021,,389.0,46.0,1468.0,1903.0,,66.875,0.0,-1.836
7481,Syria,SYR,2022,,298.0,56.0,1297.0,1651.0,,77.5,0.0,-2.055
7482,Syria,SYR,2023,,439.0,21.0,1710.0,2170.0,,77.0,0.0,-1.762
7483,Syria,SYR,2024,,690.0,137.0,2759.0,3586.0,,77.0,0.0,-2.141
7520,Tajikistan,TJK,1989,,0.0,0.0,0.0,0.0,,100.0,0.0,-1.039
7521,Tajikistan,TJK,1990,,0.0,0.0,0.0,0.0,,,1.0,0.406
7522,Tajikistan,TJK,1991,,0.0,0.0,0.0,0.0,,85.8,1.0,-0.01
7523,Tajikistan,TJK,1992,3000.0,97.0,3706.0,56.0,3859.0,0.00036571428,52.8,1.0,-1.83
7524,Tajikistan,TJK,1993,3000.0,143.0,409.0,493.0,1045.0,0.0034768572,53.6,1.0,-1.83
7525,Tajikistan,TJK,1994,3000.0,0.0,257.0,99.0,356.0,0.0017198019,64.8,1.0,-1.83
7526,Tajikistan,TJK,1995,18000.0,6.0,62.0,300.0,368.0,1.0986133,88.0,1.0,-1.83
7527,Tajikistan,TJK,1996,23500.0,12.0,1087.0,1691.0,2790.0,1.2891409,88.0,1.0,-1.83
7528,Tajikistan,TJK,1997,10200.0,0.0,36.0,51.0,87.0,1.6950951,92.0,1.0,-1.83
7529,Tajikistan,TJK,1998,10200.0,20.0,243.0,337.0,600.0,1.7130315,92.0,1.0,-1.529
7530,Tajikistan,TJK,1999,10200.0,0.0,3.0,0.0,3.0,1.3920445,92.0,1.0,-1.529
7531,Tajikistan,TJK,2000,7200.0,0.0,0.0,46.0,46.0,0.5981745,92.0,1.0,-1.529
7532,Tajikistan,TJK,2001,7200.0,0.0,0.0,0.0,0.0,0.5807839,92.0,1.0,-1.176
7533,Tajikistan,TJK,2002,7200.0,0.0,0.0,0.0,0.0,1.048837,92.0,1.0,-1.176
7534,Tajikistan,TJK,2003,7200.0,0.0,0.0,0.0,0.0,1.1187915,92.5,1.0,-1.331
7535,Tajikistan,TJK,2004,12000.0,0.0,0.0,0.0,0.0,1.1313363,92.5,1.0,-1.331
7536,Tajikistan,TJK,2005,13000.0,0.0,0.0,0.0,0.0,,92.5,1.0,-1.331
7537,Tajikistan,TJK,2006,17000.0,0.0,0.0,0.0,0.0,,92.5,1.0,-1.331
7538,Tajikistan,TJK,2007,17000.0,0.0,0.0,0.0,0.0,,92.5,1.0,-1.331
7539,Tajikistan,TJK,2008,17000.0,0.0,0.0,0.0,0.0,1.0221871,92.5,1.0,-1.331
7540,Tajikistan,TJK,2009,16300.0,0.0,0.0,0.0,0.0,0.95476854,93.5,1.0,-1.331
7541,Tajikistan,TJK,2010,16300.0,0.0,2.0,75.0,77.0,0.9528551,93.5,1.0,-1.331
7542,Tajikistan,TJK,2011,16300.0,0.0,0.0,28.0,28.0,1.0938066,93.5,1.0,-1.331
7543,Tajikistan,TJK,2012,16300.0,0.0,0.0,0.0,0.0,0.9991427,92.0,1.0,-1.331
7544,Tajikistan,TJK,2013,16300.0,0.0,0.0,0.0,0.0,,92.0,1.0,-1.427
7545,Tajikistan,TJK,2014,16300.0,0.0,0.0,0.0,0.0,1.1283851,92.25,1.0,-1.427
7546,Tajikistan,TJK,2015,16300.0,0.0,0.0,0.0,0.0,1.2819718,92.25,1.0,-1.492
7547,Tajikistan,TJK,2016,16300.0,0.0,0.0,0.0,0.0,1.2080672,90.0,1.0,-1.492
7548,Tajikistan,TJK,2017,17000.0,0.0,0.0,0.0,0.0,1.0371853,92.571,1.0,-1.09
7549,Tajikistan,TJK,2018,16800.0,4.0,35.0,17.0,56.0,1.0485653,91.143,1.0,-1.466
7550,Tajikistan,TJK,2019,17000.0,0.0,5.0,44.0,49.0,0.9969663,91.143,1.0,-1.466
7551,Tajikistan,TJK,2020,17000.0,0.0,0.0,0.0,0.0,0.94797397,97.5,1.0,-1.383
7552,Tajikistan,TJK,2021,,8.0,0.0,9.0,17.0,1.0026119,95.6,1.0,-1.71
7553,Tajikistan,TJK,2022,,35.0,11.0,49.0,95.0,1.9308962,96.0,1.0,-2.265
7554,Tajikistan,TJK,2023,,0.0,0.0,0.0,0.0,2.3964214,96.0,1.0,-2.265
7555,Tajikistan,TJK,2024,,0.0,0.0,0.0,0.0,1.8477497,98.25,1.0,-1.888
7556,Tanzania,TZA,1989,40000.0,0.0,0.0,0.0,0.0,2.3826356,94.719,1.0,0.174
7557,Tanzania,TZA,1990,40000.0,0.0,0.0,0.0,0.0,2.0464842,94.719,1.0,0.174
7558,Tanzania,TZA,1991,40000.0,0.0,0.0,0.0,0.0,2.1817782,94.719,1.0,0.618
7559,Tanzania,TZA,1992,46000.0,0.0,0.0,0.0,0.0,2.1060393,94.719,1.0,0.618
7560,Tanzania,TZA,1993,46000.0,0.0,0.0,0.0,0.0,1.3792784,94.719,1.0,0.618
7561,Tanzania,TZA,1994,50000.0,0.0,0.0,0.0,0.0,1.2941141,94.719,1.0,0.618
7562,Tanzania,TZA,1995,36000.0,0.0,0.0,0.0,0.0,1.6272141,94.719,1.0,0.618
7563,Tanzania,TZA,1996,36000.0,0.0,0.0,0.0,0.0,1.5553503,94.719,1.0,0.618
7564,Tanzania,TZA,1997,36000.0,3.0,0.0,0.0,3.0,1.5435445,94.719,1.0,0.618
7565,Tanzania,TZA,1998,35400.0,0.0,0.0,0.0,0.0,1.6019715,94.719,1.0,0.618
7566,Tanzania,TZA,1999,35400.0,0.0,0.0,4.0,4.0,1.4876627,94.719,1.0,0.618
7567,Tanzania,TZA,2000,35400.0,0.0,0.0,0.0,0.0,1.487264,94.719,1.0,0.618
7568,Tanzania,TZA,2001,28400.0,37.0,0.0,0.0,37.0,1.4516046,94.719,1.0,0.833
7569,Tanzania,TZA,2002,28400.0,0.0,0.0,0.0,0.0,1.3025985,94.719,1.0,0.833
7570,Tanzania,TZA,2003,28400.0,0.0,0.0,0.0,0.0,1.074307,94.719,1.0,0.833
7571,Tanzania,TZA,2004,28000.0,0.0,0.0,0.0,0.0,0.9946146,94.719,1.0,0.833
7572,Tanzania,TZA,2005,28000.0,0.0,0.0,0.0,0.0,0.8239413,94.719,1.0,0.833
7573,Tanzania,TZA,2006,,0.0,0.0,0.0,0.0,0.79212403,94.719,1.0,0.833
7574,Tanzania,TZA,2007,28000.0,3.0,0.0,0.0,3.0,0.7620646,94.719,1.0,0.833
7575,Tanzania,TZA,2008,28000.0,0.0,0.0,0.0,0.0,0.69827896,94.719,1.0,0.833
7576,Tanzania,TZA,2009,28400.0,0.0,0.0,0.0,0.0,0.757193,94.719,1.0,0.833
7577,Tanzania,TZA,2010,28400.0,0.0,0.0,0.0,0.0,0.89602405,94.719,1.0,0.833
7578,Tanzania,TZA,2011,28400.0,0.0,0.0,0.0,0.0,0.90315074,94.719,1.0,0.833
7579,Tanzania,TZA,2012,28400.0,0.0,0.0,0.0,0.0,0.91379935,94.719,1.0,0.833
7580,Tanzania,TZA,2013,28400.0,0.0,0.0,0.0,0.0,0.97236264,94.719,1.0,0.621
7581,Tanzania,TZA,2014,28400.0,0.0,0.0,0.0,0.0,1.015761,94.719,1.0,0.621
7582,Tanzania,TZA,2015,28400.0,0.0,0.0,0.0,0.0,1.0913699,95.222,1.0,0.963
7583,Tanzania,TZA,2016,28400.0,0.0,0.0,0.0,0.0,1.093692,95.222,1.0,0.923
7584,Tanzania,TZA,2017,28000.0,1.0,0.0,0.0,1.0,1.0558174,95.889,1.0,1.016
7585,Tanzania,TZA,2018,28000.0,0.0,0.0,0.0,0.0,1.100907,95.889,1.0,1.016
7586,Tanzania,TZA,2019,28000.0,6.0,0.0,0.0,6.0,1.0611328,95.889,1.0,1.016
7587,Tanzania,TZA,2020,28000.0,21.0,0.0,4.0,25.0,1.0771323,95.89,1.0,1.016
7588,Tanzania,TZA,2021,,12.0,0.0,0.0,12.0,1.1224077,96.429,1.0,1.248
7589,Tanzania,TZA,2022,,0.0,0.0,0.0,0.0,1.1913415,77.2,1.0,2.221
7590,Tanzania,TZA,2023,,0.0,0.0,0.0,0.0,1.2101136,95.75,1.0,1.645
7591,Tanzania,TZA,2024,,0.0,0.0,0.0,0.0,1.1546175,93.5,1.0,1.645
7592,Thailand,THA,1989,283000.0,0.0,4.0,2.0,6.0,2.684667,94.833,1.0,0.07
7593,Thailand,THA,1990,283000.0,1.0,1.0,17.0,19.0,2.5942502,94.833,1.0,0.07
7594,Thailand,THA,1991,283000.0,2.0,0.0,0.0,2.0,2.6450248,94.833,0.0,0.07
7595,Thailand,THA,1992,283000.0,0.0,0.0,0.0,0.0,2.6574228,94.833,1.0,0.07
7596,Thailand,THA,1993,295000.0,0.0,0.0,0.0,0.0,2.5248244,94.833,1.0,0.07
7597,Thailand,THA,1994,290000.0,0.0,0.0,0.0,0.0,2.5023832,94.833,1.0,0.378
7598,Thailand,THA,1995,420500.0,2.0,0.0,0.0,2.0,2.2737823,94.833,1.0,0.378
7599,Thailand,THA,1996,393500.0,0.0,0.0,7.0,7.0,2.151525,94.833,1.0,0.378
7600,Thailand,THA,1997,337000.0,3.0,0.0,0.0,3.0,2.1739225,94.833,1.0,0.378
7601,Thailand,THA,1998,377000.0,30.0,3.0,0.0,33.0,1.8563682,94.833,2.0,0.378
7602,Thailand,THA,1999,377000.0,1.0,0.0,3.0,4.0,1.6237977,94.833,2.0,0.378
7603,Thailand,THA,2000,416600.0,0.0,0.0,8.0,8.0,1.4881116,94.833,2.0,0.497
7604,Thailand,THA,2001,410000.0,0.0,22.0,7.0,29.0,1.4298851,94.833,2.0,0.497
7605,Thailand,THA,2002,419000.0,0.0,0.0,23.0,23.0,1.3282795,94.833,2.0,0.497
7606,Thailand,THA,2003,427200.0,1.0,0.0,25.0,26.0,1.2329056,94.0,2.0,0.497
7607,Thailand,THA,2004,419000.0,149.0,1.0,160.0,310.0,1.1283566,94.833,2.0,0.497
7608,Thailand,THA,2005,421000.0,295.0,70.0,131.0,496.0,0.9861918,95.857,2.0,-0.006
7609,Thailand,THA,2006,420000.0,345.0,81.0,115.0,541.0,0.95012325,95.857,1.0,-0.292
7610,Thailand,THA,2007,420000.0,327.0,50.0,140.0,517.0,1.0191892,95.857,0.0,-0.449
7611,Thailand,THA,2008,421000.0,181.0,33.0,122.0,336.0,1.252662,95.857,1.0,-0.141
7612,Thailand,THA,2009,419560.0,126.0,3.0,129.0,258.0,1.5403477,95.857,1.0,-0.141
7613,Thailand,THA,2010,419560.0,142.0,4.0,75.0,221.0,1.5225558,95.857,1.0,-0.141
7614,Thailand,THA,2011,474550.0,132.0,2.0,143.0,277.0,1.3906345,95.857,1.0,0.004
7615,Thailand,THA,2012,453550.0,134.0,6.0,104.0,244.0,1.3898889,95.857,1.0,0.004
7616,Thailand,THA,2013,453550.0,64.0,1.0,184.0,249.0,1.345251,95.857,1.0,-0.334
7617,Thailand,THA,2014,453550.0,41.0,15.0,44.0,100.0,1.379976,95.857,0.0,-1.896
7618,Thailand,THA,2015,454550.0,37.0,3.0,44.0,84.0,1.3373268,95.857,0.0,-1.896
7619,Thailand,THA,2016,454550.0,9.0,0.0,41.0,50.0,1.325167,95.556,0.0,-1.896
7620,Thailand,THA,2017,455000.0,2.0,4.0,37.0,43.0,1.3362762,95.778,0.0,-1.668
7621,Thailand,THA,2018,454850.0,29.0,1.0,31.0,61.0,1.3263935,96.556,0.0,-1.125
7622,Thailand,THA,2019,455000.0,8.0,0.0,47.0,55.0,1.3272982,96.667,0.0,-1.125
7623,Thailand,THA,2020,455000.0,0.0,0.0,46.0,46.0,1.4607793,97.5,0.0,-1.125
7624,Thailand,THA,2021,,2.0,0.0,36.0,38.0,1.4183686,97.5,0.0,-1.125
7625,Thailand,THA,2022,,2.0,0.0,27.0,29.0,1.2410527,97.5,0.0,-1.125
7626,Thailand,THA,2023,,0.0,0.0,30.0,30.0,1.1309417,94.4,1.0,-1.125
7627,Thailand,THA,2024,,3.0,1.0,31.0,35.0,1.0787609,94.4,1.0,-1.125
7628,Togo,TGO,1989,6000.0,0.0,0.0,0.0,0.0,3.0940685,87.364,1.0,0.99
7629,Togo,TGO,1990,8000.0,0.0,0.0,0.0,0.0,3.1224859,87.364,1.0,1.267
7630,Togo,TGO,1991,8000.0,0.0,63.0,0.0,63.0,2.859351,87.364,1.0,-0.549
7631,Togo,TGO,1992,8000.0,0.0,0.0,0.0,0.0,2.9312289,87.364,1.0,-0.549
7632,Togo,TGO,1993,8000.0,48.0,0.0,0.0,48.0,4.030656,87.364,1.0,-0.549
7633,Togo,TGO,1994,8000.0,0.0,0.0,0.0,0.0,2.5843108,87.364,1.0,-0.549
7634,Togo,TGO,1995,7800.0,0.0,0.0,0.0,0.0,1.8575257,87.364,1.0,-0.549
7635,Togo,TGO,1996,7800.0,0.0,0.0,0.0,0.0,,87.364,1.0,-0.549
7636,Togo,TGO,1997,7750.0,0.0,0.0,0.0,0.0,,87.364,1.0,-0.549
7637,Togo,TGO,1998,7750.0,0.0,0.0,0.0,0.0,,87.364,1.0,-0.549
7638,Togo,TGO,1999,7750.0,0.0,0.0,0.0,0.0,,87.364,1.0,-0.549
7639,Togo,TGO,2000,7800.0,0.0,0.0,0.0,0.0,,87.364,1.0,-0.654
7640,Togo,TGO,2001,10300.0,0.0,0.0,0.0,0.0,,87.364,1.0,-0.654
7641,Togo,TGO,2002,10300.0,0.0,0.0,0.0,0.0,,87.364,1.0,-0.654
7642,Togo,TGO,2003,9300.0,0.0,0.0,0.0,0.0,1.3656998,87.364,1.0,-0.654
7643,Togo,TGO,2004,8750.0,0.0,0.0,0.0,0.0,1.406048,87.364,1.0,-0.654
7644,Togo,TGO,2005,9750.0,436.0,0.0,0.0,436.0,1.4574403,87.364,1.0,-0.753
7645,Togo,TGO,2006,9750.0,0.0,0.0,0.0,0.0,,87.364,1.0,-0.595
7646,Togo,TGO,2007,9750.0,0.0,0.0,0.0,0.0,,87.364,1.0,-0.595
7647,Togo,TGO,2008,9750.0,0.0,0.0,0.0,0.0,1.7221862,87.364,1.0,-0.595
7648,Togo,TGO,2009,9300.0,0.0,0.0,0.0,0.0,1.6380125,87.364,1.0,-0.595
7649,Togo,TGO,2010,9300.0,0.0,0.0,0.0,0.0,1.658858,87.364,1.0,-0.376
7650,Togo,TGO,2011,9300.0,0.0,0.0,0.0,0.0,1.5260638,87.364,1.0,-0.001
7651,Togo,TGO,2012,9300.0,0.0,0.0,0.0,0.0,1.6246431,87.364,1.0,-0.001
7652,Togo,TGO,2013,9300.0,0.0,0.0,0.0,0.0,1.6762054,83.636,1.0,0.112
7653,Togo,TGO,2014,9300.0,0.0,0.0,0.0,0.0,1.8182888,83.636,1.0,0.112
7654,Togo,TGO,2015,9300.0,0.0,0.0,0.0,0.0,1.6744229,83.636,1.0,0.276
7655,Togo,TGO,2016,9300.0,0.0,0.0,0.0,0.0,1.3610675,83.636,1.0,0.276
7656,Togo,TGO,2017,10000.0,0.0,0.0,0.0,0.0,1.3979795,83.636,1.0,-0.059
7657,Togo,TGO,2018,9550.0,0.0,0.0,0.0,0.0,1.4683908,83.636,1.0,-0.096
7658,Togo,TGO,2019,10000.0,0.0,0.0,0.0,0.0,2.3624816,83.636,1.0,-0.096
7659,Togo,TGO,2020,10000.0,0.0,0.0,0.0,0.0,2.163999,83.636,1.0,1.397
7660,Togo,TGO,2021,,0.0,0.0,0.0,0.0,2.3855128,91.286,1.0,1.397
7661,Togo,TGO,2022,,35.0,0.0,27.0,62.0,4.141536,88.571,1.0,1.397
7662,Togo,TGO,2023,,53.0,2.0,21.0,76.0,3.0466952,88.571,1.0,1.008
7663,Togo,TGO,2024,,36.0,0.0,32.0,68.0,1.9987719,88.571,1.0,1.008
7665,Tonga,TON,1989,,0.0,0.0,0.0,0.0,,,,
7666,Tonga,TON,1990,,0.0,0.0,0.0,0.0,,,,
7667,Tonga,TON,1991,,0.0,0.0,0.0,0.0,,,,
7668,Tonga,TON,1992,,0.0,0.0,0.0,0.0,,,,
7669,Tonga,TON,1993,,0.0,0.0,0.0,0.0,,,,
7670,Tonga,TON,1994,,0.0,0.0,0.0,0.0,,,,
7671,Tonga,TON,1995,,0.0,0.0,0.0,0.0,,,,
7672,Tonga,TON,1996,,0.0,0.0,0.0,0.0,,,,
7673,Tonga,TON,1997,,0.0,0.0,0.0,0.0,,,,
7674,Tonga,TON,1998,,0.0,0.0,0.0,0.0,,,,
7675,Tonga,TON,1999,,0.0,0.0,0.0,0.0,,,,
7676,Tonga,TON,2000,,0.0,0.0,0.0,0.0,,,,
7677,Tonga,TON,2001,,0.0,0.0,0.0,0.0,,,,
7678,Tonga,TON,2002,,0.0,0.0,0.0,0.0,,,,
7679,Tonga,TON,2003,,0.0,0.0,0.0,0.0,,,,
7680,Tonga,TON,2004,,0.0,0.0,0.0,0.0,,,,
7681,Tonga,TON,2005,,0.0,0.0,0.0,0.0,,,,
7682,Tonga,TON,2006,,0.0,0.0,0.0,0.0,,,,
7683,Tonga,TON,2007,,0.0,0.0,0.0,0.0,,,,
7684,Tonga,TON,2008,,0.0,0.0,0.0,0.0,,,,
7685,Tonga,TON,2009,,0.0,0.0,0.0,0.0,,,,
7686,Tonga,TON,2010,,0.0,0.0,0.0,0.0,,,,
7687,Tonga,TON,2011,,0.0,0.0,0.0,0.0,,,,
7688,Tonga,TON,2012,,0.0,0.0,0.0,0.0,,,,
7689,Tonga,TON,2013,,0.0,0.0,0.0,0.0,,,,
7690,Tonga,TON,2014,,0.0,0.0,0.0,0.0,,,,
7691,Tonga,TON,2015,,0.0,0.0,0.0,0.0,,,,
7692,Tonga,TON,2016,,0.0,0.0,0.0,0.0,,,,
7693,Tonga,TON,2017,,0.0,0.0,0.0,0.0,,,,
7694,Tonga,TON,2018,,0.0,0.0,0.0,0.0,,,,
7695,Tonga,TON,2019,,0.0,0.0,0.0,0.0,,,,
7696,Tonga,TON,2020,,0.0,0.0,0.0,0.0,,,,
7697,Tonga,TON,2021,,0.0,0.0,0.0,0.0,,,,
7698,Tonga,TON,2022,,0.0,0.0,0.0,0.0,,,,
7699,Tonga,TON,2023,,0.0,0.0,0.0,0.0,,,,
7700,Tonga,TON,2024,,0.0,0.0,0.0,0.0,,,,
7701,Trinidad and Tobago,TTO,1989,2000.0,0.0,0.0,0.0,0.0,,98.5,2.0,0.876
7702,Trinidad and Tobago,TTO,1990,2000.0,0.0,33.0,6.0,39.0,,98.5,2.0,0.876
7703,Trinidad and Tobago,TTO,1991,2000.0,0.0,0.0,0.0,0.0,,98.5,2.0,0.876
7704,Trinidad and Tobago,TTO,1992,2000.0,0.0,0.0,0.0,0.0,,98.5,2.0,0.876
7705,Trinidad and Tobago,TTO,1993,2000.0,0.0,0.0,0.0,0.0,0.4947736,98.5,2.0,0.876
7706,Trinidad and Tobago,TTO,1994,2000.0,0.0,0.0,0.0,0.0,0.48921943,98.5,2.0,0.876
7707,Trinidad and Tobago,TTO,1995,6900.0,0.0,0.0,0.0,0.0,,98.5,2.0,0.876
7708,Trinidad and Tobago,TTO,1996,6900.0,0.0,0.0,0.0,0.0,,98.5,2.0,0.876
7709,Trinidad and Tobago,TTO,1997,6900.0,0.0,0.0,0.0,0.0,,98.5,2.0,0.876
7710,Trinidad and Tobago,TTO,1998,7400.0,0.0,0.0,0.0,0.0,,98.5,2.0,0.876
7711,Trinidad and Tobago,TTO,1999,7500.0,0.0,0.0,0.0,0.0,,98.5,2.0,0.876
7712,Trinidad and Tobago,TTO,2000,7500.0,0.0,0.0,0.0,0.0,,98.5,2.0,0.876
7713,Trinidad and Tobago,TTO,2001,2700.0,0.0,0.0,0.0,0.0,0.15563479,98.5,2.0,0.876
7714,Trinidad and Tobago,TTO,2002,2700.0,0.0,0.0,0.0,0.0,0.21307427,98.5,2.0,0.876
7715,Trinidad and Tobago,TTO,2003,2700.0,0.0,0.0,0.0,0.0,0.29429412,98.5,2.0,0.876
7716,Trinidad and Tobago,TTO,2004,2000.0,0.0,0.0,0.0,0.0,0.5633269,98.5,2.0,0.876
7717,Trinidad and Tobago,TTO,2005,3000.0,0.0,0.0,0.0,0.0,0.604538,98.5,3.0,0.876
7718,Trinidad and Tobago,TTO,2006,3000.0,0.0,0.0,0.0,0.0,0.6212759,98.5,3.0,0.876
7719,Trinidad and Tobago,TTO,2007,4000.0,0.0,0.0,0.0,0.0,0.5686686,98.5,3.0,0.876
7720,Trinidad and Tobago,TTO,2008,4000.0,0.0,0.0,0.0,0.0,0.4933752,98.5,3.0,0.876
7721,Trinidad and Tobago,TTO,2009,4063.0,0.0,0.0,0.0,0.0,0.7096586,98.5,3.0,0.876
7722,Trinidad and Tobago,TTO,2010,4063.0,0.0,0.0,0.0,0.0,0.63521737,98.5,3.0,0.649
7723,Trinidad and Tobago,TTO,2011,4050.0,0.0,0.0,0.0,0.0,0.5664372,98.5,3.0,0.649
7724,Trinidad and Tobago,TTO,2012,4050.0,0.0,0.0,0.0,0.0,0.6412292,98.5,3.0,0.649
7725,Trinidad and Tobago,TTO,2013,4050.0,0.0,0.0,0.0,0.0,0.76306903,96.429,3.0,0.649
7726,Trinidad and Tobago,TTO,2014,4050.0,0.0,0.0,0.0,0.0,0.6563011,96.429,3.0,0.649
7727,Trinidad and Tobago,TTO,2015,4050.0,0.0,0.0,0.0,0.0,0.7529744,96.429,3.0,0.795
7728,Trinidad and Tobago,TTO,2016,4050.0,0.0,0.0,0.0,0.0,0.9142659,96.429,3.0,1.333
7729,Trinidad and Tobago,TTO,2017,4000.0,0.0,0.0,0.0,0.0,0.8453764,95.714,3.0,1.063
7730,Trinidad and Tobago,TTO,2018,4050.0,0.0,0.0,0.0,0.0,0.69474715,95.714,3.0,1.295
7731,Trinidad and Tobago,TTO,2019,5000.0,0.0,0.0,0.0,0.0,0.7331098,94.167,3.0,1.295
7732,Trinidad and Tobago,TTO,2020,5000.0,0.0,0.0,0.0,0.0,0.8126073,94.167,3.0,1.017
7733,Trinidad and Tobago,TTO,2021,,0.0,0.0,0.0,0.0,0.85905707,93.833,2.0,0.291
7734,Trinidad and Tobago,TTO,2022,,0.0,0.0,0.0,0.0,0.76563495,95.0,2.0,0.571
7735,Trinidad and Tobago,TTO,2023,,0.0,0.0,0.0,0.0,0.95938975,92.5,2.0,0.571
7736,Trinidad and Tobago,TTO,2024,,0.0,0.0,0.0,0.0,0.9214164,92.5,2.0,0.571
7737,Tunisia,TUN,1989,40000.0,0.0,0.0,0.0,0.0,2.1145504,91.571,1.0,-0.792
7738,Tunisia,TUN,1990,35000.0,0.0,0.0,0.0,0.0,1.8394566,91.571,1.0,-0.792
7739,Tunisia,TUN,1991,35000.0,0.0,0.0,0.0,0.0,1.8337085,91.571,1.0,-0.792
7740,Tunisia,TUN,1992,35000.0,0.0,0.0,0.0,0.0,1.706126,91.571,1.0,-0.792
7741,Tunisia,TUN,1993,35000.0,0.0,0.0,0.0,0.0,1.732114,91.571,1.0,-0.792
7742,Tunisia,TUN,1994,35000.0,0.0,0.0,0.0,0.0,1.7421232,91.571,1.0,-0.792
7743,Tunisia,TUN,1995,58500.0,0.0,0.0,0.0,0.0,1.7447077,91.571,1.0,-0.792
7744,Tunisia,TUN,1996,58000.0,0.0,0.0,0.0,0.0,1.8675351,91.571,1.0,-0.792
7745,Tunisia,TUN,1997,47000.0,0.0,0.0,0.0,0.0,1.7263844,91.571,1.0,-0.792
7746,Tunisia,TUN,1998,47000.0,0.0,0.0,0.0,0.0,1.6779715,91.571,1.0,-0.792
7747,Tunisia,TUN,1999,47000.0,0.0,0.0,0.0,0.0,1.5560757,91.571,1.0,-0.792
7748,Tunisia,TUN,2000,47000.0,0.0,0.0,0.0,0.0,1.547904,91.571,1.0,-0.792
7749,Tunisia,TUN,2001,47000.0,0.0,0.0,0.0,0.0,1.5211124,91.571,1.0,-0.792
7750,Tunisia,TUN,2002,47000.0,20.0,1.0,0.0,21.0,1.4926429,91.571,1.0,-0.792
7751,Tunisia,TUN,2003,47000.0,0.0,0.0,0.0,0.0,1.4838856,91.571,1.0,-0.792
7752,Tunisia,TUN,2004,47000.0,0.0,0.0,0.0,0.0,1.4259021,91.571,1.0,-0.792
7753,Tunisia,TUN,2005,47000.0,0.0,0.0,0.0,0.0,1.4516015,91.571,1.0,-0.792
7754,Tunisia,TUN,2006,48000.0,0.0,0.0,0.0,0.0,1.4463624,91.571,1.0,-0.792
7755,Tunisia,TUN,2007,48000.0,0.0,0.0,0.0,0.0,1.2609938,91.571,1.0,-0.792
7756,Tunisia,TUN,2008,48000.0,0.0,0.0,0.0,0.0,1.290625,91.571,1.0,-0.792
7757,Tunisia,TUN,2009,47800.0,0.0,0.0,0.0,0.0,1.2949497,91.571,1.0,-0.792
7758,Tunisia,TUN,2010,47800.0,0.0,0.0,0.0,0.0,1.2361705,91.571,1.0,-0.705
7759,Tunisia,TUN,2011,47800.0,0.0,0.0,0.0,0.0,1.4862578,88.643,1.0,0.402
7760,Tunisia,TUN,2012,47800.0,0.0,0.0,0.0,0.0,1.4398739,88.643,2.0,0.464
7761,Tunisia,TUN,2013,47800.0,0.0,0.0,29.0,29.0,1.5597374,93.154,2.0,0.509
7762,Tunisia,TUN,2014,47800.0,2.0,1.0,47.0,50.0,1.8068874,93.154,2.0,0.509
7763,Tunisia,TUN,2015,47800.0,60.0,0.0,58.0,118.0,2.1395917,92.583,2.0,0.432
7764,Tunisia,TUN,2016,47800.0,7.0,0.0,64.0,71.0,2.2249846,92.583,2.0,0.432
7765,Tunisia,TUN,2017,48000.0,0.0,0.0,0.0,0.0,2.0318294,95.3,2.0,0.843
7766,Tunisia,TUN,2018,47800.0,0.0,0.0,0.0,0.0,1.9764487,95.2,2.0,0.819
7767,Tunisia,TUN,2019,48000.0,0.0,0.0,0.0,0.0,2.3832777,95.2,2.0,1.199
7768,Tunisia,TUN,2020,48000.0,0.0,0.0,0.0,0.0,2.7127557,95.2,2.0,1.317
7769,Tunisia,TUN,2021,,0.0,0.0,0.0,0.0,2.62966,95.2,2.0,0.998
7770,Tunisia,TUN,2022,,0.0,0.0,0.0,0.0,2.57124,94.667,1.0,0.768
7771,Tunisia,TUN,2023,,0.0,0.0,0.0,0.0,2.487122,96.125,1.0,0.768
7772,Tunisia,TUN,2024,,0.0,0.0,0.0,0.0,2.506368,96.125,1.0,-0.258
7773,Turkey,TUR,1989,780000.0,125.0,10.0,403.0,538.0,3.1487265,94.833,1.0,-0.744
7774,Turkey,TUR,1990,769000.0,128.0,0.0,484.0,612.0,3.5277057,94.833,2.0,-0.448
7775,Turkey,TUR,1991,804000.0,64.0,14.0,359.0,437.0,3.7543643,93.833,2.0,-0.448
7776,Turkey,TUR,1992,704000.0,353.0,2.0,1498.0,1853.0,3.8705666,93.5,2.0,-0.448
7777,Turkey,TUR,1993,686000.0,592.0,146.0,1995.0,2733.0,3.9214172,93.5,2.0,-0.448
7778,Turkey,TUR,1994,811000.0,344.0,0.0,3815.0,4159.0,4.051359,93.5,2.0,-0.448
7779,Turkey,TUR,1995,690000.0,138.0,89.0,3515.0,3742.0,3.9016497,93.5,2.0,-0.448
7780,Turkey,TUR,1996,707200.0,58.0,45.0,3660.0,3763.0,4.1396966,93.5,2.0,-0.448
7781,Turkey,TUR,1997,821200.0,25.0,15.0,2547.0,2587.0,4.103672,93.5,2.0,-0.448
7782,Turkey,TUR,1998,821200.0,30.0,0.0,2019.0,2049.0,3.182208,93.5,2.0,-0.448
7783,Turkey,TUR,1999,841200.0,47.0,4.0,1086.0,1137.0,3.8814132,93.792,2.0,-0.27
7784,Turkey,TUR,2000,827700.0,0.0,0.0,153.0,153.0,3.6434293,93.833,2.0,-0.27
7785,Turkey,TUR,2001,665100.0,1.0,0.0,102.0,103.0,3.5766795,93.833,2.0,-0.27
7786,Turkey,TUR,2002,664800.0,1.0,3.0,24.0,28.0,3.7670915,96.5,2.0,0.74
7787,Turkey,TUR,2003,664800.0,58.0,0.0,79.0,137.0,3.2670312,96.5,2.0,0.74
7788,Turkey,TUR,2004,616000.0,9.0,17.0,168.0,194.0,2.6710005,97.202,2.0,0.74
7789,Turkey,TUR,2005,617000.0,7.0,0.0,286.0,293.0,2.386091,97.7,2.0,0.74
7790,Turkey,TUR,2006,612000.0,6.0,5.0,214.0,225.0,2.3401613,97.7,2.0,0.74
7791,Turkey,TUR,2007,612000.0,6.0,0.0,488.0,494.0,2.1998067,97.9,2.0,0.74
7792,Turkey,TUR,2008,613000.0,10.0,2.0,469.0,481.0,2.181787,97.9,2.0,0.317
7793,Turkey,TUR,2009,612800.0,9.0,3.0,126.0,138.0,2.4715514,97.9,2.0,0.197
7794,Turkey,TUR,2010,612800.0,6.0,0.0,213.0,219.0,2.2717152,97.9,2.0,-0.314
7795,Turkey,TUR,2011,612800.0,52.0,0.0,353.0,405.0,2.027506,97.9,2.0,-0.314
7796,Turkey,TUR,2012,612800.0,20.0,9.0,756.0,785.0,2.009448,97.9,2.0,-0.314
7797,Turkey,TUR,2013,612800.0,55.0,0.0,20.0,75.0,1.9239597,96.444,1.0,-0.477
7798,Turkey,TUR,2014,612800.0,0.0,0.0,0.0,0.0,1.8719664,96.444,1.0,-0.675
7799,Turkey,TUR,2015,512000.0,177.0,34.0,838.0,1049.0,1.8128487,94.222,1.0,-0.727
7800,Turkey,TUR,2016,512000.0,383.0,70.0,1068.0,1521.0,2.0503244,92.667,1.0,-1.103
7801,Turkey,TUR,2017,512000.0,44.0,0.0,391.0,435.0,2.050066,92.0,1.0,-1.521
7802,Turkey,TUR,2018,512200.0,8.0,4.0,448.0,460.0,2.5220902,93.125,1.0,-1.424
7803,Turkey,TUR,2019,512000.0,23.0,0.0,276.0,299.0,2.689859,93.5,1.0,-1.619
7804,Turkey,TUR,2020,512000.0,3.0,1.0,204.0,208.0,2.195552,94.286,1.0,-1.428
7805,Turkey,TUR,2021,,1.0,2.0,129.0,132.0,1.8588831,94.857,1.0,-1.428
7806,Turkey,TUR,2022,,3.0,1.0,96.0,100.0,1.6587983,93.5,1.0,-1.428
7807,Turkey,TUR,2023,,0.0,1.0,105.0,106.0,1.7199188,95.167,1.0,-1.428
7808,Turkey,TUR,2024,,2.0,0.0,33.0,35.0,1.9225523,95.833,1.0,-1.428
7809,Turkmenistan,TKM,1989,,0.0,0.0,0.0,0.0,,100.0,0.0,-1.039
7810,Turkmenistan,TKM,1990,,0.0,0.0,0.0,0.0,,,0.0,-1.053
7811,Turkmenistan,TKM,1991,,0.0,0.0,0.0,0.0,,99.111,0.0,-1.053
7812,Turkmenistan,TKM,1992,28000.0,0.0,0.0,0.0,0.0,,99.111,0.0,-1.591
7813,Turkmenistan,TKM,1993,28000.0,0.0,0.0,0.0,0.0,,99.111,0.0,-1.591
7814,Turkmenistan,TKM,1994,15000.0,0.0,0.0,0.0,0.0,1.797647,99.111,0.0,-1.591
7815,Turkmenistan,TKM,1995,11000.0,0.0,0.0,0.0,0.0,2.315846,99.111,0.0,-1.591
7816,Turkmenistan,TKM,1996,18000.0,0.0,0.0,0.0,0.0,2.0417445,99.111,0.0,-1.591
7817,Turkmenistan,TKM,1997,18000.0,0.0,0.0,0.0,0.0,3.9622703,99.111,0.0,-1.82
7818,Turkmenistan,TKM,1998,19000.0,0.0,0.0,0.0,0.0,3.1140273,99.111,0.0,-1.82
7819,Turkmenistan,TKM,1999,19000.0,0.0,0.0,0.0,0.0,2.9018748,99.111,0.0,-1.82
7820,Turkmenistan,TKM,2000,14500.0,0.0,0.0,0.0,0.0,,99.111,0.0,-1.82
7821,Turkmenistan,TKM,2001,17500.0,0.0,0.0,0.0,0.0,,99.111,0.0,-2.946
7822,Turkmenistan,TKM,2002,17500.0,0.0,0.0,0.0,0.0,,99.111,0.0,-2.946
7823,Turkmenistan,TKM,2003,29000.0,0.0,0.0,0.0,0.0,,99.111,0.0,-2.946
7824,Turkmenistan,TKM,2004,26000.0,0.0,0.0,0.0,0.0,,99.111,0.0,-2.946
7825,Turkmenistan,TKM,2005,26000.0,0.0,0.0,0.0,0.0,,99.111,0.0,-2.946
7826,Turkmenistan,TKM,2006,22000.0,0.0,0.0,0.0,0.0,,99.111,0.0,-2.946
7827,Turkmenistan,TKM,2007,22000.0,0.0,0.0,0.0,0.0,,99.111,0.0,-2.333
7828,Turkmenistan,TKM,2008,22000.0,0.0,0.0,0.0,0.0,,99.111,0.0,-1.862
7829,Turkmenistan,TKM,2009,22000.0,0.0,0.0,0.0,0.0,,99.111,0.0,-1.723
7830,Turkmenistan,TKM,2010,22000.0,0.0,0.0,0.0,0.0,,99.111,0.0,-2.129
7831,Turkmenistan,TKM,2011,22000.0,0.0,0.0,0.0,0.0,,99.111,0.0,-2.129
7832,Turkmenistan,TKM,2012,22000.0,0.0,0.0,0.0,0.0,,99.111,0.0,-2.129
7833,Turkmenistan,TKM,2013,22000.0,0.0,0.0,0.0,0.0,,98.714,0.0,-2.129
7834,Turkmenistan,TKM,2014,36500.0,0.0,0.0,0.0,0.0,,98.714,0.0,-2.129
7835,Turkmenistan,TKM,2015,36500.0,0.0,0.0,0.0,0.0,,98.714,0.0,-2.129
7836,Turkmenistan,TKM,2016,41500.0,0.0,0.0,0.0,0.0,,98.714,0.0,-2.129
7837,Turkmenistan,TKM,2017,42000.0,0.0,0.0,0.0,0.0,,97.714,0.0,-2.129
7838,Turkmenistan,TKM,2018,41500.0,0.0,0.0,0.0,0.0,,98.286,1.0,-2.129
7839,Turkmenistan,TKM,2019,42000.0,0.0,0.0,0.0,0.0,,98.143,1.0,-2.129
7840,Turkmenistan,TKM,2020,57000.0,0.0,0.0,0.0,0.0,,98.143,1.0,-2.129
7841,Turkmenistan,TKM,2021,,0.0,0.0,0.0,0.0,,98.143,1.0,-2.129
7842,Turkmenistan,TKM,2022,,0.0,0.0,0.0,0.0,,98.143,0.0,-2.129
7843,Turkmenistan,TKM,2023,,0.0,0.0,0.0,0.0,,98.143,0.0,-2.129
7844,Turkmenistan,TKM,2024,,0.0,0.0,0.0,0.0,,98.143,1.0,-2.129
7846,Tuvalu,TUV,1989,,0.0,0.0,0.0,0.0,,,,
7847,Tuvalu,TUV,1990,,0.0,0.0,0.0,0.0,,,,
7848,Tuvalu,TUV,1991,,0.0,0.0,0.0,0.0,,,,
7849,Tuvalu,TUV,1992,,0.0,0.0,0.0,0.0,,,,
7850,Tuvalu,TUV,1993,,0.0,0.0,0.0,0.0,,,,
7851,Tuvalu,TUV,1994,,0.0,0.0,0.0,0.0,,,,
7852,Tuvalu,TUV,1995,,0.0,0.0,0.0,0.0,,,,
7853,Tuvalu,TUV,1996,,0.0,0.0,0.0,0.0,,,,
7854,Tuvalu,TUV,1997,,0.0,0.0,0.0,0.0,,,,
7855,Tuvalu,TUV,1998,,0.0,0.0,0.0,0.0,,,,
7856,Tuvalu,TUV,1999,,0.0,0.0,0.0,0.0,,,,
7857,Tuvalu,TUV,2000,,0.0,0.0,0.0,0.0,,,,
7858,Tuvalu,TUV,2001,,0.0,0.0,0.0,0.0,,,,
7859,Tuvalu,TUV,2002,,0.0,0.0,0.0,0.0,,,,
7860,Tuvalu,TUV,2003,,0.0,0.0,0.0,0.0,,,,
7861,Tuvalu,TUV,2004,,0.0,0.0,0.0,0.0,,,,
7862,Tuvalu,TUV,2005,,0.0,0.0,0.0,0.0,,,,
7863,Tuvalu,TUV,2006,,0.0,0.0,0.0,0.0,,,,
7864,Tuvalu,TUV,2007,,0.0,0.0,0.0,0.0,,,,
7865,Tuvalu,TUV,2008,,0.0,0.0,0.0,0.0,,,,
7866,Tuvalu,TUV,2009,,0.0,0.0,0.0,0.0,,,,
7867,Tuvalu,TUV,2010,,0.0,0.0,0.0,0.0,,,,
7868,Tuvalu,TUV,2011,,0.0,0.0,0.0,0.0,,,,
7869,Tuvalu,TUV,2012,,0.0,0.0,0.0,0.0,,,,
7870,Tuvalu,TUV,2013,,0.0,0.0,0.0,0.0,,,,
7871,Tuvalu,TUV,2014,,0.0,0.0,0.0,0.0,,,,
7872,Tuvalu,TUV,2015,,0.0,0.0,0.0,0.0,,,,
7873,Tuvalu,TUV,2016,,0.0,0.0,0.0,0.0,,,,
7874,Tuvalu,TUV,2017,,0.0,0.0,0.0,0.0,,,,
7875,Tuvalu,TUV,2018,,0.0,0.0,0.0,0.0,,,,
7876,Tuvalu,TUV,2019,,0.0,0.0,0.0,0.0,,,,
7877,Tuvalu,TUV,2020,,0.0,0.0,0.0,0.0,,,,
7878,Tuvalu,TUV,2021,,0.0,0.0,0.0,0.0,,,,
7879,Tuvalu,TUV,2022,,0.0,0.0,0.0,0.0,,,,
7880,Tuvalu,TUV,2023,,0.0,0.0,0.0,0.0,,,,
7881,Tuvalu,TUV,2024,,0.0,0.0,0.0,0.0,,,,
7883,Uganda,UGA,1989,40000.0,49.0,4.0,995.0,1048.0,2.7299778,78.75,0.0,0.517
7884,Uganda,UGA,1990,60000.0,204.0,0.0,605.0,809.0,2.9685264,78.75,1.0,0.936
7885,Uganda,UGA,1991,60000.0,163.0,32.0,823.0,1018.0,2.5079985,78.75,1.0,0.936
7886,Uganda,UGA,1992,70000.0,0.0,0.0,72.0,72.0,1.6591778,78.75,1.0,0.936
7887,Uganda,UGA,1993,70000.0,17.0,0.0,0.0,17.0,1.9313667,78.75,1.0,0.936
7888,Uganda,UGA,1994,60000.0,27.0,0.0,122.0,149.0,2.0157824,78.75,0.0,0.936
7889,Uganda,UGA,1995,51500.0,285.0,3.0,243.0,531.0,2.1015105,86.25,0.0,0.936
7890,Uganda,UGA,1996,51500.0,651.0,55.0,1065.0,1771.0,2.210911,86.25,1.0,0.936
7891,Uganda,UGA,1997,46500.0,627.0,41.0,684.0,1352.0,2.116707,86.25,1.0,0.936
7892,Uganda,UGA,1998,41500.0,344.0,12.0,828.0,1184.0,2.4423559,86.25,1.0,0.936
7893,Uganda,UGA,1999,41500.0,285.0,204.0,524.0,1013.0,2.655734,86.25,1.0,0.936
7894,Uganda,UGA,2000,50600.0,177.0,61.0,961.0,1199.0,1.7646077,86.25,1.0,0.784
7895,Uganda,UGA,2001,56800.0,64.0,0.0,134.0,198.0,1.6832452,86.25,1.0,0.784
7896,Uganda,UGA,2002,56800.0,626.0,7.0,663.0,1296.0,1.6346747,86.25,1.0,0.784
7897,Uganda,UGA,2003,61800.0,694.0,24.0,868.0,1586.0,1.6916878,86.25,1.0,0.799
7898,Uganda,UGA,2004,55000.0,813.0,2.0,1156.0,1971.0,1.7661558,86.25,1.0,0.799
7899,Uganda,UGA,2005,47000.0,269.0,53.0,613.0,935.0,1.6843227,93.125,1.0,0.799
7900,Uganda,UGA,2006,,54.0,8.0,186.0,248.0,1.5034261,93.125,1.0,0.799
7901,Uganda,UGA,2007,47000.0,7.0,0.0,125.0,132.0,1.3944719,93.688,1.0,0.764
7902,Uganda,UGA,2008,47000.0,1.0,0.0,0.0,1.0,1.3473449,94.375,1.0,0.764
7903,Uganda,UGA,2009,46800.0,0.0,0.0,38.0,38.0,1.4323173,94.375,1.0,0.532
7904,Uganda,UGA,2010,46800.0,74.0,0.0,0.0,74.0,2.4600937,97.375,1.0,0.487
7905,Uganda,UGA,2011,46800.0,0.0,0.0,0.0,0.0,2.5387866,97.375,1.0,0.487
7906,Uganda,UGA,2012,46800.0,0.0,0.0,0.0,0.0,1.1761228,97.25,1.0,0.487
7907,Uganda,UGA,2013,46800.0,0.0,0.0,0.0,0.0,0.937841,97.25,1.0,0.453
7908,Uganda,UGA,2014,46800.0,0.0,0.0,0.0,0.0,0.92447644,97.25,1.0,0.453
7909,Uganda,UGA,2015,46400.0,0.0,0.0,0.0,0.0,0.98668027,97.25,1.0,0.453
7910,Uganda,UGA,2016,46400.0,0.0,30.0,0.0,30.0,1.0033355,97.091,1.0,0.453
7911,Uganda,UGA,2017,46000.0,0.0,0.0,0.0,0.0,1.0390185,96.909,1.0,0.453
7912,Uganda,UGA,2018,46000.0,0.0,0.0,0.0,0.0,1.1524519,97.4,1.0,0.453
7913,Uganda,UGA,2019,46000.0,0.0,0.0,0.0,0.0,1.7177525,97.4,1.0,0.453
7914,Uganda,UGA,2020,46000.0,0.0,0.0,0.0,0.0,2.4676852,97.4,1.0,0.226
7915,Uganda,UGA,2021,,0.0,0.0,0.0,0.0,2.338145,96.0,1.0,0.123
7916,Uganda,UGA,2022,,1.0,0.0,24.0,25.0,1.8452085,96.0,1.0,0.225
7917,Uganda,UGA,2023,,57.0,0.0,0.0,57.0,1.8068657,94.286,1.0,0.121
7918,Uganda,UGA,2024,,0.0,0.0,0.0,0.0,1.881598,94.286,1.0,0.121
7919,Ukraine,UKR,1989,,0.0,0.0,0.0,0.0,,100.0,0.0,-1.039
7920,Ukraine,UKR,1990,,0.0,0.0,0.0,0.0,,,0.0,-0.378
7921,Ukraine,UKR,1991,,0.0,0.0,0.0,0.0,,99.0,1.0,-0.387
7922,Ukraine,UKR,1992,430000.0,0.0,0.0,0.0,0.0,,98.0,2.0,-0.808
7923,Ukraine,UKR,1993,380000.0,0.0,0.0,0.0,0.0,0.43464583,98.0,2.0,-0.808
7924,Ukraine,UKR,1994,350000.0,0.0,0.0,0.0,0.0,2.4177718,94.275,2.0,-0.808
7925,Ukraine,UKR,1995,518500.0,0.0,0.0,0.0,0.0,2.7349477,94.836,2.0,-0.808
7926,Ukraine,UKR,1996,466800.0,0.0,0.0,0.0,0.0,3.1788344,98.8,2.0,-0.692
7927,Ukraine,UKR,1997,453400.0,0.0,0.0,0.0,0.0,3.988241,98.8,2.0,-0.697
7928,Ukraine,UKR,1998,449400.0,0.0,0.0,0.0,0.0,3.244032,99.0,1.0,-0.697
7929,Ukraine,UKR,1999,428000.0,0.0,0.0,0.0,0.0,2.8835275,99.0,1.0,-0.662
7930,Ukraine,UKR,2000,420400.0,0.0,0.0,0.0,0.0,3.5110826,99.0,1.0,-0.352
7931,Ukraine,UKR,2001,419800.0,0.0,0.0,0.0,0.0,2.769267,99.0,1.0,-0.352
7932,Ukraine,UKR,2002,414800.0,0.0,0.0,0.0,0.0,2.6761997,99.0,1.0,-0.352
7933,Ukraine,UKR,2003,403000.0,0.0,0.0,0.0,0.0,2.7455788,99.0,1.0,-0.352
7934,Ukraine,UKR,2004,271000.0,0.0,0.0,0.0,0.0,2.5068245,84.0,1.0,-0.711
7935,Ukraine,UKR,2005,273000.0,0.0,0.0,0.0,0.0,2.7924893,92.0,1.0,-0.246
7936,Ukraine,UKR,2006,215000.0,0.0,0.0,0.0,0.0,2.7715917,97.25,2.0,-0.246
7937,Ukraine,UKR,2007,215000.0,0.0,0.0,0.0,0.0,2.8700027,97.25,2.0,0.327
7938,Ukraine,UKR,2008,215000.0,0.0,0.0,0.0,0.0,2.6729221,97.25,2.0,0.327
7939,Ukraine,UKR,2009,214825.0,0.0,0.0,0.0,0.0,2.840354,97.25,2.0,0.05
7940,Ukraine,UKR,2010,214825.0,0.0,0.0,0.0,0.0,2.7419965,97.25,1.0,-0.444
7941,Ukraine,UKR,2011,214850.0,0.0,0.0,0.0,0.0,2.2582877,97.25,1.0,-0.448
7942,Ukraine,UKR,2012,214850.0,0.0,0.0,0.0,0.0,2.353452,97.25,1.0,-0.448
7943,Ukraine,UKR,2013,121500.0,0.0,0.0,0.0,0.0,2.3928952,97.625,1.0,-0.168
7944,Ukraine,UKR,2014,204000.0,662.0,1735.0,2542.0,4939.0,2.9673684,78.125,1.0,-0.709
7945,Ukraine,UKR,2015,256000.0,362.0,358.0,1170.0,1890.0,3.8478487,79.125,1.0,-0.709
7946,Ukraine,UKR,2016,292000.0,35.0,0.0,662.0,697.0,3.6686177,81.625,1.0,-0.474
7947,Ukraine,UKR,2017,297000.0,69.0,5.0,373.0,447.0,3.2414927,81.625,1.0,-0.34
7948,Ukraine,UKR,2018,297000.0,51.0,19.0,173.0,243.0,3.6351662,84.0,1.0,-0.191
7949,Ukraine,UKR,2019,311000.0,22.0,0.0,289.0,311.0,4.067938,83.5,2.0,-0.191
7950,Ukraine,UKR,2020,298000.0,21.0,1.0,174.0,196.0,4.400315,84.375,2.0,-0.191
7951,Ukraine,UKR,2021,,18.0,2.0,188.0,208.0,3.425492,84.375,2.0,-0.237
7952,Ukraine,UKR,2022,,19247.0,17545.0,55816.0,92608.0,25.64241,77.016,1.0,-0.002
7953,Ukraine,UKR,2023,,2596.0,106.0,72691.0,75393.0,36.52817,75.714,1.0,0.259
7954,Ukraine,UKR,2024,,2366.0,65.0,65685.0,68116.0,34.48153,73.167,1.0,0.259
7955,United Arab Emirates,ARE,1989,43000.0,0.0,0.0,0.0,0.0,,95.0,0.0,0.796
7956,United Arab Emirates,ARE,1990,66000.0,0.0,0.0,0.0,0.0,,95.0,0.0,0.796
7957,United Arab Emirates,ARE,1991,66000.0,0.0,0.0,0.0,0.0,,95.0,0.0,0.796
7958,United Arab Emirates,ARE,1992,55000.0,0.0,0.0,0.0,0.0,,95.0,0.0,0.796
7959,United Arab Emirates,ARE,1993,55000.0,0.0,0.0,0.0,0.0,,95.0,0.0,0.796
7960,United Arab Emirates,ARE,1994,60000.0,0.0,0.0,0.0,0.0,,95.2,0.0,1.52
7961,United Arab Emirates,ARE,1995,71000.0,0.0,0.0,0.0,0.0,,95.2,0.0,1.52
7962,United Arab Emirates,ARE,1996,65500.0,0.0,0.0,0.0,0.0,,95.2,0.0,1.52
7963,United Arab Emirates,ARE,1997,65500.0,0.0,0.0,0.0,0.0,6.759062,95.2,0.0,1.52
7964,United Arab Emirates,ARE,1998,65500.0,0.0,0.0,0.0,0.0,8.629722,95.2,0.0,1.52
7965,United Arab Emirates,ARE,1999,65500.0,0.0,0.0,0.0,0.0,7.6695385,95.2,0.0,1.52
7966,United Arab Emirates,ARE,2000,66000.0,0.0,0.0,0.0,0.0,8.323722,95.2,0.0,1.52
7967,United Arab Emirates,ARE,2001,66000.0,0.0,0.0,0.0,0.0,5.6121054,95.2,0.0,1.52
7968,United Arab Emirates,ARE,2002,41500.0,0.0,0.0,0.0,0.0,4.8755317,95.2,0.0,1.52
7969,United Arab Emirates,ARE,2003,50500.0,0.0,0.0,0.0,0.0,4.6923065,95.2,0.0,1.009
7970,United Arab Emirates,ARE,2004,50000.0,0.0,0.0,0.0,0.0,4.611478,95.2,0.0,1.009
7971,United Arab Emirates,ARE,2005,51000.0,0.0,0.0,0.0,0.0,3.6564708,95.2,0.0,1.009
7972,United Arab Emirates,ARE,2006,51000.0,0.0,0.0,0.0,0.0,3.2259743,95.2,0.0,1.009
7973,United Arab Emirates,ARE,2007,51000.0,0.0,0.0,0.0,0.0,3.2805212,95.2,0.0,1.513
7974,United Arab Emirates,ARE,2008,51000.0,0.0,0.0,0.0,0.0,3.6680226,95.2,0.0,1.513
7975,United Arab Emirates,ARE,2009,51000.0,0.0,0.0,0.0,0.0,5.4571075,95.2,0.0,1.513
7976,United Arab Emirates,ARE,2010,51000.0,0.0,0.0,0.0,0.0,6.0385923,95.2,0.0,1.513
7977,United Arab Emirates,ARE,2011,51000.0,0.0,0.0,0.0,0.0,5.4663143,95.2,0.0,1.318
7978,United Arab Emirates,ARE,2012,51000.0,0.0,0.0,0.0,0.0,5.0755563,95.2,0.0,1.318
7979,United Arab Emirates,ARE,2013,63000.0,0.0,0.0,0.0,0.0,6.0346866,95.2,0.0,0.907
7980,United Arab Emirates,ARE,2014,63000.0,0.0,0.0,0.0,0.0,5.6436515,95.2,0.0,0.907
7981,United Arab Emirates,ARE,2015,63000.0,0.0,0.0,0.0,0.0,,95.2,0.0,0.907
7982,United Arab Emirates,ARE,2016,63000.0,0.0,0.0,0.0,0.0,,95.2,0.0,0.907
7983,United Arab Emirates,ARE,2017,63000.0,0.0,0.0,0.0,0.0,,95.2,0.0,1.206
7984,United Arab Emirates,ARE,2018,63000.0,0.0,0.0,0.0,0.0,,93.2,0.0,1.206
7985,United Arab Emirates,ARE,2019,63000.0,0.0,0.0,0.0,0.0,,93.2,0.0,1.206
7986,United Arab Emirates,ARE,2020,63000.0,0.0,0.0,0.0,0.0,,95.0,0.0,1.25
7987,United Arab Emirates,ARE,2021,,0.0,0.0,0.0,0.0,,94.6,0.0,1.25
7988,United Arab Emirates,ARE,2022,,3.0,0.0,0.0,3.0,,95.0,0.0,1.25
7989,United Arab Emirates,ARE,2023,,0.0,0.0,0.0,0.0,,95.0,0.0,0.812
7990,United Arab Emirates,ARE,2024,,0.0,0.0,0.0,0.0,,96.5,0.0,0.812
7991,United Kingdom,GBR,1989,318000.0,2.0,0.0,33.0,35.0,4.040954,98.2,3.0,2.506
7992,United Kingdom,GBR,1990,308000.0,4.0,2.0,35.0,41.0,3.983218,98.2,3.0,2.506
7993,United Kingdom,GBR,1991,301000.0,1.0,0.0,25.0,26.0,4.116802,98.2,3.0,2.506
7994,United Kingdom,GBR,1992,293000.0,0.0,0.0,0.0,0.0,3.864718,98.2,3.0,2.506
7995,United Kingdom,GBR,1993,271000.0,32.0,0.0,0.0,32.0,3.5906494,98.2,3.0,2.506
7996,United Kingdom,GBR,1994,257000.0,0.0,0.0,0.0,0.0,3.3819337,98.2,3.0,3.336
7997,United Kingdom,GBR,1995,233000.0,0.0,0.0,0.0,0.0,2.8541994,98.2,3.0,3.336
7998,United Kingdom,GBR,1996,221000.0,0.0,0.0,0.0,0.0,2.7245924,98.2,3.0,3.336
7999,United Kingdom,GBR,1997,218000.0,0.0,0.0,0.0,0.0,2.5601487,98.2,3.0,3.336
8000,United Kingdom,GBR,1998,218000.0,29.0,0.0,0.0,29.0,2.4959621,98.2,3.0,3.336
8001,United Kingdom,GBR,1999,218000.0,0.0,0.0,0.0,0.0,2.4229097,98.571,3.0,3.336
8002,United Kingdom,GBR,2000,212500.0,0.0,0.0,0.0,0.0,2.3727965,98.571,3.0,3.336
8003,United Kingdom,GBR,2001,211400.0,0.0,0.0,0.0,0.0,2.411122,98.571,3.0,3.336
8004,United Kingdom,GBR,2002,210400.0,0.0,0.0,0.0,0.0,2.4856596,98.571,3.0,3.336
8005,United Kingdom,GBR,2003,212600.0,0.0,0.0,0.0,0.0,2.552062,98.571,3.0,3.336
8006,United Kingdom,GBR,2004,205000.0,0.0,0.0,0.0,0.0,2.4978213,98.571,3.0,3.336
8007,United Kingdom,GBR,2005,217000.0,52.0,0.0,0.0,52.0,2.4227161,98.571,3.0,3.336
8008,United Kingdom,GBR,2006,181000.0,0.0,0.0,0.0,0.0,2.3696744,98.571,3.0,3.336
8009,United Kingdom,GBR,2007,160000.0,0.0,0.0,0.0,0.0,2.3746579,98.571,3.0,2.961
8010,United Kingdom,GBR,2008,160000.0,0.0,0.0,0.0,0.0,2.48715,98.571,3.0,2.961
8011,United Kingdom,GBR,2009,178470.0,0.0,0.0,0.0,0.0,2.6477246,98.929,3.0,2.961
8012,United Kingdom,GBR,2010,174020.0,0.0,0.0,0.0,0.0,2.5679996,98.929,3.0,3.342
8013,United Kingdom,GBR,2011,165650.0,0.0,0.0,0.0,0.0,2.49904,98.929,3.0,3.342
8014,United Kingdom,GBR,2012,169150.0,0.0,0.0,0.0,0.0,2.4178176,98.714,3.0,3.342
8015,United Kingdom,GBR,2013,159150.0,0.0,0.0,0.0,0.0,2.2923205,98.455,3.0,3.342
8016,United Kingdom,GBR,2014,154700.0,0.0,0.0,0.0,0.0,2.1844854,98.455,3.0,3.342
8017,United Kingdom,GBR,2015,152350.0,0.0,0.0,0.0,0.0,2.048908,98.455,3.0,3.342
8018,United Kingdom,GBR,2016,150250.0,0.0,0.0,0.0,0.0,1.984491,98.455,3.0,3.342
8019,United Kingdom,GBR,2017,148000.0,0.0,0.0,0.0,0.0,1.9500289,98.455,3.0,3.342
8020,United Kingdom,GBR,2018,148450.0,0.0,0.0,0.0,0.0,1.9445558,98.455,3.0,3.342
8021,United Kingdom,GBR,2019,149000.0,2.0,0.0,1.0,3.0,1.9852538,98.455,3.0,3.342
8022,United Kingdom,GBR,2020,153000.0,0.0,0.0,0.0,0.0,2.1630402,95.778,3.0,3.342
8023,United Kingdom,GBR,2021,,0.0,0.0,0.0,0.0,2.0724175,95.625,3.0,2.498
8024,United Kingdom,GBR,2022,,0.0,0.0,0.0,0.0,2.0569184,97.857,3.0,2.498
8025,United Kingdom,GBR,2023,,0.0,0.0,0.0,0.0,2.2306397,98.857,3.0,1.969
8026,United Kingdom,GBR,2024,,0.0,0.0,0.0,0.0,2.2786179,98.143,2.0,1.468
8027,United States,USA,1989,2240000.0,0.0,0.0,0.0,0.0,5.8712063,98.545,3.0,2.176
8028,United States,USA,1990,2180000.0,0.0,0.0,0.0,0.0,5.6051755,98.545,3.0,2.646
8029,United States,USA,1991,2120000.0,0.0,0.0,0.0,0.0,4.8834295,98.545,3.0,2.646
8030,United States,USA,1992,1920000.0,0.0,0.0,0.0,0.0,4.9704666,98.545,3.0,2.646
8031,United States,USA,1993,1820000.0,0.0,0.0,0.0,0.0,4.6043506,98.545,3.0,3.112
8032,United States,USA,1994,1720000.0,0.0,0.0,0.0,0.0,4.215265,98.545,3.0,3.112
8033,United States,USA,1995,1635600.0,0.0,0.0,0.0,0.0,3.8602457,98.545,3.0,3.112
8034,United States,USA,1996,1572100.0,0.0,0.0,0.0,0.0,3.5549824,98.545,3.0,3.112
8035,United States,USA,1997,1533300.0,0.0,0.0,0.0,0.0,3.4055624,98.545,3.0,3.112
8036,United States,USA,1998,1594000.0,0.0,0.0,0.0,0.0,3.2015584,98.545,3.0,3.112
8037,United States,USA,1999,1575000.0,0.0,0.0,0.0,0.0,3.0856767,98.545,3.0,3.112
8038,United States,USA,2000,1454800.0,0.0,0.0,0.0,0.0,3.1122422,98.545,3.0,3.112
8039,United States,USA,2001,1420700.0,2862.0,59.0,65.0,2986.0,3.1238098,98.545,3.0,3.112
8040,United States,USA,2002,1467000.0,0.0,0.0,0.0,0.0,3.447618,98.545,3.0,3.112
8041,United States,USA,2003,1480000.0,0.0,0.0,0.0,0.0,3.827161,98.545,3.0,3.112
8042,United States,USA,2004,1473000.0,0.0,0.0,0.0,0.0,4.0163126,98.545,3.0,3.112
8043,United States,USA,2005,1546000.0,0.0,0.0,0.0,0.0,4.089232,98.545,3.0,3.112
8044,United States,USA,2006,1498000.0,0.0,0.0,0.0,0.0,4.0413423,98.545,3.0,3.112
8045,United States,USA,2007,1555000.0,0.0,0.0,0.0,0.0,4.0733504,98.545,3.0,3.112
8046,United States,USA,2008,1540000.0,0.0,0.0,0.0,0.0,4.4465957,98.545,3.0,3.112
8047,United States,USA,2009,1563996.0,0.0,0.0,0.0,0.0,4.875768,98.545,3.0,3.112
8048,United States,USA,2010,1569417.0,0.0,0.0,2.0,2.0,4.904023,98.545,3.0,3.112
8049,United States,USA,2011,1520100.0,0.0,0.0,0.0,0.0,4.822442,98.545,3.0,3.112
8050,United States,USA,2012,1492200.0,0.0,0.0,0.0,0.0,4.46171,98.545,3.0,2.945
8051,United States,USA,2013,1433150.0,0.0,0.0,0.0,0.0,4.0237055,98.545,3.0,2.633
8052,United States,USA,2014,1381250.0,0.0,0.0,0.0,0.0,3.6789184,98.545,3.0,2.633
8053,United States,USA,2015,1347300.0,14.0,0.0,0.0,14.0,3.4644928,98.545,3.0,2.547
8054,United States,USA,2016,1348400.0,0.0,0.0,0.0,0.0,3.4026022,98.545,3.0,2.28
8055,United States,USA,2017,1359000.0,8.0,0.0,0.0,8.0,3.2977235,97.467,3.0,2.162
8056,United States,USA,2018,1379800.0,0.0,0.0,0.0,0.0,3.3040006,97.357,3.0,2.162
8057,United States,USA,2019,1388000.0,0.0,0.0,4.0,4.0,3.409214,97.571,3.0,1.813
8058,United States,USA,2020,1395000.0,0.0,0.0,0.0,0.0,3.6451876,97.308,3.0,1.917
8059,United States,USA,2021,,0.0,0.0,0.0,0.0,3.40452,97.308,3.0,2.066
8060,United States,USA,2022,,0.0,1.0,0.0,1.0,3.309477,97.308,3.0,2.066
8061,United States,USA,2023,,0.0,0.0,0.0,0.0,3.3044417,97.308,3.0,2.066
8062,United States,USA,2024,,0.0,0.0,0.0,0.0,3.4192164,97.308,3.0,1.72
8096,Uruguay,URY,1989,27000.0,0.0,0.0,0.0,0.0,3.5291266,99.045,3.0,2.737
8097,Uruguay,URY,1990,25000.0,0.0,0.0,0.0,0.0,3.5274017,99.045,3.0,2.737
8098,Uruguay,URY,1991,25000.0,0.0,0.0,0.0,0.0,2.3947122,99.045,3.0,2.737
8099,Uruguay,URY,1992,25000.0,0.0,0.0,0.0,0.0,2.8495147,99.045,3.0,2.737
8100,Uruguay,URY,1993,25000.0,0.0,0.0,0.0,0.0,2.7923985,99.045,3.0,2.737
8101,Uruguay,URY,1994,25000.0,0.0,0.0,0.0,0.0,2.5777054,99.045,3.0,2.737
8102,Uruguay,URY,1995,26500.0,0.0,0.0,0.0,0.0,2.7146368,99.045,3.0,2.737
8103,Uruguay,URY,1996,26520.0,0.0,0.0,0.0,0.0,2.8059385,99.045,3.0,2.737
8104,Uruguay,URY,1997,26050.0,0.0,0.0,0.0,0.0,2.399721,99.045,3.0,2.737
8105,Uruguay,URY,1998,26520.0,0.0,0.0,0.0,0.0,2.2581336,99.045,3.0,2.737
8106,Uruguay,URY,1999,26520.0,0.0,0.0,0.0,0.0,2.394461,99.045,3.0,2.737
8107,Uruguay,URY,2000,24600.0,0.0,0.0,0.0,0.0,2.4359772,99.045,3.0,2.737
8108,Uruguay,URY,2001,24800.0,0.0,0.0,0.0,0.0,2.5025778,99.045,3.0,2.737
8109,Uruguay,URY,2002,24800.0,0.0,0.0,0.0,0.0,2.5301402,99.045,3.0,2.737
8110,Uruguay,URY,2003,24900.0,0.0,0.0,0.0,0.0,2.2375453,99.045,3.0,2.737
8111,Uruguay,URY,2004,24920.0,0.0,0.0,0.0,0.0,2.040728,99.045,3.0,2.737
8112,Uruguay,URY,2005,24920.0,0.0,0.0,0.0,0.0,2.000386,99.045,3.0,2.737
8113,Uruguay,URY,2006,,0.0,0.0,0.0,0.0,2.0061781,99.045,3.0,2.737
8114,Uruguay,URY,2007,25900.0,0.0,0.0,0.0,0.0,1.7771671,99.045,3.0,2.737
8115,Uruguay,URY,2008,25900.0,0.0,0.0,0.0,0.0,1.8695246,99.045,3.0,2.737
8116,Uruguay,URY,2009,25439.0,0.0,0.0,0.0,0.0,1.8226134,99.045,3.0,2.737
8117,Uruguay,URY,2010,25439.0,0.0,0.0,0.0,0.0,1.8758079,99.045,3.0,2.737
8118,Uruguay,URY,2011,25450.0,0.0,0.0,0.0,0.0,1.719749,99.045,3.0,2.737
8119,Uruguay,URY,2012,25450.0,0.0,0.0,0.0,0.0,1.6072446,99.045,3.0,2.737
8120,Uruguay,URY,2013,25450.0,0.0,0.0,0.0,0.0,1.6872182,99.045,3.0,2.395
8121,Uruguay,URY,2014,25450.0,0.0,0.0,0.0,0.0,1.7409945,99.045,3.0,2.886
8122,Uruguay,URY,2015,25450.0,0.0,0.0,0.0,0.0,1.7658406,99.045,3.0,2.886
8123,Uruguay,URY,2016,25450.0,0.0,0.0,0.0,0.0,1.8091708,99.045,3.0,2.886
8124,Uruguay,URY,2017,22000.0,0.0,0.0,0.0,0.0,1.9111438,99.045,3.0,2.886
8125,Uruguay,URY,2018,22100.0,0.0,0.0,0.0,0.0,2.0774162,99.045,3.0,2.886
8126,Uruguay,URY,2019,22000.0,0.0,0.0,0.0,0.0,2.0057166,99.045,3.0,2.886
8127,Uruguay,URY,2020,22000.0,0.0,0.0,0.0,0.0,2.0569217,99.045,3.0,2.089
8128,Uruguay,URY,2021,,0.0,0.0,0.0,0.0,2.2620542,99.769,3.0,1.828
8129,Uruguay,URY,2022,,0.0,0.0,0.0,0.0,2.0427835,100.0,3.0,1.828
8130,Uruguay,URY,2023,,0.0,0.0,0.0,0.0,2.1156123,99.5,3.0,2.282
8131,Uruguay,URY,2024,,0.0,0.0,0.0,0.0,2.3105383,99.917,3.0,1.008
8132,Uzbekistan,UZB,1989,,0.0,97.0,0.0,97.0,,100.0,0.0,-1.039
8133,Uzbekistan,UZB,1990,,0.0,0.0,0.0,0.0,,,0.0,-0.9
8134,Uzbekistan,UZB,1991,,0.0,0.0,0.0,0.0,,94.167,0.0,-0.9
8135,Uzbekistan,UZB,1992,40000.0,0.0,0.0,0.0,0.0,,96.0,1.0,-0.9
8136,Uzbekistan,UZB,1993,41000.0,0.0,0.0,0.0,0.0,,96.333,1.0,-1.152
8137,Uzbekistan,UZB,1994,20000.0,0.0,0.0,0.0,0.0,1.5274824,96.333,1.0,-1.292
8138,Uzbekistan,UZB,1995,41700.0,0.0,0.0,0.0,0.0,0.88390696,96.333,1.0,-1.292
8139,Uzbekistan,UZB,1996,46000.0,0.0,0.0,0.0,0.0,0.98454624,97.308,1.0,-1.292
8140,Uzbekistan,UZB,1997,86000.0,0.0,0.0,0.0,0.0,1.1188121,97.308,1.0,-1.441
8141,Uzbekistan,UZB,1998,100000.0,0.0,0.0,0.0,0.0,,97.308,1.0,-1.441
8142,Uzbekistan,UZB,1999,94000.0,5.0,16.0,40.0,61.0,1.3064016,97.308,1.0,-1.441
8143,Uzbekistan,UZB,2000,79100.0,0.0,0.0,297.0,297.0,0.91880953,97.308,1.0,-1.441
8144,Uzbekistan,UZB,2001,72000.0,0.0,0.0,0.0,0.0,0.6659212,97.308,1.0,-1.441
8145,Uzbekistan,UZB,2002,72000.0,0.0,0.0,0.0,0.0,0.4768767,97.308,1.0,-1.441
8146,Uzbekistan,UZB,2003,72000.0,0.0,0.0,0.0,0.0,0.42991334,97.308,1.0,-1.441
8147,Uzbekistan,UZB,2004,75000.0,2.0,0.0,35.0,37.0,,97.308,1.0,-1.441
8148,Uzbekistan,UZB,2005,91000.0,0.0,0.0,0.0,0.0,,97.16,1.0,-0.961
8149,Uzbekistan,UZB,2006,87000.0,0.0,0.0,0.0,0.0,,98.308,1.0,-0.961
8150,Uzbekistan,UZB,2007,87000.0,0.0,0.0,0.0,0.0,,98.308,1.0,-0.961
8151,Uzbekistan,UZB,2008,87000.0,0.0,0.0,0.0,0.0,,98.308,1.0,-0.961
8152,Uzbekistan,UZB,2009,87000.0,0.0,0.0,0.0,0.0,,98.308,1.0,-0.961
8153,Uzbekistan,UZB,2010,87000.0,0.0,0.0,0.0,0.0,,98.308,1.0,-0.961
8154,Uzbekistan,UZB,2011,68000.0,0.0,0.0,0.0,0.0,,98.308,1.0,-0.961
8155,Uzbekistan,UZB,2012,68000.0,0.0,0.0,0.0,0.0,,98.308,1.0,-0.961
8156,Uzbekistan,UZB,2013,68000.0,0.0,0.0,0.0,0.0,,98.9,1.0,-0.877
8157,Uzbekistan,UZB,2014,68000.0,0.0,0.0,0.0,0.0,,98.9,0.0,-0.877
8158,Uzbekistan,UZB,2015,68000.0,0.0,0.0,0.0,0.0,,98.9,0.0,-0.877
8159,Uzbekistan,UZB,2016,68000.0,0.0,0.0,0.0,0.0,,98.9,0.0,-0.877
8160,Uzbekistan,UZB,2017,68000.0,0.0,0.0,0.0,0.0,,99.875,1.0,-0.507
8161,Uzbekistan,UZB,2018,68000.0,0.0,0.0,0.0,0.0,2.8666198,99.875,1.0,-0.307
8162,Uzbekistan,UZB,2019,68000.0,0.0,0.0,0.0,0.0,,100.0,1.0,-0.053
8163,Uzbekistan,UZB,2020,68000.0,0.0,0.0,0.0,0.0,,100.0,0.0,-0.053
8164,Uzbekistan,UZB,2021,,0.0,0.0,0.0,0.0,,98.8,0.0,0.224
8165,Uzbekistan,UZB,2022,,0.0,0.0,0.0,0.0,,98.75,0.0,0.224
8166,Uzbekistan,UZB,2023,,0.0,0.0,0.0,0.0,,98.25,0.0,0.224
8167,Uzbekistan,UZB,2024,,0.0,0.0,0.0,0.0,,98.25,1.0,-0.232
8168,Vanuatu,VUT,1989,,0.0,0.0,0.0,0.0,,99.333,2.0,1.752
8169,Vanuatu,VUT,1990,,0.0,0.0,0.0,0.0,,99.333,2.0,0.961
8170,Vanuatu,VUT,1991,,0.0,0.0,0.0,0.0,,99.333,2.0,0.961
8171,Vanuatu,VUT,1992,,0.0,0.0,0.0,0.0,,99.333,2.0,0.961
8172,Vanuatu,VUT,1993,,0.0,0.0,0.0,0.0,,99.333,2.0,0.961
8173,Vanuatu,VUT,1994,,0.0,0.0,0.0,0.0,,99.333,2.0,0.961
8174,Vanuatu,VUT,1995,,0.0,0.0,0.0,0.0,,99.333,2.0,0.961
8175,Vanuatu,VUT,1996,,0.0,0.0,0.0,0.0,,99.333,2.0,0.961
8176,Vanuatu,VUT,1997,,0.0,0.0,0.0,0.0,,99.333,2.0,0.961
8177,Vanuatu,VUT,1998,,0.0,0.0,0.0,0.0,,99.333,2.0,0.961
8178,Vanuatu,VUT,1999,,0.0,0.0,0.0,0.0,,99.333,2.0,0.961
8179,Vanuatu,VUT,2000,,0.0,0.0,0.0,0.0,,99.333,2.0,0.961
8180,Vanuatu,VUT,2001,,0.0,0.0,0.0,0.0,,99.333,2.0,0.961
8181,Vanuatu,VUT,2002,,0.0,0.0,0.0,0.0,,99.333,2.0,0.961
8182,Vanuatu,VUT,2003,,0.0,0.0,0.0,0.0,,99.333,2.0,0.961
8183,Vanuatu,VUT,2004,,0.0,0.0,0.0,0.0,,99.333,2.0,0.961
8184,Vanuatu,VUT,2005,,0.0,0.0,0.0,0.0,,99.333,2.0,0.961
8185,Vanuatu,VUT,2006,,0.0,0.0,0.0,0.0,,99.333,2.0,0.961
8186,Vanuatu,VUT,2007,,0.0,0.0,0.0,0.0,,99.333,2.0,0.961
8187,Vanuatu,VUT,2008,,0.0,0.0,0.0,0.0,,99.333,2.0,0.961
8188,Vanuatu,VUT,2009,,0.0,0.0,0.0,0.0,,99.333,2.0,0.961
8189,Vanuatu,VUT,2010,,0.0,0.0,0.0,0.0,,99.333,2.0,0.961
8190,Vanuatu,VUT,2011,,0.0,0.0,0.0,0.0,,99.333,2.0,0.961
8191,Vanuatu,VUT,2012,,0.0,0.0,0.0,0.0,,99.333,2.0,0.961
8192,Vanuatu,VUT,2013,,0.0,0.0,0.0,0.0,,99.333,2.0,0.961
8193,Vanuatu,VUT,2014,,0.0,0.0,0.0,0.0,,99.333,2.0,0.961
8194,Vanuatu,VUT,2015,,0.0,0.0,0.0,0.0,,98.556,2.0,0.961
8195,Vanuatu,VUT,2016,,0.0,0.0,0.0,0.0,,98.556,2.0,0.961
8196,Vanuatu,VUT,2017,,0.0,0.0,0.0,0.0,,98.556,2.0,0.961
8197,Vanuatu,VUT,2018,,0.0,0.0,0.0,0.0,,98.143,2.0,1.708
8198,Vanuatu,VUT,2019,,0.0,0.0,0.0,0.0,,99.143,2.0,0.88
8199,Vanuatu,VUT,2020,,0.0,0.0,0.0,0.0,,99.143,2.0,1.303
8200,Vanuatu,VUT,2021,,0.0,0.0,0.0,0.0,,99.143,2.0,1.303
8201,Vanuatu,VUT,2022,,0.0,0.0,0.0,0.0,,99.143,2.0,1.303
8202,Vanuatu,VUT,2023,,0.0,0.0,0.0,0.0,,99.143,2.0,1.303
8203,Vanuatu,VUT,2024,,0.0,0.0,0.0,0.0,,99.143,2.0,1.303
8204,Vatican,VAT,2023,,,,,,,,,
8205,Venezuela,VEN,1989,75000.0,58.0,0.0,0.0,58.0,2.793597,90.833,2.0,0.154
8206,Venezuela,VEN,1990,75000.0,64.0,0.0,0.0,64.0,1.5180365,90.833,2.0,0.154
8207,Venezuela,VEN,1991,73000.0,30.0,0.0,0.0,30.0,1.8403354,90.833,2.0,0.154
8208,Venezuela,VEN,1992,75000.0,159.0,60.0,4.0,223.0,1.6434789,90.833,2.0,0.154
8209,Venezuela,VEN,1993,75000.0,63.0,0.0,0.0,63.0,2.145254,90.833,2.0,0.154
8210,Venezuela,VEN,1994,75000.0,37.0,127.0,0.0,164.0,1.590747,90.833,2.0,0.154
8211,Venezuela,VEN,1995,80000.0,26.0,0.0,0.0,26.0,1.5490621,90.833,2.0,0.154
8212,Venezuela,VEN,1996,79000.0,33.0,0.0,0.0,33.0,1.0394834,90.833,2.0,0.154
8213,Venezuela,VEN,1997,79000.0,0.0,0.0,30.0,30.0,1.795285,90.833,2.0,0.154
8214,Venezuela,VEN,1998,79000.0,31.0,0.0,8.0,39.0,1.5885552,90.833,2.0,-0.33
8215,Venezuela,VEN,1999,79000.0,40.0,0.0,0.0,40.0,1.437199,90.833,2.0,-0.33
8216,Venezuela,VEN,2000,79000.0,34.0,0.0,0.0,34.0,1.5265701,91.231,2.0,-0.33
8217,Venezuela,VEN,2001,105300.0,29.0,0.0,0.0,29.0,1.555108,91.231,2.0,-0.525
8218,Venezuela,VEN,2002,105300.0,4.0,0.0,1.0,5.0,1.1533736,91.231,1.0,-0.525
8219,Venezuela,VEN,2003,105300.0,26.0,0.0,0.0,26.0,1.1826906,91.231,1.0,-0.4
8220,Venezuela,VEN,2004,82000.0,31.0,0.0,0.0,31.0,1.2883018,91.231,1.0,-0.4
8221,Venezuela,VEN,2005,82000.0,30.0,0.0,1.0,31.0,1.8317137,91.231,1.0,-0.4
8222,Venezuela,VEN,2006,,0.0,0.0,0.0,0.0,1.9784921,91.231,1.0,-0.4
8223,Venezuela,VEN,2007,115000.0,0.0,0.0,2.0,2.0,1.8889931,91.231,1.0,-0.4
8224,Venezuela,VEN,2008,115000.0,27.0,0.0,0.0,27.0,1.7935529,91.231,1.0,-0.545
8225,Venezuela,VEN,2009,115000.0,27.0,0.0,0.0,27.0,1.2310704,91.231,1.0,-0.545
8226,Venezuela,VEN,2010,115000.0,0.0,0.0,3.0,3.0,1.0134887,90.615,1.0,-0.731
8227,Venezuela,VEN,2011,115000.0,0.0,0.0,0.0,0.0,1.1304053,90.615,1.0,-0.731
8228,Venezuela,VEN,2012,115000.0,1.0,24.0,0.0,25.0,1.3414717,90.308,1.0,-0.731
8229,Venezuela,VEN,2013,115000.0,0.0,0.0,0.0,0.0,1.6695518,90.308,1.0,-1.005
8230,Venezuela,VEN,2014,265000.0,44.0,0.0,0.0,44.0,1.1618168,88.6,1.0,-1.005
8231,Venezuela,VEN,2015,265000.0,32.0,0.0,0.0,32.0,0.9413759,87.1,1.0,-1.005
8232,Venezuela,VEN,2016,273000.0,60.0,0.0,0.0,60.0,0.454046,86.9,1.0,-1.005
8233,Venezuela,VEN,2017,343000.0,76.0,0.0,0.0,76.0,2.2333322,85.4,1.0,-2.016
8234,Venezuela,VEN,2018,343000.0,94.0,0.0,0.0,94.0,0.1508539,86.778,1.0,-2.004
8235,Venezuela,VEN,2019,343000.0,78.0,0.0,0.0,78.0,1.7923038,86.5,1.0,-2.383
8236,Venezuela,VEN,2020,343000.0,0.0,0.0,0.0,0.0,1.5755227,85.75,1.0,-2.735
8237,Venezuela,VEN,2021,,3.0,2.0,2.0,7.0,0.31363073,87.071,1.0,-2.04
8238,Venezuela,VEN,2022,,9.0,6.0,1.0,16.0,0.6498868,86.429,1.0,-2.267
8239,Venezuela,VEN,2023,,2.0,1.0,0.0,3.0,0.50070447,85.714,1.0,-2.267
8240,Venezuela,VEN,2024,,0.0,0.0,0.0,0.0,,87.5,1.0,-2.267
8241,Vietnam,VNM,1989,1250000.0,0.0,0.0,0.0,0.0,7.286513,97.5,1.0,-1.214
8242,Vietnam,VNM,1990,1050000.0,0.0,0.0,0.0,0.0,7.9108567,97.5,1.0,-1.214
8243,Vietnam,VNM,1991,1040000.0,0.0,0.0,0.0,0.0,5.595317,97.5,1.0,-1.214
8244,Vietnam,VNM,1992,857000.0,0.0,0.0,0.0,0.0,3.3745885,98.0,0.0,-1.214
8245,Vietnam,VNM,1993,857000.0,0.0,0.0,0.0,0.0,2.2586946,98.0,0.0,-1.214
8246,Vietnam,VNM,1994,700000.0,0.0,0.0,0.0,0.0,2.6493554,98.0,0.0,-1.214
8247,Vietnam,VNM,1995,622000.0,0.0,0.0,0.0,0.0,,98.0,0.0,-1.214
8248,Vietnam,VNM,1996,622000.0,0.0,0.0,0.0,0.0,,98.0,0.0,-1.214
8249,Vietnam,VNM,1997,557000.0,0.0,0.0,0.0,0.0,,98.0,0.0,-1.214
8250,Vietnam,VNM,1998,524000.0,0.0,0.0,0.0,0.0,,98.0,0.0,-1.214
8251,Vietnam,VNM,1999,524000.0,0.0,0.0,0.0,0.0,,98.0,0.0,-0.624
8252,Vietnam,VNM,2000,524000.0,0.0,0.0,0.0,0.0,,98.0,0.0,-0.624
8253,Vietnam,VNM,2001,524000.0,0.0,0.0,0.0,0.0,,98.0,0.0,-0.624
8254,Vietnam,VNM,2002,524000.0,0.0,0.0,0.0,0.0,,98.0,1.0,-0.624
8255,Vietnam,VNM,2003,524000.0,0.0,0.0,0.0,0.0,2.1286411,98.0,1.0,-0.624
8256,Vietnam,VNM,2004,,0.0,0.0,0.0,0.0,2.0143797,98.0,1.0,-0.624
8257,Vietnam,VNM,2005,495000.0,0.0,0.0,0.0,0.0,1.7809609,95.0,1.0,-0.539
8258,Vietnam,VNM,2006,495000.0,0.0,0.0,0.0,0.0,1.9383646,95.0,1.0,-0.614
8259,Vietnam,VNM,2007,495000.0,0.0,0.0,0.0,0.0,2.3047574,95.0,1.0,-0.614
8260,Vietnam,VNM,2008,495000.0,0.0,0.0,0.0,0.0,2.156373,95.0,1.0,-0.614
8261,Vietnam,VNM,2009,495000.0,0.0,0.0,0.0,0.0,2.2652085,95.0,1.0,-0.614
8262,Vietnam,VNM,2010,522000.0,0.0,0.0,0.0,0.0,1.8153958,95.0,1.0,-0.614
8263,Vietnam,VNM,2011,522000.0,0.0,0.0,0.0,0.0,1.5565494,95.0,1.0,-0.614
8264,Vietnam,VNM,2012,522000.0,0.0,0.0,0.0,0.0,1.7183132,95.0,1.0,-0.614
8265,Vietnam,VNM,2013,522000.0,0.0,0.0,0.0,0.0,1.744077,93.0,1.0,-0.448
8266,Vietnam,VNM,2014,522000.0,0.0,0.0,0.0,0.0,1.8229578,93.0,1.0,-0.448
8267,Vietnam,VNM,2015,522000.0,0.0,0.0,0.0,0.0,1.9070281,93.0,1.0,-0.448
8268,Vietnam,VNM,2016,522000.0,0.0,0.0,0.0,0.0,1.9505618,93.0,1.0,-0.327
8269,Vietnam,VNM,2017,522000.0,0.0,0.0,0.0,0.0,1.8038723,93.0,1.0,-0.327
8270,Vietnam,VNM,2018,522000.0,0.0,0.0,0.0,0.0,1.8065013,99.0,1.0,-0.327
8271,Vietnam,VNM,2019,522000.0,0.0,0.0,0.0,0.0,,99.0,1.0,-0.494
8272,Vietnam,VNM,2020,522000.0,0.0,0.0,0.0,0.0,,98.2,1.0,-0.627
8273,Vietnam,VNM,2021,,0.0,0.0,0.0,0.0,,99.8,0.0,-0.627
8274,Vietnam,VNM,2022,,0.0,0.0,0.0,0.0,,97.6,0.0,-0.897
8275,Vietnam,VNM,2023,,0.0,0.0,0.0,0.0,,99.4,0.0,-0.908
8276,Vietnam,VNM,2024,,0.0,0.0,0.0,0.0,,98.8,0.0,-0.651
8422,Yemen,YEM,1989,62000.0,0.0,0.0,0.0,0.0,,,,
8423,Yemen,YEM,1990,127000.0,0.0,0.0,0.0,0.0,6.5511837,,,
8424,Yemen,YEM,1991,127000.0,0.0,0.0,0.0,0.0,7.011219,71.0,1.0,-1.781
8425,Yemen,YEM,1992,64000.0,0.0,0.0,0.0,0.0,7.2770433,71.0,1.0,-1.781
8426,Yemen,YEM,1993,64000.0,0.0,0.0,0.0,0.0,7.06392,71.0,1.0,-1.781
8427,Yemen,YEM,1994,69000.0,308.0,595.0,586.0,1489.0,8.39876,71.0,1.0,-1.781
8428,Yemen,YEM,1995,69500.0,0.0,0.0,0.0,0.0,6.3505783,73.8,1.0,-2.31
8429,Yemen,YEM,1996,112000.0,0.0,0.0,0.0,0.0,5.281346,73.8,1.0,-2.31
8430,Yemen,YEM,1997,146300.0,0.0,0.0,0.0,0.0,5.8057523,73.8,1.0,-2.31
8431,Yemen,YEM,1998,136300.0,0.0,0.0,0.0,0.0,6.0815687,73.8,1.0,-2.31
8432,Yemen,YEM,1999,136300.0,0.0,0.0,0.0,0.0,5.1727223,73.8,1.0,-2.31
8433,Yemen,YEM,2000,136300.0,0.0,0.0,0.0,0.0,4.9153924,73.8,1.0,-2.31
8434,Yemen,YEM,2001,124000.0,0.0,0.0,0.0,0.0,5.4810147,73.8,1.0,-2.31
8435,Yemen,YEM,2002,136500.0,1.0,0.0,1.0,2.0,6.895608,73.8,1.0,-1.957
8436,Yemen,YEM,2003,136700.0,0.0,0.0,0.0,0.0,6.8545523,73.8,1.0,-1.957
8437,Yemen,YEM,2004,136000.0,0.0,0.0,29.0,29.0,5.3013663,72.769,1.0,-1.957
8438,Yemen,YEM,2005,138000.0,0.0,0.0,0.0,0.0,4.868317,72.769,1.0,-1.957
8439,Yemen,YEM,2006,138000.0,0.0,0.0,0.0,0.0,4.308467,73.308,1.0,-1.957
8440,Yemen,YEM,2007,138000.0,0.0,0.0,0.0,0.0,4.8507233,72.308,1.0,-1.957
8441,Yemen,YEM,2008,138000.0,7.0,7.0,7.0,21.0,4.4458294,72.308,1.0,-1.957
8442,Yemen,YEM,2009,137900.0,41.0,0.0,53.0,94.0,5.653649,71.538,1.0,-1.957
8443,Yemen,YEM,2010,137900.0,3.0,23.0,175.0,201.0,4.6855574,71.077,1.0,-1.957
8444,Yemen,YEM,2011,137900.0,167.0,184.0,1076.0,1427.0,4.9264617,65.538,1.0,-2.133
8445,Yemen,YEM,2012,137900.0,45.0,149.0,2252.0,2446.0,4.573884,65.077,1.0,-1.725
8446,Yemen,YEM,2013,137900.0,35.0,63.0,480.0,578.0,4.079527,65.727,1.0,-1.791
8447,Yemen,YEM,2014,20000.0,83.0,390.0,1891.0,2364.0,3.9668906,61.091,1.0,-2.001
8448,Yemen,YEM,2015,20000.0,2282.0,1739.0,4081.0,8102.0,,47.545,1.0,-2.516
8449,Yemen,YEM,2016,20000.0,854.0,654.0,2513.0,4021.0,,44.727,0.0,-2.516
8450,Yemen,YEM,2017,40000.0,836.0,390.0,2371.0,3597.0,,44.455,0.0,-1.858
8451,Yemen,YEM,2018,20000.0,726.0,1287.0,2969.0,4982.0,,46.6,0.0,-1.858
8452,Yemen,YEM,2019,40000.0,657.0,405.0,1863.0,2925.0,,49.3,0.0,-2.124
8453,Yemen,YEM,2020,40000.0,693.0,970.0,5070.0,6733.0,,53.5,0.0,-2.124
8454,Yemen,YEM,2021,,707.0,689.0,22045.0,23441.0,,50.95,0.0,-2.77
8455,Yemen,YEM,2022,,767.0,69.0,2340.0,3176.0,,50.6,0.0,-2.598
8456,Yemen,YEM,2023,,288.0,14.0,600.0,902.0,,52.778,0.0,-3.069
8457,Yemen,YEM,2024,,151.0,186.0,643.0,980.0,,52.778,0.0,-3.069
8533,Zambia,ZMB,1989,17000.0,86.0,0.0,0.0,86.0,4.1952696,98.5,1.0,0.862
8534,Zambia,ZMB,1990,16000.0,40.0,0.0,0.0,40.0,3.4108253,98.5,1.0,0.862
8535,Zambia,ZMB,1991,16000.0,0.0,0.0,0.0,0.0,2.337446,98.5,1.0,1.359
8536,Zambia,ZMB,1992,16000.0,0.0,0.0,0.0,0.0,2.7050498,98.5,1.0,1.627
8537,Zambia,ZMB,1993,16000.0,1.0,0.0,0.0,1.0,1.4293983,98.5,1.0,1.627
8538,Zambia,ZMB,1994,16000.0,0.0,0.0,0.0,0.0,1.7192453,98.5,1.0,1.627
8539,Zambia,ZMB,1995,23000.0,0.0,0.0,0.0,0.0,1.4516884,98.5,1.0,1.627
8540,Zambia,ZMB,1996,23000.0,0.0,0.0,0.0,0.0,1.0518095,98.5,1.0,1.627
8541,Zambia,ZMB,1997,23000.0,0.0,0.0,0.0,0.0,1.007661,98.5,1.0,1.627
8542,Zambia,ZMB,1998,23000.0,0.0,0.0,0.0,0.0,,98.5,1.0,1.627
8543,Zambia,ZMB,1999,23000.0,0.0,0.0,0.0,0.0,1.6483184,98.5,1.0,1.627
8544,Zambia,ZMB,2000,23000.0,1.0,0.0,0.0,1.0,,98.5,1.0,1.627
8545,Zambia,ZMB,2001,23000.0,0.0,0.0,0.0,0.0,,98.5,1.0,1.627
8546,Zambia,ZMB,2002,23000.0,36.0,0.0,0.0,36.0,,98.5,1.0,1.627
8547,Zambia,ZMB,2003,19500.0,0.0,0.0,0.0,0.0,,98.5,1.0,1.627
8548,Zambia,ZMB,2004,16000.0,0.0,0.0,0.0,0.0,1.5808996,98.5,1.0,1.627
8549,Zambia,ZMB,2005,16000.0,0.0,0.0,0.0,0.0,1.8483229,92.111,1.0,0.807
8550,Zambia,ZMB,2006,16000.0,0.0,0.0,0.0,0.0,1.7439455,92.111,2.0,0.807
8551,Zambia,ZMB,2007,16000.0,0.0,0.0,0.0,0.0,2.063707,92.111,2.0,0.807
8552,Zambia,ZMB,2008,16000.0,0.0,0.0,0.0,0.0,2.080088,92.111,2.0,0.807
8553,Zambia,ZMB,2009,16500.0,0.0,0.0,0.0,0.0,1.7316352,92.111,2.0,0.807
8554,Zambia,ZMB,2010,16500.0,0.0,0.0,0.0,0.0,1.3825928,96.9,2.0,0.951
8555,Zambia,ZMB,2011,16500.0,0.0,0.0,0.0,0.0,1.3176391,96.9,2.0,0.951
8556,Zambia,ZMB,2012,16500.0,0.0,0.0,0.0,0.0,1.3578689,96.9,2.0,0.951
8557,Zambia,ZMB,2013,16500.0,0.0,0.0,0.0,0.0,1.3597363,97.222,1.0,0.404
8558,Zambia,ZMB,2014,16500.0,0.0,0.0,0.0,0.0,1.6338689,97.222,1.0,0.404
8559,Zambia,ZMB,2015,16500.0,0.0,0.0,0.0,0.0,1.7532345,97.222,1.0,0.404
8560,Zambia,ZMB,2016,16500.0,0.0,0.0,0.0,0.0,1.4293047,95.875,1.0,-0.228
8561,Zambia,ZMB,2017,16000.0,0.0,0.0,0.0,0.0,1.3013675,97.429,1.0,0.23
8562,Zambia,ZMB,2018,16100.0,0.0,0.0,0.0,0.0,1.4374994,97.571,1.0,0.23
8563,Zambia,ZMB,2019,16000.0,0.0,0.0,0.0,0.0,1.255684,97.571,1.0,0.23
8564,Zambia,ZMB,2020,16000.0,0.0,0.0,0.0,0.0,1.1657219,96.0,1.0,0.23
8565,Zambia,ZMB,2021,,0.0,0.0,0.0,0.0,0.9822379,96.0,1.0,0.108
8566,Zambia,ZMB,2022,,0.0,0.0,0.0,0.0,1.116548,96.0,2.0,0.892
8567,Zambia,ZMB,2023,,0.0,0.0,0.0,0.0,1.3387904,96.0,2.0,0.892
8568,Zambia,ZMB,2024,,0.0,0.0,0.0,0.0,1.3326836,96.0,2.0,0.628
8605,Zimbabwe,ZWE,1989,51000.0,37.0,0.0,0.0,37.0,4.9310308,99.727,1.0,0.349
8606,Zimbabwe,ZWE,1990,45000.0,14.0,0.0,0.0,14.0,4.103904,99.727,1.0,0.349
8607,Zimbabwe,ZWE,1991,45000.0,0.0,0.0,0.0,0.0,3.979365,99.727,1.0,0.349
8608,Zimbabwe,ZWE,1992,48000.0,0.0,0.0,0.0,0.0,3.8027718,99.727,1.0,0.349
8609,Zimbabwe,ZWE,1993,48000.0,0.0,0.0,0.0,0.0,3.300304,99.727,1.0,0.349
8610,Zimbabwe,ZWE,1994,43000.0,0.0,0.0,0.0,0.0,3.114713,99.727,1.0,0.349
8611,Zimbabwe,ZWE,1995,67800.0,0.0,0.0,0.0,0.0,3.181653,99.727,1.0,0.349
8612,Zimbabwe,ZWE,1996,64800.0,0.0,0.0,0.0,0.0,2.8827715,99.727,1.0,0.349
8613,Zimbabwe,ZWE,1997,60800.0,0.0,0.0,0.0,0.0,2.998267,99.727,1.0,0.349
8614,Zimbabwe,ZWE,1998,60800.0,0.0,0.0,0.0,0.0,,99.727,1.0,0.349
8615,Zimbabwe,ZWE,1999,60800.0,0.0,0.0,0.0,0.0,2.2380831,99.727,1.0,0.349
8616,Zimbabwe,ZWE,2000,61800.0,0.0,0.0,0.0,0.0,3.0537918,99.727,1.0,-0.405
8617,Zimbabwe,ZWE,2001,60800.0,0.0,0.0,0.0,0.0,2.5498044,99.727,1.0,-1.625
8618,Zimbabwe,ZWE,2002,57800.0,0.0,0.0,0.0,0.0,6.3064737,99.727,1.0,-1.625
8619,Zimbabwe,ZWE,2003,50800.0,0.0,0.0,0.0,0.0,2.0346773,99.727,1.0,-1.625
8620,Zimbabwe,ZWE,2004,50000.0,0.0,0.0,0.0,0.0,2.705758,99.727,1.0,-1.625
8621,Zimbabwe,ZWE,2005,51000.0,0.0,0.0,0.0,0.0,1.4525757,99.727,1.0,-1.625
8622,Zimbabwe,ZWE,2006,51000.0,0.0,0.0,0.0,0.0,1.9862424,99.727,1.0,-1.625
8623,Zimbabwe,ZWE,2007,51000.0,0.0,0.0,0.0,0.0,,99.727,1.0,-1.625
8624,Zimbabwe,ZWE,2008,51000.0,253.0,0.0,0.0,253.0,,99.727,1.0,-1.625
8625,Zimbabwe,ZWE,2009,50800.0,0.0,0.0,0.0,0.0,,99.727,1.0,-0.946
8626,Zimbabwe,ZWE,2010,50800.0,0.0,0.0,0.0,0.0,0.81625146,99.727,1.0,-0.256
8627,Zimbabwe,ZWE,2011,50800.0,0.0,0.0,0.0,0.0,1.4071621,99.727,1.0,-0.256
8628,Zimbabwe,ZWE,2012,50800.0,0.0,0.0,0.0,0.0,1.8594999,99.727,1.0,-0.256
8629,Zimbabwe,ZWE,2013,50800.0,0.0,0.0,0.0,0.0,1.8682239,99.4,1.0,-0.523
8630,Zimbabwe,ZWE,2014,50800.0,0.0,0.0,0.0,0.0,1.8877891,99.4,1.0,-1.28
8631,Zimbabwe,ZWE,2015,50800.0,0.0,0.0,0.0,0.0,1.8863088,99.4,1.0,-1.28
8632,Zimbabwe,ZWE,2016,50800.0,0.0,0.0,0.0,0.0,1.7419848,99.4,1.0,-1.547
8633,Zimbabwe,ZWE,2017,51000.0,0.0,0.0,0.0,0.0,1.4725674,99.4,1.0,-1.637
8634,Zimbabwe,ZWE,2018,51000.0,0.0,0.0,0.0,0.0,1.1794174,99.4,1.0,-1.209
8635,Zimbabwe,ZWE,2019,51000.0,0.0,0.0,0.0,0.0,0.6531239,99.625,1.0,-1.855
8636,Zimbabwe,ZWE,2020,51000.0,0.0,0.0,0.0,0.0,0.9749893,100.0,1.0,-1.085
8637,Zimbabwe,ZWE,2021,,0.0,0.0,0.0,0.0,1.5677787,99.286,1.0,-1.342
8638,Zimbabwe,ZWE,2022,,0.0,0.0,0.0,0.0,0.9949881,99.286,1.0,-1.475
8639,Zimbabwe,ZWE,2023,,0.0,0.0,0.0,0.0,0.20979358,99.286,1.0,-1.406
8640,Zimbabwe,ZWE,2024,,0.0,0.0,0.0,0.0,0.351195,99.286,1.0,-1.218
